KPI_Year,NSO_ZON_name,NSO_DON_name,country,iso3,DON_Code,Population,GDP,Poverty,GNIPC,LifeExp,ChildMortality,Literacy,UrbPop,MaternalMortality,KPI_GB_age,KPI_GB_sex,KPI_GB_Tot,KPI_noLocalUnits,KPI_noBranches,KPI_PeopleVol_Tot_M,KPI_PeopleVol_Tot_F,KPI_PeopleVol_Tot_OtherSex,KPI_PeopleVol_Tot_UnknownSex,KPI_PeopleVol_Tot,KPI_PStaff_Tot_M,KPI_PStaff_Tot_F,KPI_PStaff_Tot_OtherSex,KPI_PStaff_Tot_UnknownSex,KPI_PStaff_Tot,KPI_IncomeLC_CHF,KPI_IncomeLC,KPI_expenditureLC_CHF,KPI_expenditureLC,ind_CHF,ind,corp_CHF,corp,found_CHF,found,un_CHF,un,pooled_f_CHF,pooled_f,ngo_CHF,ngo,si_CHF,si,iga_CHF,iga,KPI_incomeFromNSsLC_CHF,KPI_incomeFromNSsLC,ifrc_CHF,ifrc,icrc_CHF,icrc,other_CHF,other,KPI_TrainFA_Tot,KPI_TrainFA_Tot_F,KPI_TrainFA_Tot_UnknownSex,KPI_TrainFA_Tot_M,KPI_ReachDRER_D_Tot,KPI_ReachDRR_D_Tot,KPI_ReachDRR_CPD,KPI_ReachWASH_CPD,KPI_ReachRCRCEd_CPD_Public,KPI_ReachRCRCEd_D_Public,KPI_ReachRCRCEd_D_IP,KPI_ClimateHeat_I_Public,KPI_Climate_CPD_Public
2012,Europe and Central Asia,Andorran Red Cross,Andorra,AND,DAD001,71013.0,3188653258.61,,,,4.1,,88.631,,,,,1.0,,,,,,145.0,,,,,17.0,1010565.0,836748.0,938278.0,776894.0,,,,,,,,,,,,,,,,,0.0,,,,,,,,,,,,0.0,,,,,,,,
2013,Europe and Central Asia,Andorran Red Cross,Andorra,AND,DAD001,71367.0,3193513470.4394,,,,3.9,,88.537,,,,,1.0,,85.0,60.0,,,145.0,13.0,4.0,,,17.0,1017282.0,829797.0,955249.0,779197.0,,,,,,,,,,,,,,,,,0.0,,,,,,,,,,,,0.0,,,,,,,,
2014,Europe and Central Asia,Andorran Red Cross,Andorra,AND,DAD001,71621.0,3271686452.4769,,,,3.7,,88.441,,,,,1.0,,75.0,50.0,,,125.0,12.0,4.0,,,16.0,993363.0,825697.0,972185.0,808094.0,,,,,,,,,,,,,,,,,0.0,,,,,,,,,,,,0.0,,,,,,,,
2015,Europe and Central Asia,Andorran Red Cross,Andorra,AND,DAD001,71746.0,2789882569.1005,,,,3.5,,88.345,,,,,1.0,,80.0,63.0,,,143.0,13.0,4.0,,,17.0,930102.0,857695.0,913328.0,842227.0,,,,,,,,,,,,,,,,,0.0,,,,,,,,,,,,,,,,,,,,
2016,Europe and Central Asia,Andorran Red Cross,Andorra,AND,,72540.0,2896611878.6258,,,,3.4,,88.248,,,,,1.0,,77.0,72.0,,,149.0,16.0,7.0,,,23.0,2029149.0,1892810.0,951104.0,887199.0,,,,,,,,,,,,,556192.0,518821.0,1235637.0,1152614.0,,,,,,,,,2257.0,902.0,,1355.0,0.0,0.0,0.0,101.0,,,,,
2017,Europe and Central Asia,Andorran Red Cross,Andorra,AND,,73837.0,3000160414.638,,,,3.2,,88.15,,1.0,1.0,11.0,1.0,,74.0,87.0,,0.0,161.0,19.0,4.0,,0.0,23.0,1377769.0,1177956.0,1245525.0,1064891.0,121669.0,104024.0,142156.0,121540.0,0.0,0.0,0.0,0.0,0.0,0.0,0.0,0.0,802480.0,686099.0,50404.0,43094.0,0.0,0.0,0.0,0.0,0.0,0.0,0.0,0.0,2346.0,,,,0.0,661.0,661.0,0.0,,,,,
2018,Europe and Central Asia,Andorran Red Cross,Andorra,AND,,75013.0,3218418631.6758,,,,3.1,,88.062,,1.0,1.0,9.0,1.0,,67.0,90.0,,0.0,157.0,16.0,4.0,,0.0,20.0,1177623.0,1044983.0,1379745.0,1224340.0,142916.0,126819.0,70645.0,62688.0,0.0,0.0,0.0,0.0,0.0,0.0,0.0,0.0,679551.0,603011.0,51758.0,45928.0,0.0,0.0,0.0,0.0,0.0,0.0,0.0,0.0,2901.0,,,,0.0,723.0,723.0,,,,,,
2019,Europe and Central Asia,Andorran Red Cross,Andorra,AND,,76343.0,3155150255.912,,46530.0,,3.0,,87.984,,,,11.0,1.0,,79.0,103.0,,,182.0,20.0,6.0,,,26.0,1206996.0,1107425.0,1257637.0,1153889.0,15586.0,14300.0,31517.0,28917.0,0.0,0.0,0.0,0.0,0.0,0.0,0.0,0.0,632488.0,580311.0,58414.0,53595.0,0.0,0.0,0.0,0.0,0.0,0.0,226594.0,207901.0,2964.0,,2964.0,,,,,,,,,,
2020,Europe and Central Asia,Andorran Red Cross,Andorra,AND,,77700.0,2891002460.2915,,42280.0,,2.8,,87.916,,,,11.0,1.0,,209.0,404.0,,,613.0,20.0,6.0,,,26.0,1799903.0,1668632.0,1763116.0,1634528.0,45109.0,41819.0,158920.0,147330.0,,,,,,,,,582185.0,539725.0,47790.0,44305.0,,,,,,,585338.0,542648.0,2126.0,,2126.0,,,,,,,,,,
2021,Europe and Central Asia,Andorran Red Cross,Andorra,AND,,79034.0,3325143693.2871,,44350.0,,2.8,,87.858,,1.0,1.0,12.0,1.0,,,,,,570.0,42.0,50.0,,,92.0,2621483.0,2440378.0,2319042.0,2158831.0,136445.0,127019.0,33920.0,31577.0,,,,,,,,,881028.0,820162.0,69098.0,64324.0,,,,,,,415184.0,386501.0,3508.0,,,,,,,,,,,,
2022,Europe and Central Asia,Andorran Red Cross,Andorra,AND,,79824.0,3352031094.2291,,,,,,87.811,,1.0,1.0,12.0,1.0,,143.0,175.0,,,318.0,25.0,26.0,,,51.0,2684166.0,2600674.0,2595220.0,2514495.0,180493.0,174879.0,65860.0,63811.0,,,,,,,,,1256879.0,1217783.0,53324.0,51665.0,,,,,,,450024.0,436026.0,3582.0,,,,,,,,,,,,
2023,Europe and Central Asia,Andorran Red Cross,Andorra,AND,,,,,,,,,,,0.0,1.0,10.0,1.0,1.0,143.0,175.0,0.0,0.0,318.0,20.0,38.0,0.0,0.0,58.0,2287843.0,2459774.0,2150182.0,2311768.0,85628.0,92063.0,92320.0,99258.0,2930.0,3150.0,0.0,0.0,0.0,0.0,0.0,0.0,1380025.0,1483733.0,60505.0,65052.0,0.0,0.0,0.0,0.0,0.0,0.0,447061.0,480658.0,3141.0,,,,,,,,,,,,
2024,Europe and Central Asia,Andorran Red Cross,Andorra,AND,,,,,,,,,,,0.0,1.0,9.0,1.0,1.0,161.0,252.0,,,413.0,24.0,52.0,,,76.0,3134370.0,3331037.0,2672062.0,2839721.0,403068.0,428359.0,49491.0,52596.0,,,,,,,,,1844420.0,1960149.0,502360.0,533881.0,,,,,,,67835.0,72091.0,3162.0,,,,,,,,,,,,
2010,Middle East and North Africa,Red Crescent Society of the United Arab Emirates,United Arab Emirates,ARE,DAE001,8481771.0,300189052694.029,,34050.0,78.334,8.7,,84.087,9.0,,,,11.0,,,,,,,,,,,619.0,65276023.0,252096000.0,44148110.0,170500000.0,,,,,,,,,,,,,,,,,0.0,,,,,,,,,,,,,,,,,,,,
2012,Middle East and North Africa,Red Crescent Society of the United Arab Emirates,United Arab Emirates,ARE,DAE001,8664969.0,384610125384.033,,41810.0,78.716,8.2,,84.749,9.0,,,,11.0,,,,,,,,,,,,178115286.0,715809710.0,170266330.0,684266327.0,,,,,,,,,,,,,,,,,0.0,,,,,,,,,,,,,,,,,,,,
2013,Middle East and North Africa,Red Crescent Society of the United Arab Emirates,United Arab Emirates,ARE,DAE001,8751847.0,400218529747.597,,45850.0,78.853,8.0,,85.066,9.0,,,,11.0,,,,,,3325.0,,,,,,235038764.0,967537069.0,198075519.0,815377871.0,,,,,,,,,,,,,,,,,0.0,,,,,,,,,,,,,,,,,,,,
2014,Middle East and North Africa,Red Crescent Society of the United Arab Emirates,United Arab Emirates,ARE,DAE001,8835951.0,414105366758.911,,47420.0,79.044,7.8,,85.375,9.0,,,,10.0,,,,,,2360.0,,,,,,283409181.0,1054018584.0,255100104.0,948735144.0,,,,,,,,,,,,,,,,,0.0,,,,,,,,,,,,,,,,,,,,
2015,Middle East and North Africa,Red Crescent Society of the United Arab Emirates,United Arab Emirates,ARE,DAE001,8916899.0,370275469560.166,,46270.0,79.223,7.6,,85.674,9.0,,,,10.0,,,,,,3255.0,,,,,,326871264.0,1213032335.0,212883332.0,790018560.0,,,,,,,,,,,,,,,,,0.0,,,,,,,,,,,,,,,,,,,,
2016,Middle East and North Africa,Red Crescent Society of the United Arab Emirates,United Arab Emirates,ARE,,8994263.0,369255326235.771,,44460.0,79.335,7.4,,85.965,8.0,,,,19.0,,,,,,,,,,,,,,,,,,,,,,,,,,,,,,,,,,,,,,,,,,,,,,,,,,,,
2017,Middle East and North Africa,Red Crescent Society of the United Arab Emirates,United Arab Emirates,ARE,,9068296.0,390516804016.501,,42090.0,79.504,7.2,,86.248,9.0,0.0,0.0,,19.0,,,,,,,,,,,,,,,,,,,,,,,,,,,,,,,,,,,,,,,,,,,,,,,,,,,,
2018,Middle East and North Africa,Red Crescent Society of the United Arab Emirates,United Arab Emirates,ARE,,9140169.0,427049432149.345,,44350.0,79.627,7.0,,86.522,9.0,0.0,0.0,13.0,12.0,,,,,,,,,,,,,,,,,,,,,,,,,,,,,,,,,,,,,,,,,,,,,,,,,,,,
2019,Middle East and North Africa,Red Crescent Society of the United Arab Emirates,United Arab Emirates,ARE,,9211657.0,417989721734.494,,46210.0,79.726,6.8,97.78,86.789,9.0,,,16.0,11.0,,,,,,,,,,,,,,,,,,,,,,,,,,,,,,,,,,,,,,,,,,,,,,,,,,,,
2020,Middle East and North Africa,Red Crescent Society of the United Arab Emirates,United Arab Emirates,ARE,,9287289.0,349473015336.939,,41600.0,78.946,6.6,,87.048,9.0,,,13.0,11.0,,,,,45463.0,45463.0,,,,,,,,,,,,,,,,,,,,,,,,,,,,,,,,,,,,,,,,,,,,,,
2021,Middle East and North Africa,Red Crescent Society of the United Arab Emirates,United Arab Emirates,ARE,,9365145.0,415178792769.884,,43590.0,78.71,6.4,98.13,87.299,,,,,,,,,,,,,,,,,,,,,,,,,,,,,,,,,,,,,,,,,,,,,,,,,,,,,,,,,
2022,Middle East and North Africa,Red Crescent Society of the United Arab Emirates,United Arab Emirates,ARE,,9441129.0,507063968273.313,,49160.0,,,98.29,87.543,,,,,,,,,,,,,,,,,,,,,,,,,,,,,,,,,,,,,,,,,,,,,,,,,,,,,,,,,
2023,Middle East and North Africa,Red Crescent Society of the United Arab Emirates,United Arab Emirates,ARE,,,,,,,,,,,,,,,,,,,,,,,,,,,,,,,,,,,,,,,,,,,,,,,,,,,,,,,,,,,,,,,,,,
2024,Middle East and North Africa,Red Crescent Society of the United Arab Emirates,United Arab Emirates,ARE,,,,,,,,,,,,,,,,,,,,,,,,,,,,,,,,,,,,,,,,,,,,,,,,,,,,,,,,,,,,,,,,,,
2011,Asia Pacific,Afghan Red Crescent,Afghanistan,AFG,DAF001,29249157.0,17805098367.2952,38.3,550.0,61.419,84.0,31.45,23.948,884.0,,,,41.0,,,,,,,1323.0,243.0,,,1566.0,9195455.0,480000000.0,9578599.0,500000000.0,,,,,,,,,,,,,,,,,0.0,,,,,,,,,,,,838.0,,,,,,,,
2012,Asia Pacific,Afghan Red Crescent,Afghanistan,AFG,DAF001,30466479.0,19907329905.9776,,640.0,61.923,80.3,,24.16,833.0,,,,41.0,,19125.0,3375.0,,,22500.0,,,,,1687.0,12161920.0,691742053.0,9721594.0,552941892.0,,,,,,,,,,,,,,,,,0.0,,,,,,,,,,,,1545701.0,,,,,,,,
2013,Asia Pacific,Afghan Red Crescent,Afghanistan,AFG,DAF001,31541209.0,20146416876.3886,,670.0,62.417,76.8,,24.373,821.0,,,,41.0,,20500.0,2940.0,,,23440.0,1297.0,420.0,,,1717.0,13104183.0,825594989.0,11668635.0,735152011.0,,,,,,,,,,,,,,,,,2363622.0,148913865.0,,,,,,,,,,,33383.0,,,,,,,,
2014,Asia Pacific,Afghan Red Crescent,Afghanistan,AFG,DAF001,32716210.0,20497128600.3363,,640.0,62.545,73.4,,24.587,785.0,,,,41.0,,,,,,23440.0,,,,,1800.0,22102616.0,1305656792.0,21379204.0,1262922995.0,,,,,,,,,,,,,,,,,0.0,,,,,,,,,,,,,,,,,,,,
2015,Asia Pacific,Afghan Red Crescent,Afghanistan,AFG,DAF001,33753499.0,19134221744.5294,,600.0,62.659,70.2,,24.803,776.0,,,,41.0,,21048.0,8106.0,,,29154.0,1428.0,612.0,,,2040.0,10882804.0,751535999.0,10705976.0,739324774.0,,,,,,,,,,,,,,,,,2992255.0,206636776.0,,,,,,,,,,,,,,,,,,,
2016,Asia Pacific,Afghan Red Crescent,Afghanistan,AFG,,34636207.0,18116572399.1298,54.5,560.0,63.136,67.2,,25.02,750.0,,,,58.0,,23090.0,5865.0,,,28955.0,2027.0,220.0,,,2247.0,19944293.0,1293236500.0,20542103.0,1331999906.0,,,,,,,223801.0,14511795.0,,,,,,,3154493.0,204544975.0,516401.0,33484667.0,3368168.0,218400180.0,1289576.0,83619245.0,,,4020.0,1160.0,,2860.0,66458.0,0.0,0.0,0.0,,,,,
2017,Asia Pacific,Afghan Red Crescent,Afghanistan,AFG,,35643418.0,18753456506.5708,,530.0,63.016,64.6,,25.25,682.0,1.0,1.0,13.0,58.0,,23072.0,5865.0,,0.0,28937.0,1649.0,310.0,,,1959.0,17511110.0,1212428888.0,17111022.0,1184727692.0,,,,,,,,,,,,,,,,,,,,,,,,,1400.0,601.0,0.0,799.0,61054.0,,,,,,,,
2018,Asia Pacific,Afghan Red Crescent,Afghanistan,AFG,,36686784.0,18053222734.8881,,520.0,63.081,62.2,,25.495,663.0,0.0,1.0,15.0,122.0,,23107.0,8309.0,,,31416.0,1817.0,378.0,,,2195.0,18033703.0,1366500182.0,18472487.0,1399748961.0,548330.0,41549560.0,9015925.0,683179883.0,,,86548.0,6558184.0,,,21407.0,1622115.0,321637.0,24371983.0,287689.0,21799550.0,1910728.0,144785024.0,1442064.0,109272085.0,511053.0,38724940.0,1557364.0,118008970.0,1020.0,580.0,,440.0,50494.0,625.0,625.0,,,,,,
2019,Asia Pacific,Afghan Red Crescent,Afghanistan,AFG,,37769499.0,18799444414.5998,,520.0,63.565,59.9,,25.754,644.0,,,15.0,122.0,,23107.0,8309.0,,,31416.0,1638.0,328.0,,,1966.0,16228308.0,1297330567.0,15252194.0,1219297599.0,9474572.0,757420381.0,,,,,185896.0,14861012.0,,,,,1417006.0,113278952.0,343621.0,27469894.0,1959199.0,156623114.0,672276.0,53743410.0,840189.0,67166761.0,404879.0,32367041.0,760.0,340.0,,420.0,380154.0,,,,,,,,
2020,Asia Pacific,Afghan Red Crescent,Afghanistan,AFG,,38972230.0,19955929060.841,,490.0,62.575,57.8,,26.026,620.0,,,14.0,122.0,,20518.0,11082.0,,,31600.0,1862.0,431.0,,,2293.0,17509554.0,1519794634.0,16509121.0,1432958988.0,7766591.0,674124745.0,,,63308.0,5495000.0,154953.0,13449599.0,,,,,33557.0,2912680.0,1679568.0,145783167.0,2438376.0,211646235.0,3498661.0,303676891.0,485705.0,42158261.0,14845.0,1288502.0,2954.0,959.0,,1995.0,393077.0,,,120000.0,,,,,
2021,Asia Pacific,Afghan Red Crescent,Afghanistan,AFG,,40099462.0,14266499429.8746,,380.0,61.982,55.7,37.27,26.314,,0.0,0.0,0.0,122.0,,22320.0,7412.0,,,29732.0,1909.0,400.0,,,2309.0,11140953.0,1226436961.0,11566527.0,1273285669.0,5037966.0,554597756.0,,,,,71202.0,7838173.0,,,,,1155003.0,127146999.0,45251.0,4981402.0,1561224.0,171865284.0,2369331.0,260824609.0,849189.0,93481851.0,,,3182.0,1093.0,,2089.0,347833.0,,,,,,,,
2022,Asia Pacific,Afghan Red Crescent,Afghanistan,AFG,,41128771.0,,,,,,,26.616,,0.0,0.0,0.0,122.0,,17354.0,6702.0,,,24056.0,3127.0,782.0,,,3909.0,22720988.0,2116336448.0,21541408.0,2006465009.0,12442284.0,1158931057.0,,,,,,,,,215324.0,20056271.0,254466.0,23702117.0,1804016.0,168034321.0,3211490.0,299132833.0,2902464.0,270348747.0,1137146.0,105918930.0,,,73.0,35.0,,38.0,2048776.0,,,63003.0,,,,,
2023,Asia Pacific,Afghan Red Crescent,Afghanistan,AFG,,,,,,,,,,,0.0,0.0,0.0,329.0,34.0,14372.0,12196.0,,,26568.0,,,,,4006.0,35500403.0,2943160614.0,31184908.0,2585384492.0,317145.0,26292936.0,,,,,,,,,,,18627149.0,1544283618.0,,,10111689.0,838309451.0,4741386.0,393084580.0,1703034.0,141190028.0,,,6754.0,3377.0,,3377.0,71059.0,110386.0,110386.0,262223.0,,,,,
2024,Asia Pacific,Afghan Red Crescent,Afghanistan,AFG,,,,,,,,,,,0.0,0.0,0.0,329.0,34.0,22046.0,7862.0,,,29908.0,3646.0,1017.0,0.0,0.0,4663.0,38058965.0,3291890575.0,33659751.0,2911382798.0,18322766.0,1584818173.0,0.0,0.0,332971.0,28800165.0,61036.0,5279256.0,0.0,0.0,1543073.0,133467300.0,927034.0,80183288.0,663471.0,57386582.0,5392163.0,466392350.0,332971.0,28800164.0,3064080.0,265025990.0,1021695.0,88371013.0,600.0,300.0,,300.0,4207548.0,,,1059580.0,,,,,
2012,Americas,Antigua and Barbuda Red Cross,Antigua and Barbuda,ATG,DAG001,87674.0,1327107407.4074,,14030.0,77.35,9.0,,25.526,30.0,,,,35.0,,8.0,57.0,,,65.0,,,,,1.0,58692.0,172643.0,54782.0,161140.0,,,,,,,,,,,,,,,,,0.0,,,,,,,,,,,,0.0,,,,,,,,
2013,Americas,Antigua and Barbuda Red Cross,Antigua and Barbuda,ATG,DAG001,88497.0,1325425925.9259,,14650.0,77.583,8.6,,25.35,29.0,,,,1.0,,40.0,110.0,,,150.0,2.0,3.0,,,5.0,57288.0,172643.0,53471.0,161140.0,,,,,,,,,,,,,,,,,0.0,,,,,,,,,,,,0.0,,,,,,,,
2014,Americas,Antigua and Barbuda Red Cross,Antigua and Barbuda,ATG,DAG001,89236.0,1378829629.6296,,14670.0,77.858,8.1,,25.175,23.0,,,,1.0,,,,,,82.0,,,,,2.0,65531.0,178402.0,67263.0,183118.0,,,,,,,,,,,,,,,,,0.0,,,,,,,,,,,,,,,,,,,,
2015,Americas,Antigua and Barbuda Red Cross,Antigua and Barbuda,ATG,DAG001,89941.0,1437755555.5556,,14480.0,77.913,7.7,,25.0,27.0,,,,1.0,,,,,,142.0,,,,,2.0,65666.0,178402.0,67402.0,183118.0,,,,,,,,,,,,,,,,,0.0,,,,,,,,,,,,,,,,,,,,
2016,Americas,Antigua and Barbuda Red Cross,Antigua and Barbuda,ATG,,90564.0,1489692592.5926,,14980.0,78.152,7.4,,24.846,21.0,,,,2.0,,50.0,232.0,,,282.0,1.0,4.0,,,5.0,220330.0,577586.0,316444.0,829544.0,4754.0,12463.0,0.0,0.0,10252.0,26876.0,95539.0,250452.0,0.0,0.0,0.0,0.0,0.0,0.0,39570.0,103731.0,42403.0,111157.0,6876.0,18025.0,0.0,0.0,2167.0,5682.0,565.0,425.0,,140.0,18.0,107.0,107.0,0.0,,,,,
2017,Americas,Antigua and Barbuda Red Cross,Antigua and Barbuda,ATG,,91119.0,1531151851.8519,,15710.0,78.268,7.1,,24.713,21.0,1.0,1.0,8.0,1.0,,46.0,105.0,,0.0,151.0,5.0,10.0,,0.0,15.0,485872.0,1337776.0,307987.0,847996.0,6696.0,18437.0,72166.0,198698.0,0.0,0.0,48388.0,133230.0,0.0,0.0,0.0,0.0,27054.0,74490.0,61764.0,170059.0,27690.0,76240.0,136649.0,376242.0,0.0,0.0,87540.0,241029.0,646.0,362.0,0.0,284.0,302.0,0.0,0.0,0.0,,,,,
2018,Americas,Antigua and Barbuda Red Cross,Antigua and Barbuda,ATG,,91626.0,1661529629.6296,,17290.0,78.511,6.8,,24.599,19.0,0.0,0.0,,1.0,,,,,,143.0,,,,,8.0,,,,,,,,,,,,,,,,,,,,,,,,,,,,,,,,,,,,,,,,,
2019,Americas,Antigua and Barbuda Red Cross,Antigua and Barbuda,ATG,,92117.0,1725351851.8519,,18000.0,78.691,6.6,,24.506,19.0,,,,3.0,,0.0,0.0,,63.0,63.0,0.0,0.0,,22.0,22.0,,,,,,,,,,,,,,,,,,,,,,,,,,,,,636.0,0.0,636.0,0.0,,,,,,,,,
2020,Americas,Antigua and Barbuda Red Cross,Antigua and Barbuda,ATG,,92664.0,1410796296.2963,,15080.0,78.841,6.4,,24.433,21.0,,,12.0,2.0,,13.0,43.0,,,56.0,7.0,2.0,,,9.0,392131.0,1149663.0,344508.0,1010043.0,16371.0,47996.0,14097.0,41329.0,,,,,,,,,24250.0,71097.0,27772.0,81422.0,,,,,289530.0,848855.0,3280.0,9615.0,354.0,284.0,26.0,44.0,,10.0,10.0,,,,,,
2021,Americas,Antigua and Barbuda Red Cross,Antigua and Barbuda,ATG,,93219.0,1601366666.6667,,16430.0,78.497,6.1,,24.38,,1.0,1.0,11.0,3.0,,42.0,77.0,,,119.0,4.0,5.0,,,9.0,389247.0,1149663.0,341975.0,1010043.0,16236.0,47955.0,13993.0,41328.0,,,,,,,,,24072.0,71097.0,27567.0,81422.0,,,287401.0,848854.0,,,3255.0,9614.0,253.0,,,,,,,,,,,,
2022,Americas,Antigua and Barbuda Red Cross,Antigua and Barbuda,ATG,,93763.0,1867733333.3333,,19050.0,,,,24.346,,1.0,1.0,12.0,3.0,,24.0,59.0,0.0,0.0,83.0,2.0,5.0,0.0,0.0,7.0,169478.0,496234.0,154862.0,453437.0,3252.0,9521.0,9179.0,26877.0,0.0,0.0,0.0,0.0,0.0,0.0,0.0,0.0,35948.0,105255.0,28483.0,83398.0,0.0,0.0,75761.0,221830.0,0.0,0.0,0.0,0.0,152.0,117.0,,35.0,,,,14.0,,,,,
2023,Americas,Antigua and Barbuda Red Cross,Antigua and Barbuda,ATG,,,,,,,,,,,1.0,1.0,6.0,1.0,0.0,19.0,49.0,,,68.0,2.0,5.0,,,7.0,218969.0,703026.0,144204.0,462982.0,2954.0,9485.0,11955.0,38382.0,,,,,,,,,34717.0,111463.0,39326.0,126259.0,,,121051.0,388648.0,,,,,276.0,35.0,241.0,,,,,,,,,,
2024,Americas,Antigua and Barbuda Red Cross,Antigua and Barbuda,ATG,,,,,,,,,,,1.0,1.0,6.0,1.0,0.0,,,,,66.0,1.0,4.0,,,5.0,77059.0,230602.0,62605.0,187349.0,829.0,2480.0,0.0,0.0,9022.0,27000.0,0.0,0.0,0.0,0.0,0.0,0.0,0.0,0.0,50773.0,151941.0,0.0,0.0,9641.0,28851.0,0.0,0.0,0.0,0.0,500.0,,,,,,,50.0,,,,,
2009,Europe and Central Asia,Albanian Red Cross,Albania,ALB,DAL001,2927519.0,12044223352.5413,,4280.0,76.221,14.5,,51.076,20.0,,,,39.0,,,,,,2000.0,,,,,59.0,2325193.0,211518861.0,1755902.0,159731397.0,,,,,,,,,,,,,,,,,108523.0,9872139.0,,,,,,,,,,,1480.0,,,,,,,,
2010,Europe and Central Asia,Albanian Red Cross,Albania,ALB,DAL001,2913021.0,11926926615.8015,,4360.0,77.936,13.3,,52.163,9.0,,,,39.0,,,,,,,,,,,,2285175.0,249456570.0,2015067.0,219970756.0,,,,,,,,,,,,,,,,,729275.0,79609883.0,,,,,,,,,,,,,,,,,,,
2012,Europe and Central Asia,Albanian Red Cross,Albania,ALB,DAL001,2900401.0,12319834195.331,,4360.0,78.064,11.2,97.25,54.33,8.0,,,,39.0,,1067.0,1413.0,,,2480.0,13.0,36.0,,,49.0,1465608.0,166384555.0,1583458.0,179763682.0,,,,,,,,,,,,,,,,,249017.0,28269865.0,,,,,,,,,,,2300.0,,,,,,,,
2013,Europe and Central Asia,Albanian Red Cross,Albania,ALB,DAL001,2895092.0,12776224496.9718,,4540.0,78.123,10.5,,55.387,7.0,,,,39.0,,1266.0,1471.0,,,2737.0,15.0,32.0,,,47.0,1251032.0,140287000.0,1181341.0,132472000.0,,,,,,,,,,,,,,,,,15450.0,1732559.0,,,,,,,,,,,,,,,,,,,
2014,Europe and Central Asia,Albanian Red Cross,Albania,ALB,DAL001,2889104.0,13228147516.1168,,4540.0,78.407,9.9,,56.423,7.0,,,,39.0,,1.0,2899.0,,,2900.0,14.0,35.0,,,49.0,1349450.0,154112594.0,1023835.0,116926077.0,,,,,,,,,,,,,,,,,70766.0,8081709.0,,,,,,,,,,,660.0,,,,,,,,
2015,Europe and Central Asia,Albanian Red Cross,Albania,ALB,DAL001,2880703.0,11386853113.0189,,4390.0,78.644,9.6,,57.434,7.0,,,,39.0,,,,,,2442.0,,,,,52.0,1993807.0,247028769.0,1718869.0,212964473.0,,,,,,,,,,,,,,,,,0.0,,,,,,,,,,,,,,,,,,,,
2016,Europe and Central Asia,Albanian Red Cross,Albania,ALB,,2876101.0,11861199830.8396,23.7,4320.0,78.86,9.4,,58.421,7.0,,,,39.0,,1058.0,1384.0,,,2442.0,16.0,38.0,,,54.0,1348774.0,168134373.0,1087271.0,135536140.0,182592.0,22761355.0,9849.0,1227745.0,6563.0,818160.0,5664.0,706000.0,0.0,0.0,0.0,0.0,887696.0,110657630.0,0.0,0.0,72027.0,8978655.0,86571.0,10791701.0,0.0,0.0,97813.0,12193127.0,53259.0,25564.0,,27695.0,4520.0,9000.0,39000.0,0.0,,,,,
2017,Europe and Central Asia,Albanian Red Cross,Albania,ALB,,2873457.0,13019726211.7369,23.4,4290.0,79.047,9.3,,59.383,7.0,1.0,1.0,14.0,39.0,,1125.0,1278.0,,,2403.0,17.0,36.0,,0.0,53.0,1521309.0,172660238.0,1244590.0,141254102.0,204344.0,23191926.0,107116.0,12157061.0,12424.0,1410040.0,10222.0,1160145.0,0.0,0.0,0.0,0.0,102559.0,11639900.0,849491.0,96412500.0,66519.0,7549583.0,0.0,0.0,0.0,0.0,168634.0,19139083.0,61000.0,27000.0,0.0,34000.0,3600.0,25000.0,87000.0,46000.0,,,,,
2018,Europe and Central Asia,Albanian Red Cross,Albania,ALB,,2866376.0,15156424015.1977,23.0,4860.0,79.184,9.3,,60.319,5.0,1.0,1.0,14.0,39.0,,1120.0,1325.0,,,2445.0,17.0,36.0,,,53.0,1555610.0,169919186.0,1348786.0,147327772.0,222247.0,24276049.0,4346.0,474683.0,,,8158.0,891138.0,,,,,95809.0,10465200.0,898370.0,98128890.0,,,158568.0,17320380.0,,,,,62709.0,,,,18525.0,13450.0,77950.0,47000.0,,,,,
2019,Europe and Central Asia,Albanian Red Cross,Albania,ALB,,2854191.0,15401826127.2539,21.8,5230.0,79.282,9.4,,61.229,5.0,,,14.0,39.0,,,,,2740.0,2740.0,,,,,,2136233.0,238206205.0,1316851.0,146838895.0,233252.0,26009342.0,80822.0,9012250.0,0.0,0.0,8741.0,974690.0,0.0,0.0,0.0,0.0,84217.0,9390800.0,984908.0,109824655.0,314290.0,35045681.0,260846.0,29086322.0,0.0,0.0,169159.0,18862466.0,64000.0,,64000.0,,25000.0,25000.0,85000.0,30000.0,,,,,
2020,Europe and Central Asia,Albanian Red Cross,Albania,ALB,,2837849.0,15162734205.2462,22.0,5270.0,76.989,9.4,,62.112,8.0,,,14.0,39.0,,1180.0,1570.0,,,2750.0,17.0,36.0,,0.0,53.0,4605354.0,526988685.0,4252301.0,486588933.0,189137.0,21642862.0,145326.0,16629583.0,,,111174.0,12721627.0,,,,,61357.0,7021000.0,894937.0,102407250.0,631728.0,72288395.0,2395725.0,274141827.0,20431.0,2337862.0,155539.0,17798279.0,59000.0,,59000.0,,103000.0,20000.0,120000.0,66000.0,,,,,
2021,Europe and Central Asia,Albanian Red Cross,Albania,ALB,,2811666.0,17930565118.8176,,6100.0,76.463,9.5,,62.969,,0.0,0.0,14.0,39.0,,1025.0,1270.0,,,2295.0,18.0,40.0,,,58.0,2270842.0,254407614.0,1913412.0,214363894.0,156375.0,17519053.0,2684.0,300679.0,0.0,0.0,0.0,0.0,0.0,0.0,6724.0,753277.0,59058.0,6616400.0,1103886.0,123670874.0,252475.0,28285363.0,412662.0,46231433.0,0.0,0.0,154238.0,17279617.0,66160.0,,,,61500.0,25838.0,129188.0,40000.0,,,,,
2022,Europe and Central Asia,Albanian Red Cross,Albania,ALB,,2777689.0,18916378860.5488,,6770.0,,,98.5,63.799,,0.0,0.0,14.0,39.0,,,,,,2225.0,,,,,62.0,2545650.0,294942692.0,1544930.0,178997772.0,810597.0,93916973.0,3121.0,361569.0,15721.0,1821450.0,52844.0,6122600.0,0.0,0.0,0.0,0.0,74845.0,8671700.0,1069392.0,123901305.0,168322.0,19502074.0,59802.0,6928761.0,0.0,0.0,241458.0,27975702.0,71638.0,,,,5000.0,10000.0,20000.0,2250.0,,,,,
2023,Europe and Central Asia,Albanian Red Cross,Albania,ALB,,,,,,,,,,,1.0,1.0,14.0,39.0,39.0,,,,,2750.0,,,,,53.0,2026557.0,222551786.0,1791474.0,196735603.0,229523.0,25205736.0,6664.0,731838.0,28299.0,3107714.0,53163.0,5838278.0,0.0,0.0,0.0,0.0,68639.0,7537800.0,1232381.0,135337300.0,18859.0,2071085.0,111565.0,12251789.0,4321.0,474559.0,225564.0,24770885.0,77400.0,,,,0.0,25000.0,25000.0,1200.0,,,,,
2024,Europe and Central Asia,Albanian Red Cross,Albania,ALB,,,,,,,,,,,,,,,,,,,,,,,,,,1623811.0,165394630.0,1752000.0,178451472.0,364057.0,37081364.0,4260.0,433887.0,0.0,0.0,0.0,0.0,0.0,0.0,0.0,0.0,905837.0,92264800.0,0.0,0.0,70624.0,7193500.0,75635.0,7703863.0,11876.0,1209653.0,181725.0,18509733.0,51772.0,,,,1400.0,12000.0,12000.0,2500.0,,,,,
2009,Europe and Central Asia,Armenian Red Cross Society,Armenia,ARM,DAM001,2888094.0,8647936747.987,,3340.0,73.118,19.5,,63.54,32.0,,,,66.0,,,,,,3200.0,,,,,72.0,799370.0,291885000.0,795634.0,290521000.0,,,,,,,,,,,,,,,,,175999.0,64265000.0,,,,,,,,,,,125.0,,,,,,,,
2010,Europe and Central Asia,Armenian Red Cross Society,Armenia,ARM,DAM001,2946293.0,9260285755.6242,,3390.0,73.16,18.5,,63.44,33.0,,,,66.0,,960.0,2240.0,,,3200.0,24.0,46.0,,,70.0,1127892.0,430389000.0,1121629.0,427999000.0,,,,,,,,,,,,,,,,,463175.0,176741672.0,,,,,,,,,,,,,,,,,,,
2011,Europe and Central Asia,Armenian Red Cross Society,Armenia,ARM,DAM001,2928976.0,10142111824.5835,,3470.0,73.305,17.6,99.74,63.34,31.0,,,,66.0,,,,,,3200.0,,,,,70.0,1117073.0,1184209.0,1110870.0,1177633.0,,,,,,,,,,,,,,,,,0.0,,,,,,,,,,,,,,,,,,,,
2012,Europe and Central Asia,Armenian Red Cross Society,Armenia,ARM,DAM001,2914421.0,10619320682.9474,,3840.0,73.454,16.8,,63.24,29.0,,,,66.0,,1100.0,2400.0,,,3500.0,,,,,70.0,1382175.0,610302000.0,1377480.0,608229000.0,,,,,,,,,,,,,,,,,0.0,,,,,,,,,,,,0.0,,,,,,,,
2013,Europe and Central Asia,Armenian Red Cross Society,Armenia,ARM,DAM001,2901385.0,11121464437.0415,,4110.0,73.676,15.9,,63.164,27.0,,,,66.0,,1000.0,2200.0,,,3200.0,26.0,40.0,,,66.0,2059226.0,934701000.0,2075705.0,942181000.0,,,,,,,,,,,,,,,,,876971.0,398064885.0,,,,,,,,,,,6700.0,,,,,,,,
2014,Europe and Central Asia,Armenian Red Cross Society,Armenia,ARM,DAM001,2889930.0,11609513246.7958,,4170.0,74.058,15.1,,63.112,28.0,,,,66.0,,,,,,3300.0,,,,,75.0,2949748.0,1240475000.0,2975417.0,1251270000.0,,,,,,,,,,,,,,,,,0.0,,,,,,,,,,,,,,,,,,,,
2015,Europe and Central Asia,Armenian Red Cross Society,Armenia,ARM,DAM001,2878595.0,10553337518.414,,4080.0,74.436,14.4,,63.085,25.0,,,,64.0,,,,,,3500.0,,,,,52.0,1653990.0,806459000.0,1647101.0,803100000.0,,,,,,,,,,,,,,,,,0.0,,,,,,,,,,,,,,,,,,,,
2016,Europe and Central Asia,Armenian Red Cross Society,Armenia,ARM,,2865835.0,10546136235.5219,,3850.0,74.664,13.7,99.74,63.082,24.0,,,,64.0,,725.0,1795.0,,,2520.0,17.0,24.0,,,41.0,2251666.0,1062106804.0,2331406.0,1099719804.0,1118.0,527500.0,0.0,0.0,0.0,0.0,219558.0,103565095.0,0.0,0.0,0.0,0.0,14509.0,6844000.0,0.0,0.0,1339232.0,631713034.0,89433.0,42185481.0,109992.0,51883223.0,477824.0,225388471.0,1498.0,959.0,,539.0,614.0,60000.0,410000.0,0.0,,,,,
2017,Europe and Central Asia,Armenian Red Cross Society,Armenia,ARM,,2851923.0,11527458709.0158,,4070.0,74.906,13.0,99.74,63.103,25.0,1.0,1.0,11.0,37.0,,1943.0,1557.0,,0.0,3500.0,21.0,28.0,,0.0,49.0,1746634.0,852848653.0,1738903.0,849073505.0,1559.0,761400.0,6719.0,3281000.0,,,335556.0,163845607.0,,,25580.0,12490315.0,8115.0,3962220.0,14844.0,7247912.0,1067938.0,521454237.0,32781.0,16006374.0,246360.0,120292989.0,6260.0,3056600.0,1500.0,701.0,0.0,799.0,23.0,196992.0,196992.0,0.0,,,,,
2018,Europe and Central Asia,Armenian Red Cross Society,Armenia,ARM,,2836557.0,12457940694.7395,,4410.0,75.064,12.4,,63.149,25.0,1.0,1.0,11.0,64.0,,468.0,1334.0,,,1802.0,22.0,31.0,,,53.0,2194356.0,1077777786.0,1880649.0,923697824.0,7620.0,3742485.0,147112.0,72255270.0,,,336488.0,165269316.0,,,,,,,9928.0,4875994.0,1115249.0,547764690.0,273744.0,134451857.0,246694.0,121166257.0,3552.0,1744391.0,1600.0,700.0,,900.0,5105.0,28950.0,103950.0,0.0,,,,,
2019,Europe and Central Asia,Armenian Red Cross Society,Armenia,ARM,,2820602.0,13619290539.2116,26.4,4880.0,75.439,11.8,,63.219,25.0,,,11.0,63.0,,772.0,2077.0,,,2849.0,28.0,30.0,,,58.0,2038181.0,1001563000.0,2014835.0,990091000.0,9915.0,4872361.0,6809.0,3345913.0,,,299222.0,147037640.0,,,,,,,11345.0,5574890.0,1066561.0,524108825.0,368503.0,181082475.0,221955.0,109068606.0,6274.0,3083115.0,2100.0,885.0,,1215.0,5020.0,62.0,62.0,,,,,,
2020,Europe and Central Asia,Armenian Red Cross Society,Armenia,ARM,,2805608.0,12641698583.2152,27.0,4470.0,72.173,11.3,99.79,63.313,27.0,,,11.0,63.0,,772.0,2310.0,,,3082.0,45.0,86.0,,,131.0,5607363.0,2952798000.0,5545745.0,2920350000.0,14126.0,7438467.0,223884.0,117895787.0,118564.0,62435163.0,820562.0,432102204.0,,,50530.0,26608668.0,9020.0,4749616.0,,,1815082.0,955809506.0,1788275.0,941692911.0,435059.0,229099207.0,1481.0,780000.0,2500.0,1753.0,,747.0,48010.0,45030.0,45030.0,85000.0,,,,,
2021,Europe and Central Asia,Armenian Red Cross Society,Armenia,ARM,,2790974.0,13878908628.9378,26.5,4850.0,72.043,10.7,,63.431,,1.0,1.0,11.0,69.0,,1545.0,3551.0,,,5096.0,77.0,153.0,,,230.0,10558797.0,5465215880.0,10934627.0,5659744976.0,3402.0,1760800.0,127960.0,66231682.0,30081.0,15570000.0,3341259.0,1729429887.0,10963.0,5674508.0,166855.0,86364055.0,21074.0,10908050.0,27377.0,14170438.0,1866101.0,965890937.0,1518973.0,786217681.0,2443571.0,1264788120.0,385853.0,199717111.0,3000.0,1572.0,,1428.0,2150.0,48510.0,568510.0,113228.0,,,,,
2022,Europe and Central Asia,Armenian Red Cross Society,Armenia,ARM,,2780469.0,19513474648.2429,,5960.0,,,,63.573,,1.0,1.0,11.0,69.0,,2135.0,4723.0,,,6858.0,52.0,117.0,,,169.0,6786315.0,3354580000.0,6285073.0,3106808000.0,19619.0,9697742.0,290987.0,143839579.0,0.0,0.0,703232.0,347618503.0,0.0,0.0,0.0,0.0,3319.0,1640812.0,20010.0,9891188.0,1344108.0,664413131.0,1646183.0,813733494.0,1346420.0,665555891.0,821029.0,405847466.0,5080.0,2760.0,,2320.0,13794.0,10484.0,10484.0,135200.0,,,,,
2023,Europe and Central Asia,Armenian Red Cross Society,Armenia,ARM,,,,,,,,,,,0.0,0.0,11.0,69.0,12.0,,,,,9088.0,,,,,300.0,11328623.0,11328623.0,11328623.0,11328623.0,,,,,,,1160000.0,1160000.0,,,,,,,,,3876095.0,3876095.0,3769024.0,3769024.0,2424348.0,2424348.0,,,4600.0,,,,277636.0,22600.0,22600.0,26200.0,,,,,
2024,Europe and Central Asia,Armenian Red Cross Society,Armenia,ARM,,,,,,,,,,,0.0,0.0,,52.0,12.0,,,,,1792.0,,,,,371.0,,,,,,,,,,,,,,,,,,,,,,,,,,,,,,,,,,,,,,,,,
2012,Africa,Angola Red Cross,Angola,AGO,DAO001,25188292.0,128052915202.989,,4160.0,58.623,104.9,,61.268,304.0,,,,18.0,,,,,,3600.0,,,,,134.0,1968816.0,205912532.0,2145969.0,224440447.0,,,,,,,,,,,,,,,,,0.0,,,,,,,,,,,,,,,,,,,,
2013,Africa,Angola Red Cross,Angola,AGO,DAO001,26147002.0,132339108708.408,,4710.0,59.307,98.3,,62.002,291.0,,,,18.0,,3215.0,845.0,,,4060.0,56.0,44.0,,,100.0,2084803.0,227550029.0,1366330.0,149130788.0,,,,,,,,,,,,,,,,,52221.0,5699765.0,,,,,,,,,,,,,,,,,,,
2014,Africa,Angola Red Cross,Angola,AGO,DAO001,27128337.0,135966802156.542,,4810.0,60.04,92.9,66.03,62.731,292.0,,,,18.0,,3061.0,1939.0,,,5000.0,53.0,39.0,,,92.0,2623577.0,272232813.0,2083445.0,216186621.0,,,,,,,,,,,,,,,,,0.0,,,,,,,,,,,,450.0,,,,,,,,
2015,Africa,Angola Red Cross,Angola,AGO,DAO001,28127721.0,90496420626.179,,3930.0,60.655,88.3,,63.446,274.0,,,,18.0,,4778.0,1249.0,,,6027.0,53.0,39.0,,,92.0,959855.0,130612343.0,1066898.0,145178212.0,,,,,,,,,,,,,,,,,0.0,,,,,,,,,,,,,,,,,,,,
2016,Africa,Angola Red Cross,Angola,AGO,,29154746.0,52761617225.9253,,2550.0,61.092,84.4,,64.149,270.0,,,,19.0,,5701.0,1469.0,,,7170.0,48.0,36.0,,,84.0,957907.0,154202747.0,980141.0,157781853.0,0.0,0.0,0.0,0.0,0.0,0.0,341906.0,55039570.0,0.0,0.0,0.0,0.0,0.0,0.0,162377.0,26139280.0,0.0,0.0,155864.0,25090733.0,18221.0,2933163.0,0.0,0.0,394.0,168.0,,226.0,85114.0,3385.0,3385.0,,,,,,
2017,Africa,Angola Red Cross,Angola,AGO,,30208628.0,73690155046.555,,2090.0,61.68,81.1,,64.839,253.0,0.0,0.0,,18.0,,,,,,7000.0,,,,,72.0,,,,,,,,,,,,,,,,,,,,,,,,,,,,,,,,,,,,,,,,,
2018,Africa,Angola Red Cross,Angola,AGO,,31273533.0,79450688232.0011,32.3,1970.0,62.144,78.0,,65.514,233.0,0.0,0.0,9.0,19.0,,,,,,100.0,,,,,84.0,538776.0,168000000.0,,,,,,,,,,,,,,,,,,,,,,,,,,,,,,,,,,,,,,,
2019,Africa,Angola Red Cross,Angola,AGO,,32353588.0,70897962712.6213,,2110.0,62.448,75.0,,66.177,228.0,,,,,,,,,,,,,,,,,,,,,,,,,,,,,,,,,,,,,,,,,,,,,,,,,,,,,,,,
2020,Africa,Angola Red Cross,Angola,AGO,,33428486.0,48501561230.001,,1690.0,62.261,72.1,,66.825,222.0,,,,,,,,,,,,,,,,,,,,,,,,,,,,,,,,,,,,,,,,,,,,,,,,,,,,,,,,
2021,Africa,Angola Red Cross,Angola,AGO,,34503774.0,66505129989.243,,1640.0,61.643,69.4,,67.46,,,,,,,,,,,,,,,,,,,,,,,,,,,,,,,,,,,,,,,,,,,,,,,,,,,,,,,,,
2022,Africa,Angola Red Cross,Angola,AGO,,35588987.0,106782770714.619,,1880.0,,,72.4,68.081,,0.0,0.0,9.0,18.0,,,,,,4665.0,,,,,77.0,364047.0,193848268.0,371563.0,197850290.0,0.0,0.0,0.0,0.0,0.0,0.0,0.0,0.0,,,0.0,0.0,,,105168.0,56000000.0,63852.0,34000000.0,118839.0,63279763.0,30048.0,16000000.0,0.0,0.0,,,,,2500.0,,,6830.0,,,,,
2023,Africa,Angola Red Cross,Angola,AGO,,,,,,,,,,,0.0,1.0,9.0,19.0,18.0,,,,,4665.0,,,,,89.0,458682.0,451903437.0,418745.0,412556374.0,,,,,,,,,,,,,,,,,,,282271.0,278099131.0,21429.0,21112656.0,96395.0,94970200.0,38.0,,,,,9818.0,179310.0,47428.0,,,,,
2024,Africa,Angola Red Cross,Angola,AGO,,,,,,,,,,,,,,,,,,,,,,,,,,,,,,,,,,,,,,,,,,,,,,,,,,,,,,,,,,,,,,,,,,
2012,Americas,Argentine Red Cross,Argentina,ARG,DAR001,41733271.0,545982375701.128,,11890.0,76.467,13.3,,91.121,45.0,,,,63.0,,2637.0,1935.0,,,4572.0,756.0,1135.0,,,1891.0,22862603.0,121087202.0,21667398.0,114757042.0,,,,,,,,,,,,,,,,,0.0,,,,,,,,,,,,3929.0,,,,,,,,
2013,Americas,Argentine Red Cross,Argentina,ARG,DAR001,42202935.0,552025140252.246,,12870.0,76.491,12.7,,91.249,43.0,,,,63.0,,3217.0,4630.0,,,7847.0,717.0,1033.0,,,1750.0,21139373.0,153294277.0,19778298.0,143424309.0,,,,,,,,,,,,,,,,,0.0,,,,,,,,,,,,143353.0,,,,,,,,
2014,Americas,Argentine Red Cross,Argentina,ARG,DAR001,42669500.0,526319673731.638,,12350.0,76.755,12.2,,91.377,42.0,,,,63.0,,3228.0,4460.0,,,7688.0,762.0,1053.0,,,1815.0,24097490.0,208274120.0,22515420.0,194600328.0,,,,,,,,,,,,,,,,,0.0,,,,,,,,,,,,29094.0,,,,,,,,
2015,Americas,Argentine Red Cross,Argentina,ARG,DAR001,43131966.0,594749285413.212,,12600.0,76.76,11.6,,91.503,39.0,,,,65.0,,4134.0,5262.0,,,9396.0,811.0,1033.0,,,1844.0,21004528.0,274949269.0,19992216.0,261698105.0,,,,,,,,,,,,,,,,,0.0,,,,,,,,,,,,53185.0,,,,,,,,
2016,Americas,Argentine Red Cross,Argentina,ARG,,43590368.0,557532320662.955,30.3,12220.0,76.308,11.0,,91.627,40.0,,,,65.0,,,,,,9756.0,,,,,1685.0,25304417.0,388509744.0,24655299.0,378543557.0,5145942.0,79007895.0,176538.0,2710462.0,37714.0,579037.0,0.0,0.0,0.0,0.0,191385.0,2938422.0,7984612.0,122591230.0,1265862.0,19435332.0,60000.0,921211.0,352566.0,5413098.0,29549.0,453676.0,352223.0,5407833.0,80497.0,,,,33825.0,19743.0,78972.0,27160.0,,,,,
2017,Americas,Argentine Red Cross,Argentina,ARG,,44044811.0,643628393281.364,25.7,13140.0,76.833,10.3,,91.749,38.0,1.0,1.0,16.0,65.0,,,,,,7105.0,746.0,884.0,,0.0,1630.0,25845879.0,501725331.0,24774229.0,480922251.0,5575782.0,108238191.0,19933.0,386938.0,84431.0,1638998.0,0.0,0.0,0.0,0.0,51702.0,1003650.0,9869623.0,191591083.0,102702.0,1993670.0,62978.0,1222536.0,16572.0,321700.0,32811.0,636931.0,373467.0,7249825.0,42012.0,16256.0,10150.0,15606.0,19546.0,13800.0,55200.0,13200.0,,,,,
2018,Americas,Argentine Red Cross,Argentina,ARG,,44494502.0,524819892360.176,32.0,12430.0,76.999,9.5,,91.87,34.0,1.0,1.0,16.0,65.0,,,,,,6501.0,,,,,1719.0,20381730.0,779982788.0,20134027.0,770503498.0,4077319.0,156033801.0,10397.0,397893.0,13066.0,500000.0,186039.0,7119486.0,0.0,0.0,0.0,0.0,7053627.0,269933281.0,758612.0,29031123.0,0.0,0.0,159215.0,6092944.0,38983.0,1491812.0,255499.0,9777604.0,67727.0,33534.0,5902.0,28291.0,9513.0,16200.0,64800.0,40700.0,,,,,
2019,Americas,Argentine Red Cross,Argentina,ARG,,44938712.0,447754683615.225,35.5,11220.0,77.284,8.6,,91.991,33.0,,,11.0,62.0,,0.0,0.0,,5412.0,5412.0,0.0,0.0,,1717.0,1717.0,17325248.0,1062377251.0,17388900.0,1066280368.0,3230619.0,198100267.0,,,8154.0,500000.0,436343.0,26756355.0,,,42390.0,2599334.0,6163384.0,377936221.0,557498.0,34185544.0,,,184363.0,11305084.0,72101.0,4421214.0,329013.0,20174957.0,43581.0,22677.0,0.0,20904.0,49054.0,22054.0,88216.0,33600.0,,,,,
2020,Americas,Argentine Red Cross,Argentina,ARG,,45376763.0,385740508436.965,42.0,9010.0,75.892,7.7,,92.111,45.0,,,11.0,61.0,,1100.0,1842.0,,12.0,2954.0,559.0,1061.0,,,1620.0,17484570.0,1459479942.0,15818062.0,1320372469.0,1858017.0,155093220.0,1639463.0,136849973.0,,,,,,,,,6871626.0,573591451.0,185075.0,15448679.0,,,20441.0,1706250.0,32705.0,2730000.0,99960.0,8343881.0,2391.0,,2391.0,,321100.0,23613.0,23613.0,82999.0,,,,,
2021,Americas,Argentine Red Cross,Argentina,ARG,,45808747.0,487902572164.348,37.3,9980.0,75.39,6.9,,92.229,,1.0,1.0,11.0,66.0,,,,,,8000.0,589.0,1209.0,,,1798.0,19045943.0,2029186377.0,10756803.0,1146047608.0,5392720.0,574549350.0,5099916.0,543353539.0,428129.0,45613605.0,310970.0,33131282.0,,,,,,,,,21064.0,2244147.0,383652.0,40874903.0,122109.0,13009710.0,3983745.0,424434827.0,6902.0,3430.0,,3450.0,38719.0,2082.0,2082.0,69941.0,,,,,
2022,Americas,Argentine Red Cross,Argentina,ARG,,46234830.0,631133384439.944,39.2,11590.0,,,,92.347,,1.0,1.0,11.0,65.0,,,,,,7160.0,591.0,1209.0,,,1800.0,34827314.0,4057708784.0,37814889.0,4405789288.0,4905081.0,571487969.0,5304598.0,618035405.0,4869.0,567240.0,416544.0,48531324.0,,,,,,,,,29329.0,3417142.0,836688.0,97482005.0,294228.0,34280312.0,,,38792.0,13677.0,11191.0,13922.0,2700.0,5355.0,5355.0,1181.0,,,,,
2023,Americas,Argentine Red Cross,Argentina,ARG,,,,,,,,,,,1.0,1.0,11.0,65.0,63.0,,,,,7872.0,622.0,1308.0,,,1930.0,13237137.0,12715789298.0,14737855.0,14157401369.0,1199432.0,1152191647.0,558534.0,536536334.0,836.0,802900.0,42755.0,41071334.0,,,,,5538.0,5319615.0,616353.0,592077788.0,10917.0,10487000.0,102193.0,98168095.0,41038.0,39421444.0,,,35216.0,17240.0,1430.0,16546.0,7750.0,8252.0,8252.0,5050.0,,,,,
2024,Americas,Argentine Red Cross,Argentina,ARG,,,,,,,,,,,,,,,,,,,,,,,,,,,,,,,,,,,,,,,,,,,,,,,,,,,,,,,,,,,,,,,,,,
2009,Europe and Central Asia,Austrian Red Cross,Austria,AUT,DAT001,8343323.0,400172297860.517,14.7,49000.0,80.3317,4.4,,57.683,5.0,,,,845.0,,,,,,51430.0,,,,,5260.0,85223925.0,57279000.0,85223925.0,57279000.0,,,,,,,,,,,,,,,,,0.0,0.0,,,,,,,,,,,,,,,,,,,
2012,Europe and Central Asia,Austrian Red Cross,Austria,AUT,DAT001,8429991.0,409401816050.531,14.4,50100.0,80.9366,4.0,,57.147,6.0,,,,991.0,,33838.0,26142.0,,,59980.0,,,,,7222.0,711237923.0,588905000.0,711237923.0,588905000.0,,,,,,,,,,,,,,,,,0.0,,,,,,,,,,,,,,,,,,,,
2013,Europe and Central Asia,Austrian Red Cross,Austria,AUT,DAT001,8479823.0,430190979705.962,14.1,50720.0,81.1366,3.9,,57.336,6.0,,,,858.0,,,,,,64720.0,,,,,7285.0,51691798.0,42165000.0,51691798.0,42165000.0,,,,,,,,,,,,,,,,,0.0,0.0,,,,,,,,,,,,,,,,,,,
2014,Europe and Central Asia,Austrian Red Cross,Austria,AUT,DAT001,8546356.0,442584815286.034,13.9,50390.0,81.4902,3.8,,57.526,6.0,,,,1004.0,,,,,,69932.0,,,,,7465.0,49325444.0,41000000.0,49325444.0,41000000.0,,,,,,,,,,,,,,,,,0.0,0.0,,,,,,,,,,,,,,,,,,,
2015,Europe and Central Asia,Austrian Red Cross,Austria,AUT,DAT001,8642699.0,381971148530.543,14.1,47480.0,81.1902,3.7,,57.715,6.0,,,,741.0,,32637.0,40365.0,,,73002.0,4031.0,4221.0,,,8252.0,44816517.0,41327641.0,44816517.0,41327641.0,,,,,,,,,,,,,,,,,0.0,0.0,,,,,,,,,,,,,,,,,,,
2016,Europe and Central Asia,Austrian Red Cross,Austria,AUT,,8736668.0,395837353031.499,14.4,46240.0,81.6415,3.6,,57.905,5.0,,,,136.0,,40754.0,32844.0,,,73598.0,3970.0,4266.0,,,8236.0,687931098.0,641708812.0,687931098.0,641708812.0,,,,,,,,,,,,,,,,,,,,,,,,,510615.0,,,,0.0,0.0,0.0,0.0,,,,,
2017,Europe and Central Asia,Austrian Red Cross,Austria,AUT,,8797566.0,417261151844.977,14.3,45040.0,81.6439,3.6,,58.094,5.0,1.0,1.0,18.0,145.0,,41076.0,33251.0,,,74327.0,5114.0,3270.0,,,8384.0,53433289.0,45684042.0,53539365.0,45774734.0,4576919.0,3913144.0,157900.0,135000.0,0.0,0.0,42107.0,36000.0,0.0,0.0,0.0,0.0,42687748.0,36496890.0,0.0,0.0,0.0,0.0,0.0,0.0,0.0,0.0,5046222.0,4314386.0,376451.0,,,,0.0,0.0,0.0,0.0,,,,,
2018,Europe and Central Asia,Austrian Red Cross,Austria,AUT,,8840521.0,454991174096.102,13.3,48980.0,81.6927,3.6,,58.297,6.0,1.0,1.0,18.0,145.0,,38353.0,33599.0,,,71952.0,4886.0,3727.0,,,8613.0,782212350.0,694109084.0,782212350.0,694109084.0,,,,,,,,,,,,,,,,,,,,,,,,,363892.0,,,,0.0,50000.0,50000.0,0.0,,,,,
2019,Europe and Central Asia,Austrian Red Cross,Austria,AUT,,8879920.0,444596155845.254,13.9,51000.0,81.8951,3.6,,58.515,5.0,,,18.0,143.0,,39165.0,34784.0,,,73949.0,4820.0,4041.0,,,8861.0,58378139.0,53562250.0,58831756.0,53978446.0,5866831.0,5382848.0,,,,,18855.0,17300.0,,,,,45221289.0,41490771.0,,,,,,,,,6228593.0,5714767.0,359882.0,,359882.0,,,,,,,,,,
2020,Europe and Central Asia,Austrian Red Cross,Austria,AUT,,8916864.0,435049316955.737,14.7,48980.0,81.1927,3.6,,58.748,5.0,0.0,0.0,17.0,143.0,,38188.0,34250.0,,,72438.0,9692.0,4813.0,,,10236.0,61352833.0,56878223.0,61043200.0,56591172.0,2873810.0,2664216.0,,,,,29605.0,27446.0,,,,,49991862.0,46345835.0,,,329639.0,305598.0,,,,,7133307.0,6613058.0,317766.0,,317766.0,,0.0,0.0,0.0,,,,,,
2021,Europe and Central Asia,Austrian Red Cross,Austria,AUT,,8955797.0,479295362747.047,14.8,53150.0,81.239,3.7,,58.995,,0.0,1.0,16.0,143.0,,,,,,74804.0,,,,,9668.0,62427403.0,58114602.0,62427403.0,58114602.0,4466520.0,4157950.0,,,,,27412.0,25518.0,,,,,51267138.0,47725345.0,,,,,,,,,5650483.0,5260119.0,266188.0,,,,,,,,,,,,
2022,Europe and Central Asia,Austrian Red Cross,Austria,AUT,,9041851.0,470941926750.741,,55720.0,,,,59.256,,1.0,1.0,18.0,142.0,,,,,,75401.0,,,,,11036.0,64495643.0,62489481.0,64465733.0,62460501.0,7841042.0,7597143.0,,,,,130817.0,126748.0,,,,,49150083.0,47621250.0,,,,,,,,,6139711.0,5948733.0,358180.0,,,,,,,,,,,,
2023,Europe and Central Asia,Austrian Red Cross,Austria,AUT,,,,,,,,,,,0.0,1.0,17.0,132.0,9.0,,,,,75671.0,,,,,10287.0,62869513.0,67594141.0,62858685.0,67582499.0,2766461.0,2974360.0,,,,,57313.0,61620.0,,,,,50601357.0,54404036.0,,,,,,,,,7902402.0,8496266.0,275504.0,,,,,,,,,,,,
2024,Europe and Central Asia,Austrian Red Cross,Austria,AUT,,,,,,,,,,,0.0,1.0,16.0,132.0,9.0,,,,,79713.0,,,,,10719.0,68974264.0,73302075.0,70806307.0,75249071.0,3487923.0,3706774.0,110598.0,117537.0,,,53522.0,56880.0,,,,,54210778.0,57612250.0,,,282.0,300.0,95713.0,101719.0,,,9067164.0,9636086.0,385959.0,,,,,,,,,,,,
2010,Asia Pacific,Australian Red Cross,Australia,AUS,DAU001,22031750.0,1148890200292.42,,46750.0,81.6951,4.8,,85.182,5.0,,,,,,,,,,1.0,,,,,,0.0,,0.0,,,,,,,,,,,,,,,,,,0.0,,,,,,,,,,,,,,,,,,,,
2011,Asia Pacific,Australian Red Cross,Australia,AUS,DAU001,22340024.0,1398701323029.63,,50410.0,81.8951,4.5,,85.3,6.0,,,,1058.0,,,,,,34233.0,,,,,2478.0,2864623.0,3009000.0,2699924.0,2836000.0,,,,,,,,,,,,,,,,,0.0,,,,,,,,,,,,,,,,,,,,
2012,Asia Pacific,Australian Red Cross,Australia,AUS,DAU001,22733465.0,1547649835732.89,,60290.0,82.0463,4.3,,85.402,6.0,,,,686.0,,,,,,34989.0,,,,,2962.0,971680887.0,1024929000.0,945778347.0,997607000.0,,,,,,,,,,,,,,,,,0.0,,,,,,,,,,,,42977.0,,,,,,,,
2013,Asia Pacific,Australian Red Cross,Australia,AUS,DAU001,23128129.0,1577301840200.01,,66090.0,82.1488,4.1,,85.502,6.0,,,,879.0,,,,,,34989.0,,,,,2963.0,810096535.0,1023800000.0,788495016.0,996500000.0,,,,,,,,,,,,,,,,,0.0,,,,,,,,,,,,59166.0,,,,,,,,
2014,Asia Pacific,Australian Red Cross,Australia,AUS,DAU001,23475686.0,1468597690006.22,,65240.0,82.3,4.0,,85.602,5.0,,,,987.0,,5796.0,23471.0,,,29267.0,780.0,2168.0,,,2948.0,890908506.0,1108700000.0,868328432.0,1080600000.0,,,,,,,,,,,,,,,,,0.0,,,,,,,,,,,,45974.0,,,,,,,,
2015,Asia Pacific,Australian Red Cross,Australia,AUS,DAU001,23815995.0,1351768945139.11,,60550.0,82.4,3.9,,85.701,5.0,,,,1003.0,,,,,,21337.0,780.0,2168.0,,,2948.0,696018945.0,967000000.0,702352933.0,975800000.0,,,,,,,,,,,,,,,,,0.0,,,,,,,,,,,,,,,,,,,,
2016,Asia Pacific,Australian Red Cross,Australia,AUS,,24190907.0,1207580901578.72,,54140.0,82.4488,3.8,,85.8,5.0,,,,1063.0,,4311.0,16259.0,,,22716.0,2641.0,3511.0,,,6152.0,646089211.0,894032000.0,631187777.0,873412000.0,67767563.0,93774000.0,,,,,,,,,,,,,23457836.0,32460000.0,,,,,,,8952424.0,12388000.0,47112.0,24877.0,,19436.0,33959.0,38016.0,3238016.0,,,,,,
2017,Asia Pacific,Australian Red Cross,Australia,AUS,,24592588.0,1326882104817.0,,51530.0,82.5,3.8,,85.904,5.0,1.0,1.0,16.0,978.0,,4171.0,15457.0,,1812.0,21440.0,2223.0,3825.0,,0.0,6048.0,660412172.0,900845000.0,663818902.0,905492000.0,60813093.0,82953000.0,2901622.0,3958000.0,2239630.0,3055000.0,,,,,4363429.0,5952000.0,6489428.0,8852000.0,21879459.0,29845000.0,,,,,,,27820526.0,37949000.0,40211.0,21282.0,520.0,18409.0,47500.0,208000.0,3708000.0,0.0,,,,,
2018,Asia Pacific,Australian Red Cross,Australia,AUS,,24963258.0,1429733668185.91,,53150.0,82.7488,3.8,,86.012,4.0,1.0,1.0,16.0,884.0,,2837.0,10419.0,,2916.0,16172.0,459.0,1368.0,,3441.0,5268.0,593663990.0,867401000.0,607045027.0,886952000.0,55200969.0,80654000.0,4580803.0,6693000.0,2097738.0,3065000.0,,,,,4290610.0,6269000.0,14575344.0,21296000.0,21489325.0,31398000.0,,,,,,,9304649.0,13595000.0,43065.0,18445.0,8805.0,15815.0,64763.0,230988.0,8230988.0,,,,,,
2019,Asia Pacific,Australian Red Cross,Australia,AUS,,25334826.0,1394671325960.57,,54970.0,82.9,3.8,,86.124,5.0,,,16.0,868.0,,3158.0,11275.0,,3101.0,17534.0,459.0,1398.0,,3576.0,5433.0,742338539.0,1139925000.0,711262463.0,1092205000.0,,,,,,,,,,,8126537.0,12479000.0,4808586.0,7384000.0,16498583.0,25335000.0,,,,,,,24079400.0,36976000.0,31487.0,13925.0,7020.0,10542.0,83715.0,313477.0,313477.0,,,,,,
2020,Asia Pacific,Australian Red Cross,Australia,AUS,,25649248.0,1330381544909.3,,53630.0,83.2,3.7,,86.241,3.0,,,16.0,833.0,,2982.0,10573.0,,2396.0,15951.0,495.0,1358.0,,3576.0,5429.0,731414101.0,1050330000.0,755456833.0,1084856000.0,62167378.0,89274000.0,,,,,,,,,7107111.0,10206000.0,5284025.0,7588000.0,21102675.0,30304000.0,,,,,,,52499033.0,75390000.0,35607.0,16569.0,8112.0,10926.0,313598.0,168235.0,168235.0,,,,,,
2021,Asia Pacific,Australian Red Cross,Australia,AUS,,25685412.0,1559033756285.13,,57240.0,83.3,3.7,,86.362,,1.0,1.0,16.0,799.0,,2549.0,9386.0,,741.0,12676.0,1434.0,4315.0,,11.0,5760.0,707507944.0,1067698000.0,766173497.0,1156230000.0,96892391.0,146220000.0,,,,,,,,,8096896.0,12219000.0,5052691.0,7625000.0,19190286.0,28960000.0,,,,,,,13317.0,20097.0,41007.0,16868.0,12459.0,11680.0,367847.0,40060.0,9040060.0,,,,,,
2022,Asia Pacific,Australian Red Cross,Australia,AUS,,26005540.0,1692956646855.7,,60840.0,,,,86.488,,1.0,1.0,16.0,799.0,,2549.0,9386.0,,741.0,12676.0,1434.0,4315.0,,11.0,5760.0,707507944.0,1067698000.0,766173497.0,1156230000.0,96892391.0,146220000.0,,,,,,,,,8096896.0,12219000.0,5052691.0,7625000.0,19190286.0,28960000.0,,,,,,,,,41007.0,16868.0,12459.0,11680.0,367847.0,40060.0,9040060.0,,,,,,
2023,Asia Pacific,Australian Red Cross,Australia,AUS,,,,,,,,,,,1.0,1.0,14.0,829.0,301.0,2299.0,8570.0,,616.0,11485.0,1382.0,4240.0,1.0,10.0,5633.0,629168243.0,1059791000.0,625478571.0,1053576000.0,56372125.0,94955000.0,,,,,,,,,6509020.0,10964000.0,5244498.0,8834000.0,21200621.0,35711000.0,,,,,,,44122297.0,74321000.0,51809.0,20918.0,15848.0,15043.0,38271.0,411357.0,444316.0,,,,,,
2024,Asia Pacific,Australian Red Cross,Australia,AUS,,,,,,,,,,,,,,,,,,,,,,,,,,,,,,,,,,,,,,,,,,,,,,,,,,,,,,,,,,,,,,,,,,
2009,Europe and Central Asia,Red Crescent Society of Azerbaijan,Azerbaijan,AZE,DAZ001,8947243.0,44291490420.5026,10.9,4790.0,70.597,40.1,99.76,53.19,32.0,,,,100.0,,,,,,16000.0,,,,,225.0,1992004.0,1546990.0,1943616.0,1509412.0,,,,,,,,,,,,,,,,,1693410.0,1315102.0,,,,,,,,,,,1287.0,,,,,,,,
2010,Europe and Central Asia,Red Crescent Society of Azerbaijan,Azerbaijan,AZE,DAZ001,9054332.0,52909294791.9262,9.1,5410.0,69.529,37.3,99.77,53.406,33.0,,,,83.0,,,,,,19810.0,,,,,,2513190.0,2108566.0,2192192.0,1839249.0,,,,,,,,,,,,,,,,,0.0,,,,,,,,,,,,,,,,,,,,
2011,Europe and Central Asia,Red Crescent Society of Azerbaijan,Azerbaijan,AZE,DAZ001,9173082.0,65952796427.9473,7.6,5570.0,69.984,34.8,99.78,53.637,31.0,,,,83.0,,2330.0,3420.0,,,5750.0,92.0,58.0,,,150.0,2753043.0,2293560.0,2689425.0,2240560.0,,,,,,,,,,,,,,,,,0.0,,,,,,,,,,,,,,,,,,,,
2012,Europe and Central Asia,Red Crescent Society of Azerbaijan,Azerbaijan,AZE,DAZ001,9295784.0,69679944504.1972,6.0,6480.0,70.36,32.5,99.78,53.883,29.0,,,,90.0,,4166.0,6042.0,,,10208.0,170.0,93.0,,,263.0,2149183.0,1844859.0,2005690.0,1721684.0,,,,,,,,,,,,,,,,,50329.0,43202.0,,,,,,,,,,,3473.0,,,,,,,,
2013,Europe and Central Asia,Red Crescent Society of Azerbaijan,Azerbaijan,AZE,DAZ001,9416801.0,74160560123.6902,,7450.0,70.881,30.3,99.79,54.145,28.0,,,,90.0,,3145.0,2903.0,,,6048.0,170.0,93.0,,,263.0,1846025.0,1622471.0,1844313.0,1620967.0,,,,,,,,,,,,,,,,,109741.0,96451.0,,,,,,,,,,,123.0,,,,,,,,
2014,Europe and Central Asia,Red Crescent Society of Azerbaijan,Azerbaijan,AZE,DAZ001,9535079.0,75239785452.1022,,7740.0,71.116,28.3,99.79,54.422,29.0,,,,85.0,,,,,,6500.0,,,,,271.0,2622805.0,2082190.0,2620202.0,2080123.0,,,,,,,,,,,,,,,,,0.0,,,,,,,,,,,,,,,,,,,,
2015,Europe and Central Asia,Red Crescent Society of Azerbaijan,Azerbaijan,AZE,DAZ001,9649341.0,53076235354.746,,6610.0,71.451,26.3,99.79,54.714,29.0,,,,92.0,,3255.0,3395.0,,,6650.0,99.0,69.0,,,168.0,1679174.0,1780882.0,1676463.0,1778006.0,,,,,,,,,,,,,,,,,82262.0,87245.0,,,,,,,,,,,143.0,,,,,,,,
2016,Europe and Central Asia,Red Crescent Society of Azerbaijan,Azerbaijan,AZE,,9757812.0,37866996882.9157,,4790.0,72.004,24.5,99.79,55.021,26.0,,,,92.0,,4945.0,3280.0,,,8225.0,93.0,38.0,,,131.0,1053964.0,1815295.0,1052718.0,1813149.0,20671.0,35603.0,6434.0,11081.0,0.0,0.0,0.0,0.0,0.0,0.0,0.0,0.0,1399.0,2410.0,,,42425.0,73070.0,0.0,0.0,0.0,0.0,483493.0,832744.0,6743.0,3188.0,,3555.0,246.0,246.0,246.0,,,,,,
2017,Europe and Central Asia,Red Crescent Society of Azerbaijan,Azerbaijan,AZE,,9854033.0,40866627351.9817,,4110.0,72.248,22.9,99.79,55.343,27.0,1.0,1.0,17.0,92.0,,10613.0,11146.0,,0.0,21759.0,96.0,64.0,,0.0,160.0,1083155.0,1869156.0,1083016.0,1868915.0,0.0,0.0,0.0,0.0,0.0,0.0,0.0,0.0,17067.0,29452.0,0.0,0.0,927.0,1600.0,0.0,0.0,122550.0,211480.0,0.0,0.0,0.0,0.0,476135.0,821646.0,2709.0,1207.0,0.0,1502.0,111.0,13415.0,13415.0,0.0,,,,,
2018,Europe and Central Asia,Red Crescent Society of Azerbaijan,Azerbaijan,AZE,,9939771.0,47112470051.7701,,4080.0,72.76,21.5,,55.68,28.0,1.0,1.0,17.0,91.0,,10994.0,11272.0,,,22266.0,88.0,72.0,,,160.0,909211.0,1567246.0,908484.0,1565993.0,,,,,,,,,980.0,1690.0,,,,,1450.0,2500.0,97155.0,167470.0,,,,,337990.0,582608.0,6548.0,3156.0,,3392.0,5496.0,9230.0,9230.0,0.0,,,,,
2019,Europe and Central Asia,Red Crescent Society of Azerbaijan,Azerbaijan,AZE,,10024283.0,48174235294.1176,,4510.0,73.102,20.4,99.8,56.031,27.0,,,17.0,92.0,,11211.0,11239.0,,,22450.0,101.0,62.0,,,163.0,1179909.0,2056365.0,1177202.0,2051646.0,8796.0,15329.0,,,,,,,,,,,2490.0,4340.0,1148.0,2000.0,,,,,,,700991.0,1221699.0,3403.0,1705.0,,1698.0,,,,,,,,,
2020,Europe and Central Asia,Red Crescent Society of Azerbaijan,Azerbaijan,AZE,,10093121.0,42693000000.0,,4480.0,66.868,19.4,,56.397,41.0,,,17.0,92.0,,11774.0,11374.0,,,23148.0,100.0,62.0,,,162.0,1435325.0,2649570.0,1088716.0,2009740.0,389174.0,718404.0,,,,,,,,,,,2275.0,4200.0,,,,,,,,,545494.0,1006966.0,7204.0,3546.0,,3658.0,146000.0,,,,,,,,
2021,Europe and Central Asia,Red Crescent Society of Azerbaijan,Azerbaijan,AZE,,10137750.0,54825411764.7059,,4910.0,69.366,18.6,,56.776,,0.0,0.0,17.0,85.0,,,,,,23700.0,,,,,160.0,2183567.0,4060659.0,2181926.0,4057608.0,646812.0,1202841.0,7347.0,13662.0,,,351218.0,653140.0,,,,,,,11747.0,21845.0,23919.0,44480.0,647807.0,1204691.0,,,,,600.0,,,,,,,127746.0,,,,,
2022,Europe and Central Asia,Red Crescent Society of Azerbaijan,Azerbaijan,AZE,,10141756.0,78721058823.5294,,5660.0,,,,57.17,,0.0,0.0,17.0,85.0,,,,,,24000.0,,,,,165.0,1853125.0,3416352.0,1848369.0,3407584.0,692411.0,1276503.0,16556.0,30522.0,,,,,,,,,,,19709.0,36334.0,8874.0,16359.0,515287.0,949963.0,,,,,95.0,,,,,,,242770.0,,,,,
2023,Europe and Central Asia,Red Crescent Society of Azerbaijan,Azerbaijan,AZE,,,,,,,,,,,0.0,0.0,17.0,85.0,85.0,,,,,24800.0,,,,,176.0,1853993.0,3747841.0,1776514.0,3591218.0,695958.0,1406876.0,10472.0,21169.0,,,,,,,,,,,217800.0,440281.0,,,250519.0,506424.0,,,48885.0,98820.0,533.0,,,,,14216.0,14216.0,1009.0,,,,,
2024,Europe and Central Asia,Red Crescent Society of Azerbaijan,Azerbaijan,AZE,,,,,,,,,,,0.0,0.0,17.0,86.0,86.0,,,,,6000.0,,,,,175.0,1955800.0,1955800.0,1940132.0,1940132.0,,,,,,,,,,,,,,,,,6079.0,6079.0,423824.0,423824.0,,,,,6239.0,3182.0,,3057.0,1683.0,51933.0,51933.0,1000.0,,,,,
2012,Europe and Central Asia,Red Cross Society of Bosnia and Herzegovina,Bosnia and Herzegovina,BIH,DBA001,3674374.0,17226735995.6905,,4900.0,77.191,6.7,,46.199,7.0,,,,142.0,,,,,,70000.0,,,,,350.0,1061075.0,1717986.0,1061075.0,1717986.0,,,,,,,,,,,,,,,,,0.0,,,,,,,,,,,,,,,,,,,,
2013,Europe and Central Asia,Red Cross Society of Bosnia and Herzegovina,Bosnia and Herzegovina,BIH,DBA001,3617559.0,18179108530.5261,,5160.0,76.33,6.5,96.99,46.519,8.0,,,,142.0,,,,,,70000.0,,,,,350.0,680131.0,1084945.0,680131.0,1084945.0,,,,,,,,,,,,,,,,,0.0,,,,,,,,,,,,,,,,,,,,
2014,Europe and Central Asia,Red Cross Society of Bosnia and Herzegovina,Bosnia and Herzegovina,BIH,DBA001,3571068.0,18558733564.4692,,5170.0,75.659,6.4,,46.84,8.0,,,,164.0,,4279.0,4826.0,,,9105.0,55.0,253.0,,,308.0,1904171.0,3095496.0,1904171.0,3095496.0,,,,,,,,,,,,,,,,,1181445.0,1920604.0,,,,,,,,,,,8082.0,,,,,,,,
2015,Europe and Central Asia,Red Cross Society of Bosnia and Herzegovina,Bosnia and Herzegovina,BIH,DBA001,3524324.0,16404348871.4437,16.9,5130.0,76.182,6.3,,47.173,7.0,,,,164.0,,4153.0,4826.0,,,8979.0,54.0,252.0,,,306.0,1539642.0,2776853.0,1539642.0,2776853.0,,,,,,,,,,,,,,,,,284018.0,512247.0,,,,,,,,,,,4571.0,,,,,,,,
2016,Europe and Central Asia,Red Cross Society of Bosnia and Herzegovina,Bosnia and Herzegovina,BIH,,3480986.0,17116926327.6247,,5060.0,76.808,6.2,,47.518,6.0,,,,164.0,,4448.0,5085.0,,,9533.0,54.0,249.0,,,303.0,620198.0,1130955.0,620198.0,1130956.0,0.0,0.0,0.0,0.0,174132.0,317536.0,4264.0,7775.0,0.0,0.0,0.0,0.0,0.0,0.0,107962.0,196873.0,41408.0,75509.0,50206.0,91553.0,80064.0,146000.0,79905.0,145710.0,25997.0,12681.0,,13316.0,325.0,527.0,527.0,0.0,,,,,
2017,Europe and Central Asia,Red Cross Society of Bosnia and Herzegovina,Bosnia and Herzegovina,BIH,,3440027.0,18326373366.1105,,5050.0,76.935,6.1,,47.876,6.0,1.0,1.0,10.0,164.0,,4226.0,4781.0,,0.0,9007.0,54.0,247.0,,0.0,301.0,480972.0,804260.0,480972.0,804260.0,,,,,,,,,,,,,136265.0,227856.0,,,78041.0,130496.0,43491.0,72723.0,95496.0,159684.0,37976.0,63501.0,31127.0,15148.0,0.0,15979.0,105.0,323.0,323.0,0.0,,,,,
2018,Europe and Central Asia,Red Cross Society of Bosnia and Herzegovina,Bosnia and Herzegovina,BIH,,3400129.0,20484053868.9246,,5700.0,77.093,6.0,,48.245,6.0,0.0,0.0,10.0,166.0,,,,,,9814.0,,,,,313.0,938790.0,1629307.0,938790.0,1629307.0,,,,,,,,,,,,,,,,,,,,,,,,,54009.0,,,,154.0,970.0,970.0,3000.0,,,,,
2019,Europe and Central Asia,Red Cross Society of Bosnia and Herzegovina,Bosnia and Herzegovina,BIH,,3360711.0,20482608755.379,,6160.0,77.241,5.9,,48.626,5.0,,,10.0,164.0,,4786.0,5187.0,,,9973.0,76.0,235.0,,0.0,311.0,1059337.0,1900965.0,1059337.0,1900965.0,,,,,,,,,,,,,100307.0,180000.0,,,187755.0,336924.0,594232.0,1066341.0,93453.0,167700.0,,,53643.0,27132.0,0.0,26511.0,6357.0,1259.0,1259.0,24448.0,,,,,
2020,Europe and Central Asia,Red Cross Society of Bosnia and Herzegovina,Bosnia and Herzegovina,BIH,,3318407.0,20226036564.4129,,6120.0,76.225,5.7,,49.02,6.0,,,10.0,164.0,,4925.0,5203.0,,,10128.0,81.0,247.0,,0.0,328.0,1966957.0,3566461.0,1966957.0,3566461.0,15185.0,27533.0,,,98600.0,178780.0,,,,,,,98249.0,178143.0,,,662572.0,1201368.0,558498.0,1012662.0,265792.0,481930.0,146728.0,266046.0,28473.0,14288.0,,14185.0,8243.0,1870.0,1870.0,30701.0,,,,,
2021,Europe and Central Asia,Red Cross Society of Bosnia and Herzegovina,Bosnia and Herzegovina,BIH,,3270943.0,23649568276.8447,,6900.0,75.3,5.6,,49.425,,1.0,1.0,10.0,165.0,,4937.0,5219.0,,,10156.0,81.0,248.0,,,329.0,3463528.0,6306084.0,3463528.0,6306084.0,109102.0,198643.0,,,,,,,,,,,,,100736.0,183412.0,2022510.0,3682407.0,833820.0,1518145.0,206444.0,375874.0,9668.0,17603.0,46484.0,,,,12903.0,2925.0,2925.0,22035.0,,,,,
2022,Europe and Central Asia,Red Cross Society of Bosnia and Herzegovina,Bosnia and Herzegovina,BIH,,3233526.0,24473906673.7086,,7660.0,,,98.3,49.841,,1.0,1.0,10.0,165.0,,4723.0,5101.0,,,9824.0,83.0,252.0,,,335.0,2007144.0,3654429.0,2007144.0,3654429.0,7868.0,14325.0,,,,,,,,,,,,,91504.0,166602.0,1002662.0,1825558.0,559536.0,1018754.0,242778.0,442029.0,20410.0,37161.0,43228.0,,,,10396.0,2689.0,2689.0,10760.0,,,,,
2023,Europe and Central Asia,Red Cross Society of Bosnia and Herzegovina,Bosnia and Herzegovina,BIH,,,,,,,,,,,0.0,0.0,10.0,165.0,21.0,,,,,9749.0,85.0,256.0,,,341.0,2164280.0,4551070.0,2164280.0,4551070.0,305778.0,642993.0,39202.0,82435.0,,,,,,,,,,,75808.0,159410.0,492286.0,1035185.0,383769.0,806994.0,230587.0,484881.0,,,46273.0,,,,6700.0,1354.0,1354.0,17905.0,,,,,
2024,Europe and Central Asia,Red Cross Society of Bosnia and Herzegovina,Bosnia and Herzegovina,BIH,,,,,,,,,,,,,,,,,,,,,,,,,,,,,,,,,,,,,,,,,,,,,,,,,,,,,,,,,,,,,,,,,,
2010,Americas,The Barbados Red Cross Society,Barbados,BRB,DBB001,274711.0,4531150000.0,,15970.0,75.712,15.0,,31.87,53.0,,,,,,,,,,500.0,,,,,,0.0,,0.0,,,,,,,,,,,,,,,,,,0.0,,,,,,,,,,,,,,,,,,,,
2012,Americas,The Barbados Red Cross Society,Barbados,BRB,DBB001,276197.0,4613850000.0,,16170.0,76.099,14.7,,31.553,52.0,,,,2.0,,250.0,450.0,,,700.0,,,,,7.0,222005.0,475334.0,237942.0,509457.0,,,,,,,,,,,,,,,,,0.0,,,,,,,,,,,,,,,,,,,,
2013,Americas,The Barbados Red Cross Society,Barbados,BRB,DBB001,276865.0,4685550000.0,,16120.0,76.275,14.6,,31.429,51.0,,,,0.0,,200.0,300.0,,,500.0,3.0,5.0,,,8.0,176949.0,388935.0,216517.0,475905.0,,,,,,,,,,,,,,,,,19108.0,42000.0,,,,,,,,,,,0.0,,,,,,,,
2014,Americas,The Barbados Red Cross Society,Barbados,BRB,DBB001,277493.0,4707600000.0,,16090.0,76.476,14.4,,31.328,49.0,,,,1.0,,220.0,330.0,,,550.0,3.0,5.0,,,8.0,194942.0,394848.0,222852.0,451378.0,,,,,,,,,,,,,,,,,0.0,0.0,,,,,,,,,,,,,,,,,,,
2015,Americas,The Barbados Red Cross Society,Barbados,BRB,DBB001,278083.0,4734000000.0,,16200.0,76.65,14.1,,31.249,49.0,,,,1.0,,220.0,330.0,,,550.0,5.0,3.0,,,8.0,253990.0,513385.0,265940.0,537539.0,,,,,,,,,,,,,,,,,0.0,0.0,,,,,,,,,,,,,,,,,,,
2016,Americas,The Barbados Red Cross Society,Barbados,BRB,,278649.0,4843300000.0,,16390.0,76.815,13.8,,31.193,48.0,,,,1.0,,120.0,342.0,,,462.0,,,,,8.0,183918.0,358702.0,191269.0,373039.0,3551.0,6925.0,33808.0,65938.0,0.0,0.0,0.0,0.0,0.0,0.0,0.0,0.0,761.0,1484.0,51556.0,100552.0,0.0,0.0,0.0,0.0,0.0,0.0,0.0,0.0,549.0,391.0,,158.0,0.0,0.0,0.0,0.0,,,,,
2017,Americas,The Barbados Red Cross Society,Barbados,BRB,,279187.0,4992300000.0,,16530.0,76.936,13.4,,31.159,47.0,1.0,1.0,8.0,1.0,,197.0,326.0,,0.0,523.0,3.0,6.0,,0.0,9.0,298989.0,612468.0,320596.0,656730.0,4021.0,8237.0,23367.0,47866.0,0.0,0.0,0.0,0.0,0.0,0.0,0.0,0.0,27822.0,56993.0,37598.0,77018.0,0.0,0.0,0.0,0.0,0.0,0.0,131248.0,268858.0,539.0,391.0,0.0,148.0,0.0,0.0,0.0,0.0,,,,,
2018,Americas,The Barbados Red Cross Society,Barbados,BRB,,279688.0,5110250000.0,,17110.0,77.067,13.0,,31.147,47.0,1.0,1.0,8.0,1.0,,132.0,220.0,,0.0,352.0,2.0,8.0,,0.0,10.0,196978.0,400105.0,193225.0,392482.0,3269.0,6640.0,49578.0,100703.0,0.0,0.0,0.0,0.0,0.0,0.0,0.0,0.0,33501.0,68047.0,40469.0,82201.0,0.0,0.0,0.0,0.0,0.0,0.0,50060.0,101682.0,603.0,316.0,0.0,287.0,0.0,0.0,0.0,0.0,,,,,
2019,Americas,The Barbados Red Cross Society,Barbados,BRB,,280180.0,5341100000.0,,17680.0,77.257,12.7,,31.158,47.0,,,8.0,1.0,,112.0,203.0,,,315.0,3.0,6.0,,,9.0,,410454.0,,424127.0,,68791.0,,63934.0,,,,,,,,,,81813.0,,58754.0,,,,267048.0,,,,,682.0,384.0,0.0,298.0,,55.0,55.0,,,,,,
2020,Americas,The Barbados Red Cross Society,Barbados,BRB,,280693.0,4738800000.0,,16420.0,77.393,12.3,,31.191,39.0,,,8.0,1.0,,116.0,192.0,,,308.0,3.0,7.0,,,10.0,584204.0,634366.0,476732.0,517667.0,63175.0,68600.0,191558.0,208006.0,,,,,,,,,3116.0,3384.0,37341.0,40547.0,,,265016.0,287772.0,,,207.0,225.0,160.0,96.0,,64.0,,294.0,294.0,,,,,,
2021,Americas,The Barbados Red Cross Society,Barbados,BRB,,281200.0,4923100000.0,,16710.0,77.571,11.9,,31.246,,1.0,1.0,6.0,1.0,,69.0,192.0,,,261.0,3.0,7.0,,,10.0,258168.0,564824.0,,,51155.0,111918.0,87549.0,191540.0,,,,,,,,,4603.0,10070.0,2423.0,5301.0,,,100254.0,219338.0,,,377.0,825.0,70.0,6.0,,64.0,0.0,441.0,441.0,156.0,,,,,
2022,Americas,The Barbados Red Cross Society,Barbados,BRB,,281635.0,5699950000.0,,19490.0,,,,31.324,,1.0,1.0,6.0,1.0,,37.0,107.0,,,144.0,2.0,6.0,,,8.0,,,,,,,,,,,,,,,,,,,,,,,,,,,,,506.0,333.0,,173.0,,,,,,,,,
2023,Americas,The Barbados Red Cross Society,Barbados,BRB,,,,,,,,,,,0.0,0.0,9.0,1.0,1.0,,,,,90.0,,,,,7.0,151764.0,360930.0,132362.0,314787.0,30095.0,71572.0,28228.0,67132.0,,,,,,,,,,,43467.0,103374.0,,,32805.0,78018.0,,,,,689.0,,,0.0,150.0,27.0,27.0,0.0,,,,,
2024,Americas,The Barbados Red Cross Society,Barbados,BRB,,,,,,,,,,,,,,,,,,,,,,,,,,,,,,,,,,,,,,,,,,,,,,,,,,,,,,,,,,,,,,,,,,
2011,Asia Pacific,Bangladesh Red Crescent Society,Bangladesh,BGD,DBD001,150211005.0,128637983882.833,,890.0,68.809,46.7,58.77,31.225,301.0,,,,66.0,,,,,,2000.0,,,,,1500.0,1300000.0,1300000.0,1300000.0,1300000.0,,,,,,,,,,,,,,,,,0.0,,,,,,,,,,,,,,,,,,,,
2012,Asia Pacific,Bangladesh Red Crescent Society,Bangladesh,BGD,DBD001,152090649.0,133355820262.925,,970.0,69.554,44.4,57.86,31.993,237.0,,,,69.0,,,,,,20000.0,,,,,1506.0,2281184.0,195320700.0,2183818.0,186984000.0,,,,,,,,,,,,,,,,,0.0,,,,,,,,,,,,,,,,,,,,
2013,Asia Pacific,Bangladesh Red Crescent Society,Bangladesh,BGD,DBD001,154030139.0,149990529836.78,,1030.0,69.565,42.1,61.02,32.762,219.0,,,,68.0,,15353.0,7647.0,,,23000.0,394.0,112.0,,,506.0,1597977.0,138000000.0,2014840.0,174000000.0,,,,,,,,,,,,,,,,,0.0,,,,,,,,,,,,,,,,,,,,
2014,Asia Pacific,Bangladesh Red Crescent Society,Bangladesh,BGD,DBD001,155961299.0,172885432686.945,,1100.0,69.986,40.0,61.09,33.535,219.0,,,,69.0,,,,,,34119.0,,,,,527.0,4936473.0,382444400.0,4413714.0,341944544.0,,,,,,,,,,,,,,,,,0.0,,,,,,,,,,,,,,,,,,,,
2015,Asia Pacific,Bangladesh Red Crescent Society,Bangladesh,BGD,DBD001,157830000.0,195078573252.202,,1210.0,70.491,38.0,65.14,34.308,212.0,,,,69.0,,,,,,61331.0,,,,,502.0,6932723.0,538048637.0,6502148.0,504631666.0,,,,,,,,,,,,,,,,,0.0,,,,,,,,,,,,,,,,,,,,
2016,Asia Pacific,Bangladesh Red Crescent Society,Bangladesh,BGD,,159784568.0,265236390328.627,24.3,1410.0,71.09,36.0,72.76,35.083,196.0,,,,68.0,,509778.0,299153.0,,,808931.0,1153.0,913.0,,,2066.0,16875696.0,1267610313.0,16274801.0,1222474333.0,,,,,,,63875.0,4797954.0,,,51167.0,3843400.0,7775172.0,584028532.0,3478955.0,261320167.0,2598099.0,195155047.0,1951836.0,146611304.0,843400.0,63351592.0,33313.0,2502316.0,2320.0,593.0,,1727.0,465121.0,263278.0,263278.0,159223.0,,,,,
2017,Asia Pacific,Bangladesh Red Crescent Society,Bangladesh,BGD,,161793964.0,293754781336.0,,1650.0,71.788,34.1,72.89,35.858,183.0,1.0,1.0,16.0,68.0,,564216.0,333608.0,,,897824.0,1299.0,989.0,,,2288.0,26526432.0,2240786580.0,27239839.0,2301050751.0,12140.0,1025500.0,1366815.0,115460000.0,106926.0,9032470.0,123541.0,10436000.0,141710.0,11970753.0,,,12736547.0,1075903592.0,1700950.0,143685617.0,3151812.0,266245275.0,4992930.0,421771452.0,1035411.0,87465038.0,843128.0,71222175.0,98700.0,38994.0,,59706.0,1143904.0,797690.0,797690.0,993270.0,,,,,
2018,Asia Pacific,Bangladesh Red Crescent Society,Bangladesh,BGD,,163683958.0,321379127909.353,,2020.0,72.567,32.2,73.91,36.632,172.0,1.0,1.0,16.0,68.0,,535660.0,337682.0,,,873342.0,1649.0,1235.0,,,2884.0,30941220.0,2597047170.0,29271593.0,2456907223.0,,,691077.0,58005434.0,163899.0,13756851.0,2058194.0,172754217.0,422779.0,35485933.0,195878.0,16441009.0,12929575.0,1085242181.0,3070688.0,257737809.0,3591390.0,301442855.0,2821829.0,236849844.0,1578943.0,132528350.0,3165934.0,265732237.0,92690.0,34837.0,,57853.0,1233960.0,1296748.0,1296748.0,1322473.0,,,,,
2019,Asia Pacific,Bangladesh Red Crescent Society,Bangladesh,BGD,,165516222.0,351238399005.451,,2210.0,72.806,30.4,74.68,37.405,157.0,,,16.0,68.0,,359062.0,176592.0,,,535654.0,1919.0,1513.0,,,3432.0,35267475.0,3010968562.0,34126284.0,2913539172.0,21915.0,1870989.0,578344.0,49376207.0,,,2310944.0,197297400.0,,,,,14174146.0,1210120930.0,2575122.0,219851623.0,2118574.0,180873737.0,9514613.0,812312184.0,1853842.0,158272209.0,17205.0,1468907.0,77917.0,25193.0,,52724.0,1139525.0,1152483.0,1152483.0,968260.0,,,,,
2020,Asia Pacific,Bangladesh Red Crescent Society,Bangladesh,BGD,,167420951.0,373902197869.16,,2300.0,71.968,28.8,74.91,38.177,123.0,,,16.0,68.0,,65097.0,44842.0,,2.0,109941.0,2300.0,1533.0,,1.0,3834.0,32590318.0,2945351801.0,26402989.0,2386171605.0,1660.0,150000.0,1024342.0,92575000.0,1107.0,100000.0,3576183.0,323197711.0,63583.0,5746304.0,,,8642194.0,781038770.0,2960362.0,267542869.0,5680859.0,513407945.0,5692098.0,514423661.0,1623169.0,146693959.0,234802.0,21220260.0,10648.0,4259.0,,6389.0,2728016.0,1317625.0,1317625.0,312169.0,,,,,
2021,Asia Pacific,Bangladesh Red Crescent Society,Bangladesh,BGD,,169356251.0,416264800549.026,,2570.0,72.381,27.3,,38.946,,1.0,1.0,15.0,68.0,,73569.0,49046.0,,2.0,122617.0,1728.0,1152.0,,1.0,2881.0,48645198.0,4455912591.0,45076342.0,4129004526.0,62295.0,5706233.0,477856.0,43771751.0,,,3263846.0,298969087.0,156113.0,14300000.0,,,15630774.0,1431782868.0,2094847.0,191888545.0,7037708.0,644655844.0,16800088.0,1538892346.0,1939822.0,177688232.0,254317.0,23295487.0,12257.0,4903.0,,7354.0,26538550.0,1231127.0,1231127.0,661425.0,,,,,
2022,Asia Pacific,Bangladesh Red Crescent Society,Bangladesh,BGD,,171186372.0,460201265527.977,18.7,2820.0,,,,39.711,,1.0,1.0,15.0,68.0,,69732.0,52827.0,,,122559.0,1724.0,1033.0,,,2757.0,40957217.0,3746543844.0,37592611.0,3438767916.0,80604.0,7373253.0,234941.0,21491147.0,0.0,0.0,3836222.0,350916774.0,228029.0,20858873.0,55327.0,5061000.0,16740545.0,1531334198.0,2166504.0,198179987.0,9629229.0,880829552.0,5189773.0,474732260.0,1260074.0,115264694.0,111627.0,10211020.0,32360.0,14472.0,,17888.0,30772793.0,783715.0,783715.0,617052.0,,,,,
2023,Asia Pacific,Bangladesh Red Crescent Society,Bangladesh,BGD,,,,,,,,,,,1.0,1.0,15.0,155.0,68.0,93602.0,68539.0,,,162141.0,1683.0,1144.0,,,2827.0,27473789.0,3552338853.0,25938103.0,3353775870.0,243512.0,31485949.0,271351.0,35085412.0,0.0,0.0,2256371.0,291746970.0,0.0,0.0,0.0,0.0,9536874.0,1233110162.0,1503241.0,194367917.0,8219715.0,1062802564.0,3668830.0,474376826.0,671237.0,86790441.0,412513.0,53337634.0,57500.0,27652.0,,29848.0,2739178.0,1478581.0,2119377.0,356242.0,,,,,
2024,Asia Pacific,Bangladesh Red Crescent Society,Bangladesh,BGD,,,,,,,,,,,,,,,,,,,,,,,,,,,,,,,,,,,,,,,,,,,,,,,,,,,,,,,,,,,,,,,,,,
2012,Europe and Central Asia,Belgian Red Cross,Belgium,BEL,DBE001,11106932.0,496152879924.727,,47130.0,80.3854,4.3,,97.744,5.0,,,,380.0,,10049.0,14288.0,,,24337.0,1009.0,1634.0,,,2643.0,370062791.0,306411991.0,360891901.0,298818494.0,,,,,,,,,,,,,,,,,0.0,0.0,,,,,,,,,,,438969.0,,,,,,,,
2013,Europe and Central Asia,Belgian Red Cross,Belgium,BEL,DBE001,11159407.0,521791015247.06,,47900.0,80.5878,4.2,,97.789,6.0,,,,380.0,,9857.0,14243.0,,,24100.0,944.0,1586.0,,,2530.0,349824540.0,285351877.0,335569345.0,273723915.0,,,,,,,,,,,,,,,,,0.0,0.0,,,,,,,,,,,,,,,,,,,
2014,Europe and Central Asia,Belgian Red Cross,Belgium,BEL,DBE001,11209057.0,535390200131.018,,47820.0,81.2878,4.1,,97.833,5.0,,,,379.0,,9897.0,14375.0,,,24272.0,899.0,1521.0,,,2420.0,323869665.0,269205000.0,321504450.0,267239000.0,,,,,,,,,,,,,,,,,0.0,,,,,,,,,,,,,,,,,,,,
2015,Europe and Central Asia,Belgian Red Cross,Belgium,BEL,DBE001,11274196.0,462335574841.484,,45570.0,80.9927,4.1,,97.876,5.0,,,,390.0,,10718.0,15698.0,,,26416.0,1201.0,1923.0,,,3124.0,348194495.0,321088250.0,344449078.0,317634406.0,,,,,,,,,,,,,,,,,0.0,0.0,,,,,,,,,,,,,,,,,,,
2016,Europe and Central Asia,Belgian Red Cross,Belgium,BEL,,11331422.0,476062757356.927,,43400.0,81.439,4.1,,97.919,5.0,,,,402.0,,10452.0,15302.0,,,25754.0,1207.0,1854.0,,,3061.0,422186314.0,393819496.0,415220172.0,387321411.0,,,,,,,,,,,,,,,,,,,,,,,,,84220.0,,,,900963.0,11370968.0,11370968.0,0.0,,,,,
2017,Europe and Central Asia,Belgian Red Cross,Belgium,BEL,,11375158.0,502764720556.354,,42520.0,81.4927,4.1,,97.961,5.0,0.0,0.0,,392.0,,9972.0,14335.0,,,24307.0,1181.0,1843.0,,0.0,3024.0,412958773.0,353068776.0,404956433.0,346226988.0,27500521.0,23512215.0,711510.0,608322.0,0.0,0.0,0.0,0.0,0.0,0.0,0.0,0.0,0.0,0.0,340524273.0,291139203.0,0.0,0.0,0.0,0.0,0.0,0.0,3861690.0,3301642.0,94803.0,,,,0.0,0.0,0.0,50414.0,,,,,
2018,Europe and Central Asia,Belgian Red Cross,Belgium,BEL,,11427054.0,543299066998.902,14.8,46060.0,81.5951,4.1,,98.001,5.0,1.0,1.0,25.0,392.0,,9818.0,14393.0,,,24211.0,1145.0,1797.0,,,2942.0,399040159.0,354094894.0,389623930.0,345739247.0,26580771.0,23586887.0,687714.0,610254.0,,,,,,,,,329135485.0,292063824.0,,,,,,,,,3732535.0,3312127.0,79022.0,,,,400.0,98926.0,98926.0,0.0,,,,,
2019,Europe and Central Asia,Belgian Red Cross,Belgium,BEL,,11488980.0,535865804349.803,14.1,48100.0,81.9951,4.1,,98.041,5.0,,,25.0,392.0,,8800.0,15814.0,,0.0,24614.0,1318.0,2043.0,,0.0,3361.0,422865148.0,387981000.0,422690833.0,387821065.0,28162818.0,25839534.0,718870.0,659567.0,0.0,0.0,0.0,0.0,0.0,0.0,0.0,0.0,348779173.0,320006728.0,0.0,0.0,0.0,0.0,0.0,0.0,0.0,0.0,3974932.0,3647021.0,79842.0,,79842.0,,1000.0,,,,,,,,
2020,Europe and Central Asia,Belgian Red Cross,Belgium,BEL,,11538604.0,526264230147.394,12.7,46100.0,80.6951,4.1,,98.079,5.0,,,28.0,337.0,,10112.0,14835.0,,,24947.0,1401.0,2172.0,,,3573.0,,,,,,,,,,,,,,,,,,,,,,,,,,,,,54089.0,,54089.0,,1000.0,,,,,,,,
2021,Europe and Central Asia,Belgian Red Cross,Belgium,BEL,,11586195.0,600748812601.541,13.2,51060.0,81.8902,4.1,,98.117,,0.0,0.0,34.0,366.0,,,,,,24289.0,,,,,3296.0,501131990.0,466511257.0,483613587.0,450203114.0,129172772.0,120248863.0,105020582.0,97765229.0,,,,,,,,,,,,,,,,,,,,,58297.0,,,,0.0,0.0,0.0,0.0,,,,,
2022,Europe and Central Asia,Belgian Red Cross,Belgium,BEL,,11685814.0,583435595579.963,,53890.0,,,,98.153,,0.0,0.0,34.0,474.0,,,,,,24928.0,,,,,4312.0,496924282.0,481467257.0,491988613.0,476685114.0,129129238.0,125112622.0,103082773.0,99876343.0,,,,,,,,,,,,,,,,,,,,,77081.0,,,,,,,,,,,,
2023,Europe and Central Asia,Belgian Red Cross,Belgium,BEL,,,,,,,,,,,0.0,0.0,31.0,314.0,314.0,,,,,25396.0,,,,,3910.0,527112727.0,566725112.0,565952190.0,608483351.0,66903187.0,71930944.0,96440244.0,103687703.0,,,,,,,,,,,,,,,,,,,,,105665.0,,,,,,,,,,,,
2024,Europe and Central Asia,Belgian Red Cross,Belgium,BEL,,,,,,,,,,,0.0,0.0,29.0,364.0,364.0,,,,,24964.0,,,,,4046.0,533226206.0,566683649.0,595190320.0,632535720.0,46679025.0,49607915.0,91865118.0,97629223.0,,,,,,,,,,,,,,,,,,,,,105809.0,,,,,,,,,,,,
2009,Africa,Burkinabe Red Cross Society,Burkina Faso,BFA,DBF001,15141098.0,9450697335.5357,,610.0,56.377,127.2,,24.079,393.0,,,,45.0,,,,,,2500.0,,,,,187.0,3407045.0,1467335802.0,3356551.0,1445589344.0,,,,,,,,,,,,,,,,,1749277.0,753373279.0,,,,,,,,,,,57428.0,,,,,,,,
2010,Africa,Burkinabe Red Cross Society,Burkina Faso,BFA,DBF001,16116845.0,10109619740.6994,,630.0,56.477,121.9,,24.633,357.0,,,,,,,,,,1791.0,,,,,,0.0,,0.0,,,,,,,,,,,,,,,,,,0.0,,,,,,,,,,,,,,,,,,,,
2012,Africa,Burkinabe Red Cross Society,Burkina Faso,BFA,DBF001,17113732.0,12561015156.5683,,710.0,57.619,112.9,,25.767,321.0,,,,45.0,,,,,,2800.0,,,,,200.0,4685408.0,2544828189.0,203316.0,110428792.0,,,,,,,,,,,,,,,,,0.0,,,,,,,,,,,,,,,,,,,,
2013,Africa,Burkinabe Red Cross Society,Burkina Faso,BFA,DBF001,17636408.0,13444300485.8412,,750.0,57.823,108.7,,26.346,324.0,,,,45.0,,2103.0,854.0,,,2957.0,135.0,52.0,,,187.0,361322.0,193349679.0,308151.0,164896735.0,,,,,,,,,,,,,,,,,0.0,,,,,,,,,,,,,,,,,,,,
2014,Africa,Burkinabe Red Cross Society,Burkina Faso,BFA,DBF001,18169842.0,13943016076.7436,,740.0,58.359,104.7,34.6,26.934,313.0,,,,45.0,,2099.0,854.0,,,2953.0,,,,,187.0,3714534.0,2024410585.0,3238087.0,1764748368.0,,,,,,,,,,,,,,,,,2745212.0,1496132764.0,,,,,,,,,,,6267.0,,,,,,,,
2015,Africa,Burkinabe Red Cross Society,Burkina Faso,BFA,DBF001,18718019.0,11832159315.6298,,680.0,58.845,101.1,,27.53,295.0,,,,45.0,,2099.0,854.0,,,2953.0,,,,,187.0,2913749.0,1760000000.0,3336435.0,2015316361.0,,,,,,,,,,,,,,,,,2872884.0,1735316361.0,,,,,,,,,,,9575.0,,,,,,,,
2016,Africa,Burkinabe Red Cross Society,Burkina Faso,BFA,,19275498.0,12833363045.3367,,660.0,59.326,97.7,,28.134,293.0,,,,45.0,,1926.0,958.0,,,2884.0,116.0,55.0,,,171.0,4431434.0,2708700383.0,3708880.0,2267041656.0,0.0,0.0,2292.0,1401000.0,0.0,0.0,202761.0,123936810.0,0.0,0.0,35158.0,21489943.0,94489.0,57756035.0,194950.0,119162433.0,3474699.0,2123899309.0,318128.0,194454853.0,76238.0,46600000.0,0.0,0.0,523.0,259.0,,264.0,9435.0,730.0,730.0,150618.0,,,,,
2017,Africa,Burkinabe Red Cross Society,Burkina Faso,BFA,,19835858.0,14106955615.3442,,650.0,59.536,94.5,,28.743,283.0,1.0,1.0,10.0,45.0,,2150.0,803.0,,0.0,2953.0,151.0,67.0,,0.0,218.0,,,,,0.0,0.0,0.0,0.0,0.0,0.0,228780.0,128311704.0,0.0,0.0,0.0,0.0,25584.0,14349000.0,107468.0,60273853.0,,,276643.0,155155759.0,198448.0,111299851.0,0.0,0.0,1400.0,250.0,0.0,1150.0,27552.0,1057.0,9803.0,32463.0,,,,,
2018,Africa,Burkinabe Red Cross Society,Burkina Faso,BFA,,20392723.0,15890066221.2882,41.4,730.0,60.047,91.3,39.35,29.358,277.0,1.0,1.0,10.0,45.0,,2404.0,807.0,,,3211.0,143.0,45.0,,,188.0,7449252.0,4336002178.0,6642227.0,3866255315.0,0.0,0.0,0.0,0.0,0.0,0.0,428470.0,249400203.0,0.0,0.0,494274.0,287702924.0,185311.0,107864193.0,0.0,0.0,5978782.0,3480082928.0,,,328055.0,190951930.0,,,623.0,258.0,,365.0,42631.0,50515.0,353605.0,65658.0,,,,,
2019,Africa,Burkinabe Red Cross Society,Burkina Faso,BFA,,20951639.0,16032813501.6639,,750.0,60.039,88.2,29.66,29.98,283.0,,,10.0,45.0,,33225.0,11805.0,,0.0,45030.0,203.0,86.0,,,289.0,15357142.0,9240157719.0,8979985.0,5403119871.0,0.0,0.0,0.0,0.0,5451.0,3279785.0,2577000.0,1550541712.0,0.0,0.0,18642.0,11216352.0,457434.0,275231000.0,66480.0,40000000.0,11627524.0,6996103650.0,1911.0,1150000.0,315265.0,189689875.0,0.0,0.0,1446.0,485.0,,961.0,39797.0,64586.0,611443.0,303905.0,,,,,
2020,Africa,Burkinabe Red Cross Society,Burkina Faso,BFA,,21522626.0,17725010530.7894,,770.0,59.731,85.4,,30.607,264.0,,,10.0,45.0,,33225.0,11805.0,,,45030.0,222.0,91.0,,,313.0,16776433.0,10204642783.0,14203822.0,8639794438.0,0.0,0.0,30826.0,18750688.0,0.0,0.0,7211400.0,4386496436.0,4094655.0,2490665938.0,0.0,0.0,393276.0,239219245.0,134974.0,82100755.0,3552193.0,2160701462.0,638543.0,388408270.0,640835.0,389802422.0,46850.0,28497567.0,2732.0,777.0,,1955.0,49661.0,71564.0,500948.0,373184.0,,,,,
2021,Africa,Burkinabe Red Cross Society,Burkina Faso,BFA,,22100683.0,19642668879.7694,,830.0,59.27,82.6,,31.24,,1.0,1.0,10.0,45.0,,33383.0,11852.0,,,45235.0,221.0,91.0,,,312.0,10993999.0,6711843206.0,10289461.0,6281722504.0,,,836407.0,510626729.0,,,3574192.0,2182046303.0,,,,,,,,,,,691957.0,422439888.0,584115.0,356602804.0,5274569.0,3220127482.0,2139.0,234.0,,1905.0,39261.0,116436.0,815052.0,1445696.0,,,,,
2022,Africa,Burkinabe Red Cross Society,Burkina Faso,BFA,,22673762.0,18820064797.8379,,850.0,,,34.49,31.877,,1.0,1.0,10.0,45.0,,31990.0,13710.0,,,45700.0,242.0,83.0,,,325.0,19117487.0,12153520120.0,18003385.0,11445254029.0,,,,,,,2186768.0,1390189557.0,,,140787.0,89502511.0,,,240961.0,153185500.0,14326287.0,9107620420.0,626978.0,398587588.0,584190.0,371385585.0,,,2047.0,236.0,,1811.0,331055.0,282938.0,1131749.0,1146350.0,,,,,
2023,Africa,Burkinabe Red Cross Society,Burkina Faso,BFA,,,,,,,,,,,1.0,1.0,10.0,45.0,45.0,31990.0,13717.0,,,45707.0,244.0,80.0,,,324.0,21586268.0,15223038379.0,20047594.0,14137936282.0,,,,,,,1178587.0,831161651.0,,,,,,,404503.0,285262943.0,19055109.0,13438017461.0,587049.0,413998180.0,332660.0,234598144.0,,,2178.0,887.0,,1291.0,509217.0,420230.0,1680920.0,1669215.0,,,,,
2024,Africa,Burkinabe Red Cross Society,Burkina Faso,BFA,,,,,,,,,,,1.0,1.0,10.0,45.0,45.0,31988.0,13717.0,,,45705.0,222.0,79.0,,,301.0,30878851.0,30878851.0,31286393.0,31286393.0,0.0,0.0,0.0,0.0,0.0,0.0,,,0.0,0.0,0.0,0.0,,,,,24256152.0,24256152.0,1680567.0,1680567.0,330525.0,330525.0,5111343.0,5111343.0,3631.0,1042.0,,2589.0,343498.0,734484.0,984484.0,745000.0,,,,,
2009,Europe and Central Asia,Bulgarian Red Cross,Bulgaria,BGR,DBG001,7444443.0,52023504656.2878,,6670.0,73.4122,11.1,,71.963,12.0,,,,2916.0,,4641.0,8619.0,,,13260.0,,,,,478.0,18832978.0,24739000.0,18057247.0,23720000.0,,,,,,,,,,,,,,,,,178002.0,233823.0,,,,,,,,,,,5203.0,,,,,,,,
2010,Europe and Central Asia,Bulgarian Red Cross,Bulgaria,BGR,DBG001,7395599.0,50760929302.5147,,7010.0,73.5122,10.8,,72.302,10.0,,,,2916.0,,,,,,13260.0,,,,,,0.0,,0.0,,,,,,,,,,,,,,,,,,0.0,,,,,,,,,,,,,,,,,,,,
2012,Europe and Central Asia,Bulgarian Red Cross,Bulgaria,BGR,DBG001,7305888.0,54288135058.7926,,7500.0,74.3146,9.8,,72.975,8.0,,,,35.0,,6894.0,13088.0,,,19982.0,193.0,239.0,,,432.0,20088754.0,32367000.0,20088754.0,32367000.0,,,,,,,,,,,,,,,,,39101.0,63000.0,,,,,,,,,,,16800.0,,,,,,,,
2013,Europe and Central Asia,Bulgarian Red Cross,Bulgaria,BGR,DBG001,7265115.0,55852123989.9504,,7600.0,74.861,9.2,,73.313,7.0,,,,35.0,,6369.0,13111.0,,,19480.0,236.0,361.0,,,597.0,10824891.0,17204000.0,10824891.0,17204000.0,,,,,,,,,,,,,,,,,237159.0,376917.0,,,,,,,,,,,12278.0,,,,,,,,
2014,Europe and Central Asia,Bulgarian Red Cross,Bulgaria,BGR,DBG001,7223938.0,57157782909.9307,,7710.0,74.4659,8.7,,73.651,7.0,,,,35.0,,5443.0,13392.0,,,18835.0,234.0,341.0,,,575.0,9799265.0,15929000.0,9799265.0,15929000.0,,,,,,,,,,,,,,,,,1060671.0,1724152.0,,,,,,,,,,,29886.0,,,,,,,,
2015,Europe and Central Asia,Bulgarian Red Cross,Bulgaria,BGR,DBG001,7177991.0,50811995688.6771,22.9,7430.0,74.6146,8.1,,73.99,8.0,,,,35.0,,5486.0,12679.0,,,18165.0,174.0,319.0,,,493.0,7916604.0,14205000.0,7982367.0,14323000.0,,,,,,,,,,,,,,,,,118811.0,213186.0,,,,,,,,,,,10298.0,,,,,,,,
2016,Europe and Central Asia,Bulgarian Red Cross,Bulgaria,BGR,,7127822.0,53964253211.84,23.4,7400.0,74.8122,7.7,,74.329,7.0,,,,35.0,,5673.0,11909.0,,,17582.0,217.0,301.0,,,518.0,9095660.0,16536000.0,9633061.0,17513000.0,421075.0,765518.0,1397875.0,2541351.0,,,294727.0,535817.0,,,86693.0,157609.0,654539.0,1189959.0,2473828.0,4497444.0,84981.0,154497.0,25818.0,46938.0,3205.0,5826.0,912932.0,1659720.0,77585.0,,,,11149.0,283380.0,646794.0,0.0,,,,,
2017,Europe and Central Asia,Bulgarian Red Cross,Bulgaria,BGR,,7075947.0,59309748166.1179,22.0,7620.0,74.8146,7.3,,74.669,7.0,1.0,1.0,13.0,35.0,,6310.0,11924.0,,,18234.0,186.0,292.0,,,478.0,13415251.0,22383000.0,12666216.0,21133254.0,546436.0,911714.0,1156298.0,1929254.0,15144.0,25268.0,284794.0,475171.0,0.0,0.0,355621.0,593344.0,2022124.0,3373862.0,2529257.0,4220000.0,499923.0,834109.0,20527.0,34248.0,74948.0,125048.0,886735.0,1479495.0,107202.0,,,,10517.0,224981.0,369423.0,28156.0,,,,,
2018,Europe and Central Asia,Bulgarian Red Cross,Bulgaria,BGR,,7025037.0,66370132238.3914,22.6,8530.0,74.9634,7.0,,75.008,7.0,1.0,1.0,13.0,35.0,,5456.0,13007.0,,,18463.0,159.0,278.0,,,437.0,11040615.0,19161414.0,11273072.0,19564852.0,486431.0,844219.0,587040.0,1018830.0,,,246216.0,427317.0,,,52400.0,90943.0,1840511.0,3194278.0,3624078.0,6289728.0,288384.0,500502.0,,,49961.0,86710.0,163713.0,284131.0,108763.0,,,,13220.0,77396.0,128883.0,16143.0,,,,,
2019,Europe and Central Asia,Bulgarian Red Cross,Bulgaria,BGR,,6975761.0,68881010245.5498,23.8,9500.0,75.1122,6.7,,75.347,7.0,,,13.0,35.0,,5121.0,12648.0,,,17769.0,161.0,296.0,,,457.0,11481768.0,20603859.0,11763460.0,21109350.0,325844.0,584722.0,425865.0,764208.0,836.0,1500.0,182501.0,327496.0,,,17063.0,30620.0,2137861.0,3836360.0,2468482.0,4429654.0,161319.0,289485.0,,,53572.0,96135.0,106433.0,190992.0,114175.0,,114175.0,,10778.0,249220.0,415815.0,1178.0,,,,,
2020,Europe and Central Asia,Bulgarian Red Cross,Bulgaria,BGR,,6934015.0,70368758395.141,22.1,9530.0,73.6585,6.5,,75.686,7.0,,,13.0,35.0,,4871.0,11789.0,,,16660.0,172.0,341.0,,,513.0,12790954.0,23192396.0,12265922.0,22240414.0,434345.0,787549.0,1363908.0,2473020.0,,,222197.0,402884.0,,,,,636388.0,1153891.0,2766949.0,5016997.0,91520.0,165942.0,457652.0,829808.0,11146.0,20210.0,94344.0,171063.0,80558.0,,80558.0,,295274.0,539342.0,720484.0,593997.0,,,,,
2021,Europe and Central Asia,Bulgarian Red Cross,Bulgaria,BGR,,6877743.0,84041493015.6618,22.9,11050.0,71.5146,6.3,98.42,76.025,,0.0,1.0,12.0,35.0,,5075.0,11675.0,,,16750.0,,,,,498.0,12434190.0,22639065.0,12435085.0,22640696.0,703088.0,1280120.0,69132.0,125869.0,,,181566.0,330580.0,,,934.0,1700.0,56145.0,102224.0,4113893.0,7490210.0,86529.0,157545.0,4314.0,7854.0,49244.0,89659.0,201071.0,366093.0,79645.0,,,,164403.0,226633.0,343543.0,195616.0,,,,,
2022,Europe and Central Asia,Bulgarian Red Cross,Bulgaria,BGR,,6465097.0,90346169914.9349,,13350.0,,,,76.363,,0.0,1.0,13.0,35.0,,5224.0,11143.0,,,16367.0,162.0,339.0,,,501.0,17819970.0,33768747.0,15698849.0,29749234.0,2003291.0,3796225.0,1102045.0,2088370.0,0.0,0.0,1121911.0,2126016.0,0.0,0.0,0.0,0.0,0.0,0.0,4408679.0,8354422.0,128213.0,242962.0,2701017.0,5118413.0,59825.0,113368.0,67721.0,128331.0,68314.0,,,,175139.0,233366.0,426148.0,401101.0,,,,,
2023,Europe and Central Asia,Bulgarian Red Cross,Bulgaria,BGR,,,,,,,,,,,0.0,1.0,13.0,35.0,28.0,4964.0,11582.0,,,16546.0,176.0,367.0,,,543.0,17821980.0,37476248.0,19029888.0,40016251.0,846326.0,1779664.0,2281147.0,4796820.0,,,2242672.0,4715914.0,,,,,,,4311739.0,9066771.0,123091.0,258837.0,1438068.0,3023985.0,143409.0,301561.0,72009.0,151422.0,70235.0,,,,160157.0,102437.0,163353.0,130022.0,,,,,
2024,Europe and Central Asia,Bulgarian Red Cross,Bulgaria,BGR,,,,,,,,,,,0.0,1.0,13.0,379.0,28.0,5617.0,11404.0,,,17021.0,154.0,295.0,,,449.0,17595238.0,36572568.0,17632136.0,36649262.0,714212.0,1484524.0,246202.0,511742.0,,,1671888.0,3475101.0,,,4272.0,8880.0,,,5821253.0,12099760.0,450138.0,935634.0,1337188.0,2779410.0,74991.0,155873.0,1000813.0,2080238.0,70342.0,,,,160050.0,99001.0,153339.0,70728.0,,,,,
2010,Middle East and North Africa,Bahrain Red Crescent Society,Bahrain,BHR,DBH001,1213645.0,25713271276.5957,,19390.0,78.748,8.5,,88.634,20.0,,,,,,,,,,3500.0,,,,,,0.0,,0.0,,,,,,,,,,,,,,,,,,0.0,,,,,,,,,,,,,,,,,,,,
2012,Middle East and North Africa,Bahrain Red Crescent Society,Bahrain,BHR,DBH001,1224939.0,30749308510.6383,,23360.0,79.081,7.9,,88.762,18.0,,,,1.0,,,,,,77.0,8.0,22.0,,,30.0,3104688.0,1280063.0,1322539.0,545283.0,,,,,,,,,,,,,,,,,0.0,,,,,,,,,,,,,,,,,,,,
2013,Middle East and North Africa,Bahrain Red Crescent Society,Bahrain,BHR,DBH001,1261673.0,32539468085.1064,,24790.0,79.246,7.7,,88.835,16.0,,,,1.0,,28.0,27.0,,,55.0,7.0,13.0,,,20.0,2475175.0,1039821.0,2628431.0,1104204.0,,,,,,,,,,,,,,,,,0.0,0.0,,,,,,,,,,,,,,,,,,,
2014,Middle East and North Africa,Bahrain Red Crescent Society,Bahrain,BHR,DBH001,1311134.0,33387712765.9574,,24530.0,79.328,7.5,,88.915,15.0,,,,1.0,,27.0,14.0,,,41.0,7.0,14.0,,,21.0,14630952.0,5548013.0,3954739.0,1499625.0,,,,,,,,,,,,,,,,,0.0,0.0,,,,,,,,,,,,,,,,,,,
2015,Middle East and North Africa,Bahrain Red Crescent Society,Bahrain,BHR,DBH001,1362142.0,31050638297.8723,,22740.0,79.405,7.4,,88.999,16.0,,,,1.0,,19.0,16.0,,,35.0,9.0,13.0,,,22.0,6887367.0,2604265.0,7235337.0,2735840.0,,,,,,,,,,,,,,,,,0.0,0.0,,,,,,,,,,,26.0,,,,,,,,
2016,Middle East and North Africa,Bahrain Red Crescent Society,Bahrain,BHR,,1409661.0,32234973404.2553,,21820.0,79.557,7.3,,89.09,15.0,,,,1.0,,22.0,20.0,,,42.0,9.0,13.0,,,22.0,1216812.0,443955.0,1433676.0,523078.0,185917.0,67832.0,0.0,0.0,0.0,0.0,0.0,0.0,251610.0,91800.0,0.0,0.0,179509.0,65494.0,395189.0,144185.0,0.0,0.0,0.0,0.0,0.0,0.0,1705.0,622.0,787.0,,,,0.0,0.0,0.0,0.0,,,,,
2017,Middle East and North Africa,Bahrain Red Crescent Society,Bahrain,BHR,,1456834.0,35473776595.7447,,21790.0,79.689,7.3,,89.186,15.0,1.0,1.0,11.0,1.0,,,,,,73.0,8.0,12.0,,0.0,20.0,1403633.0,539618.0,1336890.0,513959.0,2032.0,781.0,602062.0,231459.0,0.0,0.0,0.0,0.0,0.0,0.0,0.0,0.0,236383.0,90876.0,466838.0,179473.0,0.0,0.0,0.0,0.0,0.0,0.0,7869.0,3025.0,,,,,0.0,500.0,500.0,0.0,,,,,
2018,Middle East and North Africa,Bahrain Red Crescent Society,Bahrain,BHR,,1487340.0,37802005319.1489,,23210.0,79.857,7.2,,89.287,14.0,1.0,1.0,8.0,1.0,,,,,,129.0,8.0,14.0,,,22.0,1222039.0,466020.0,1283967.0,489636.0,,,,,0.0,0.0,0.0,0.0,0.0,0.0,49443.0,18855.0,203815.0,77724.0,425346.0,162204.0,0.0,0.0,,,,,11926.0,4548.0,845.0,,,,,41.0,41.0,,,,,,
2019,Middle East and North Africa,Bahrain Red Crescent Society,Bahrain,BHR,,1494188.0,38653318085.1064,,24420.0,80.019,7.1,,89.394,15.0,,,9.0,1.0,,,,,88.0,88.0,8.0,14.0,,,22.0,1195769.0,504635.0,1231846.0,519860.0,84366.0,35604.0,15857.0,6692.0,,,,,,,217254.0,91685.0,177154.0,74762.0,431795.0,182225.0,,,,,,,8049.0,3397.0,802.0,,802.0,,20.0,,,,,,,,
2020,Middle East and North Africa,Bahrain Red Crescent Society,Bahrain,BHR,,1477469.0,34621807712.766,,22960.0,79.174,7.0,,89.506,16.0,,,10.0,1.0,,,,,48.0,48.0,8.0,15.0,,,23.0,1422837.0,578824.0,5986795.0,2435486.0,765815.0,311541.0,,,,,,,,,,,550909.0,224115.0,,,,,,,,,13441.0,5468.0,429.0,,429.0,,,,,,,,,,
2021,Middle East and North Africa,Bahrain Red Crescent Society,Bahrain,BHR,,1463265.0,39288670212.766,,24720.0,78.76,6.9,,89.622,,0.0,1.0,10.0,1.0,,,,,,146.0,,,,,22.0,,,,,,,,,,,,,,,,,,,,,,,,,,,,,,,,,,,,,,,,,
2022,Middle East and North Africa,Bahrain Red Crescent Society,Bahrain,BHR,,1472233.0,44383297872.3404,,27720.0,,,,89.743,,0.0,1.0,9.0,1.0,,,,,,66.0,,,,,23.0,1255741.0,509107.0,1481029.0,600444.0,134541.0,54546.0,,,,,,,372208.0,150902.0,76189.0,30889.0,160230.0,64961.0,384383.0,155838.0,,,,,,,4862.0,1971.0,562.0,,,,,,,,,,,,
2023,Middle East and North Africa,Bahrain Red Crescent Society,Bahrain,BHR,,,,,,,,,,,0.0,1.0,9.0,1.0,1.0,,,,,95.0,,,,,22.0,1159019.0,516280.0,1267532.0,564617.0,,,,,,,,,217912.0,97068.0,,,9435.0,4203.0,549138.0,244611.0,,,,,,,270287.0,120398.0,22.0,,,,44.0,,,,,,,,
2024,Middle East and North Africa,Bahrain Red Crescent Society,Bahrain,BHR,,,,,,,,,,,0.0,1.0,9.0,1.0,1.0,,,,,49.0,,,,,22.0,1131091.0,469817.0,1353088.0,562027.0,,,,,,,,,,,,,102124.0,42419.0,419117.0,174087.0,,,,,,,489474.0,203311.0,177.0,,,,135.0,,,,,,,,
2009,Africa,Burundi Red Cross,Burundi,BDI,DBI001,8397661.0,1781455092.0711,,200.0,56.488,96.6,,10.376,698.0,,,,2004.0,,,,,,30000.0,,,,,160.0,3945099.0,4659833117.0,3565495.0,4211456721.0,,,,,,,,,,,,,,,,,4011714.0,4738517264.0,,,,,,,,,,,7000.0,,,,,,,,
2010,Africa,Burundi Red Cross,Burundi,BDI,DBI001,9126605.0,2032135192.0125,,210.0,57.081,91.0,,10.642,608.0,,,,,,,,,,209629.0,,,,,,0.0,,0.0,,,,,,,,,,,,,,,,,,0.0,,,,,,,,,,,,,,,,,,,,
2012,Africa,Burundi Red Cross,Burundi,BDI,DBI001,9795479.0,2333341334.4575,,240.0,58.493,80.5,,11.194,564.0,,,,2814.0,,156197.0,293803.0,,,450000.0,139.0,38.0,,,177.0,5295385.0,8773236394.0,5188663.0,8596422041.0,,,,,,,,,,,,,,,,,3752059.0,6216298896.0,,,,,,,,,,,32000.0,,,,,,,,
2013,Africa,Burundi Red Cross,Burundi,BDI,DBI001,10149577.0,2451606632.2925,64.9,240.0,59.235,75.7,,11.482,555.0,,,,2853.0,,135000.0,315000.0,,,450000.0,141.0,46.0,,,187.0,6841628.0,11769995621.0,6767373.0,11642251770.0,,,,,,,,,,,,,,,,,0.0,,,,,,,,,,,,,,,,,,,,
2014,Africa,Burundi Red Cross,Burundi,BDI,DBI001,10494913.0,2705783329.8048,,250.0,59.868,71.6,61.51,11.776,527.0,,,,2925.0,,180000.0,270000.0,,,450000.0,152.0,50.0,,,202.0,9092707.0,14132517860.0,7314624.0,11368898425.0,,,,,,,,,,,,,,,,,5712360.0,8878547541.0,,,,,,,,,,,29087.0,,,,,,,,
2015,Africa,Burundi Red Cross,Burundi,BDI,DBI001,10727148.0,3104003546.265,,250.0,60.217,67.9,,12.078,514.0,,,,2925.0,,214500.0,435500.0,,,650000.0,171.0,46.0,,,217.0,8112370.0,12570127225.0,9661908.0,14971137331.0,,,,,,,,,,,,,,,,,3603.0,5583244.0,,,,,,,,,,,2439.0,,,,,,,,
2016,Africa,Burundi Red Cross,Burundi,BDI,,10903327.0,2644487776.5008,,250.0,60.793,64.6,,12.388,508.0,,,,2928.0,,253610.0,357558.0,,,611168.0,388.0,259.0,,,647.0,6135580.0,9880161106.0,5712510.0,9198888431.0,0.0,0.0,0.0,0.0,0.0,0.0,1601439.0,2578806878.0,0.0,0.0,0.0,0.0,530645.0,854500450.0,554787.0,893377394.0,0.0,0.0,175969.0,283363500.0,334649.0,538887071.0,0.0,0.0,3040.0,1216.0,,1824.0,2760.0,4086000.0,10398000.0,2842789.0,,,,,
2017,Africa,Burundi Red Cross,Burundi,BDI,,11155593.0,2723586962.8403,,250.0,61.553,61.7,68.38,12.706,499.0,1.0,1.0,28.0,2920.0,,189407.0,274093.0,,,463500.0,388.0,264.0,,,652.0,7808755.0,13969150971.0,5696611.0,10190716514.0,8050.0,14400000.0,0.0,0.0,0.0,0.0,153144.0,273960674.0,0.0,0.0,0.0,0.0,687126.0,1229205600.0,647070.0,1157549365.0,0.0,0.0,306288.0,547921348.0,269796.0,482640791.0,0.0,0.0,38903.0,13200.0,,25703.0,166614.0,160140.0,160140.0,485689.0,,,,,
2018,Africa,Burundi Red Cross,Burundi,BDI,,11493472.0,2667182199.5133,,240.0,61.688,59.1,,13.032,518.0,1.0,1.0,28.0,3057.0,,196240.0,295193.0,,,491433.0,381.0,286.0,,,667.0,10355011.0,18590683929.0,9523138.0,17097196354.0,8021.0,14400000.0,,,,,298269.0,535491357.0,,,167482.0,300685351.0,373375.0,670332546.0,516189.0,926731100.0,2553622.0,4584598856.0,429888.0,771792024.0,489606.0,879005600.0,,,12828.0,3184.0,,9644.0,56830.0,589750.0,589750.0,201534.0,,,,,
2019,Africa,Burundi Red Cross,Burundi,BDI,,11874838.0,2576518879.8235,,230.0,62.351,56.7,,13.366,479.0,,,28.0,3057.0,,216279.0,319035.0,,0.0,535314.0,403.0,286.0,,0.0,689.0,12020343.0,22983448251.0,9833484.0,18802071992.0,0.0,0.0,0.0,0.0,0.0,0.0,1140256.0,2180221651.0,,,,,87095.0,166529037.0,,,646902.0,1236906767.0,481779.0,921182910.0,527485.0,1008574800.0,4602255.0,8799722432.0,54951.0,28025.0,0.0,26926.0,68938.0,698987.0,698987.0,367897.0,,,,,
2020,Africa,Burundi Red Cross,Burundi,BDI,,12220227.0,2649680261.44,,220.0,61.566,54.6,,13.708,494.0,,,28.0,2930.0,,222930.0,336994.0,,,559924.0,501.0,296.0,,0.0,797.0,,25140395651.0,,18571430177.0,,,,,,,,463156158.0,,,,3203423900.0,,30265124.0,,64037909.0,,17499053254.0,,2094107791.0,,1104883104.0,,,86563.0,29236.0,,57327.0,115429.0,4015898.0,4015898.0,385190.0,,,,,
2021,Africa,Burundi Red Cross,Burundi,BDI,,12551213.0,2775798697.4719,,220.0,61.663,52.6,,14.058,,1.0,1.0,27.0,2928.0,,190035.0,369889.0,,,559924.0,533.0,272.0,,,805.0,9950961.0,21308267151.0,8933474.0,19129495345.0,,,,,,,914954.0,1959216172.0,1280621.0,2742228184.0,,,304300.0,651606706.0,835881.0,1789894100.0,4361672.0,9339769036.0,305528.0,654235261.0,540562.0,1157521119.0,,,5798.0,3120.0,,2678.0,362315.0,362315.0,362315.0,1646436.0,,,,,
2022,Africa,Burundi Red Cross,Burundi,BDI,,12889576.0,3338722827.6624,,240.0,,,75.54,14.417,,1.0,1.0,27.0,2928.0,,190048.0,370036.0,,,560084.0,487.0,296.0,,,783.0,11898098.0,25587306967.0,8907839.0,19156643639.0,,,,,,,6168522.0,13265637964.0,,,,,712972.0,1533273815.0,499337.0,1073842778.0,1002262.0,2155402759.0,361518.0,777457882.0,403310.0,867333835.0,,,6026.0,3014.0,,3012.0,349184.0,33200.0,33200.0,1646436.0,,,,,
2023,Africa,Burundi Red Cross,Burundi,BDI,,,,,,,,,,,1.0,1.0,8.0,2924.0,18.0,256454.0,354717.0,,,611171.0,452.0,298.0,,,750.0,5906441.0,5906441.0,5115564.0,5115564.0,,,,,15023.0,15023.0,2046123.0,2046123.0,,,,,590717.0,590717.0,210307.0,210307.0,1893222.0,1893222.0,803845.0,803845.0,347174.0,347174.0,,,,,,,,,,,,,,,
2024,Africa,Burundi Red Cross,Burundi,BDI,,,,,,,,,,,,,,,,,,,,,,,,,,8132125.0,8132125.0,6942804.0,6942804.0,0.0,0.0,0.0,0.0,0.0,0.0,203334.0,203334.0,116153.0,116153.0,113212.0,113212.0,1735967.0,1735967.0,685194.0,685194.0,3391693.0,3391693.0,1487338.0,1487338.0,265521.0,265521.0,,,22356.0,11402.0,,10954.0,71108.0,166650.0,166650.0,282394.0,,,,,
2010,Africa,Red Cross of Benin,Benin,BEN,DBJ001,9445710.0,9535345015.7836,35.2,1050.0,58.363,109.1,,43.093,598.0,,,,,,,,,,44517.0,,,,,,0.0,,0.0,,,,,,,,,,,,,,,,,,0.0,,,,,,,,,,,,,,,,,,,,
2012,Africa,Red Cross of Benin,Benin,BEN,DBJ001,10014078.0,11141358115.8991,,1090.0,58.716,104.6,32.95,44.125,625.0,,,,64.0,,7140.0,4620.0,,,11760.0,20.0,4.0,,,24.0,356523.0,193641423.0,350065.0,190133855.0,,,,,,,,,,,,,,,,,8978.0,4876513.0,,,,,,,,,,,20000.0,,,,,,,,
2013,Africa,Red Cross of Benin,Benin,BEN,DBJ001,10308730.0,12517845123.9315,,1180.0,58.965,102.3,,44.642,608.0,,,,67.0,,,,,,14872.0,,,,,17.0,714356.0,382264305.0,678615.0,363138449.0,,,,,,,,,,,,,,,,,0.0,,,,,,,,,,,,,,,,,,,,
2014,Africa,Red Cross of Benin,Benin,BEN,DBJ001,10614844.0,13284527846.9081,,1230.0,59.125,100.1,,45.166,612.0,,,,67.0,,10216.0,4986.0,,,15202.0,3.0,14.0,,,17.0,443383.0,241642280.0,431686.0,235267780.0,,,,,,,,,,,,,,,,,0.0,,,,,,,,,,,,0.0,,,,,,,,
2015,Africa,Red Cross of Benin,Benin,BEN,DBJ001,10932783.0,11388160997.1089,40.1,1140.0,59.377,97.9,,45.695,591.0,,,,77.0,,3782.0,1582.0,,,5364.0,15.0,5.0,,,20.0,173500.0,104800000.0,156405.0,94474000.0,,,,,,,,,,,,,,,,,0.0,,,,,,,,,,,,23150.0,,,,,,,,
2016,Africa,Red Cross of Benin,Benin,BEN,,11260085.0,11821065852.1271,,1070.0,59.539,95.6,,46.229,590.0,,,,77.0,,4351.0,2506.0,,,6857.0,,,,,28.0,514853.0,314702476.0,514853.0,314702476.0,245.0,150000.0,0.0,0.0,0.0,0.0,157118.0,96037765.0,0.0,0.0,0.0,0.0,0.0,0.0,0.0,0.0,114243.0,69830724.0,191515.0,117062727.0,48460.0,29621260.0,0.0,0.0,604.0,,,,,,,4084344.0,,,,,
2017,Africa,Red Cross of Benin,Benin,BEN,,11596779.0,12701655845.9612,,1050.0,59.856,93.4,,46.768,569.0,1.0,1.0,23.0,77.0,,4351.0,2506.0,,0.0,6857.0,32.0,6.0,,0.0,38.0,272198.0,152663000.0,561115.0,314702476.0,0.0,0.0,0.0,0.0,0.0,0.0,39823.0,22335000.0,4.0,1984.0,0.0,0.0,5884.0,3300000.0,0.0,0.0,2675.0,1500000.0,22476.0,12606000.0,207224.0,116222000.0,21351.0,11974880.0,591.0,,,,3900.0,55410.0,332460.0,604322.0,,,,,
2018,Africa,Red Cross of Benin,Benin,BEN,,11940683.0,14262408079.7014,38.5,1150.0,60.14,91.1,,47.312,542.0,0.0,1.0,26.0,77.0,,,,,,12000.0,31.0,6.0,,,37.0,150371.0,87526901.0,148687.0,86546568.0,0.0,0.0,0.0,0.0,0.0,0.0,0.0,0.0,0.0,0.0,0.0,0.0,15993.0,9309250.0,7779.0,4528000.0,63665.0,37057365.0,0.0,0.0,38329.0,22309978.0,17160.0,9988108.0,846.0,226.0,,620.0,5759.0,64793.0,388758.0,699720.0,,,,,
2019,Africa,Red Cross of Benin,Benin,BEN,,12290444.0,14390708756.988,,1200.0,60.454,88.6,,47.861,522.0,,,26.0,77.0,,,,,15000.0,15000.0,30.0,6.0,,0.0,36.0,436494.0,262631552.0,419189.0,252219687.0,,,,,,,20894.0,12571575.0,0.0,0.0,4188.0,2520000.0,0.0,0.0,,,310372.0,186746200.0,24392.0,14676456.0,39765.0,23925880.0,36882.0,22191441.0,777.0,330.0,,447.0,97200.0,137770.0,8404390.0,9972480.0,,,,,
2020,Africa,Red Cross of Benin,Benin,BEN,,12643123.0,15686741893.5187,,1230.0,60.088,86.0,,48.415,523.0,,,21.0,79.0,,735.0,515.0,,,1250.0,28.0,9.0,,,37.0,984021.0,598552753.0,851440.0,517907418.0,0.0,0.0,0.0,0.0,0.0,0.0,44380.0,26994911.0,50877.0,30947320.0,70148.0,42668921.0,0.0,0.0,773.0,470000.0,515768.0,313727432.0,228141.0,138771835.0,73935.0,44972333.0,0.0,0.0,215.0,53.0,,162.0,7174920.0,10610552.0,10610552.0,966873.0,,,,,
2021,Africa,Red Cross of Benin,Benin,BEN,,12996895.0,17687623534.6665,,1330.0,59.821,83.5,,48.972,,1.0,1.0,28.0,79.0,,,,,,2845.0,30.0,9.0,,,39.0,1070354.0,653451694.0,949916.0,579924555.0,,,,,,,265049.0,161812454.0,,,,,,,46951.0,28663702.0,188702.0,115202532.0,283228.0,172910800.0,64973.0,39665936.0,195243.0,119196270.0,466.0,,,,9000.0,9000.0,29000.0,81311.0,,,,,
2022,Africa,Red Cross of Benin,Benin,BEN,,13352864.0,17396792699.5489,,1400.0,,,47.1,49.534,,1.0,1.0,28.0,79.0,,,,,,12600.0,33.0,9.0,,,42.0,1409629.0,896140761.0,1112349.0,707151090.0,0.0,0.0,0.0,0.0,0.0,0.0,218376.0,138827887.0,0.0,0.0,0.0,0.0,31181.0,19822720.0,44544.0,28317865.0,16776.0,10664855.0,752881.0,478627740.0,83167.0,52871434.0,185438.0,117888006.0,1848.0,370.0,,1478.0,9000.0,9000.0,63000.0,51640.0,,,,,
2023,Africa,Red Cross of Benin,Benin,BEN,,,,,,,,,,,1.0,1.0,29.0,103.0,24.0,,,,,12600.0,46.0,19.0,,,65.0,1628063.0,1148140565.0,1530332.0,1079218472.0,,,,,,,138835.0,97909244.0,,,42718.0,30125530.0,89093.0,62829974.0,20481.0,14443771.0,136075.0,95962893.0,744793.0,525241761.0,109776.0,77416260.0,227369.0,160345129.0,1882.0,,,,13686.0,47993.0,335951.0,463869.0,,,,,
2024,Africa,Red Cross of Benin,Benin,BEN,,,,,,,,,,,1.0,1.0,29.0,103.0,24.0,,,,,12600.0,43.0,22.0,,,65.0,2829027.0,1972157806.0,2325552.0,1621177633.0,,,,,,,181454.0,126494552.0,,,3351.0,2336022.0,64148.0,44718329.0,58681.0,40907322.0,558554.0,389376608.0,508219.0,354287399.0,234737.0,163638801.0,502180.0,350077199.0,958.0,,,,42348.0,55347.0,387429.0,3248168.0,,,,,
2012,Asia Pacific,Brunei Darussalam Red Crescent Society,Brunei Darussalam,BRN,DBN001,406634.0,19048443340.7732,,41580.0,74.827,10.0,,75.656,43.0,,,,,,,,,,,0.0,0.0,,,0.0,0.0,,0.0,,,,,,,,,,,,,,,,,,0.0,,,,,,,,,,,,,,,,,,,,
2013,Asia Pacific,Brunei Darussalam Red Crescent Society,Brunei Darussalam,BRN,DBN001,411702.0,18094321616.7959,,44520.0,74.799,10.2,,75.997,43.0,,,,,,,,,,900.0,0.0,0.0,,,0.0,0.0,,0.0,,,,,,,,,,,,,,,,,,0.0,,,,,,,,,,,,,,,,,,,,
2014,Asia Pacific,Brunei Darussalam Red Crescent Society,Brunei Darussalam,BRN,DBN001,416656.0,17097802752.8728,,42380.0,74.779,10.4,,76.332,44.0,,,,5.0,,,,,,910.0,,,,,0.0,0.0,,0.0,,,,,,,,,,,,,,,,,,0.0,,,,,,,,,,,,,,,,,,,,
2015,Asia Pacific,Brunei Darussalam Red Crescent Society,Brunei Darussalam,BRN,DBN001,421437.0,12930291487.9581,,38250.0,74.75,10.6,,76.663,45.0,,,,5.0,,,,,,910.0,,,,,0.0,10245.0,14364.0,3980.0,5580.0,,,,,,,,,,,,,,,,,0.0,,,,,,,,,,,,,,,,,,,,
2016,Asia Pacific,Brunei Darussalam Red Crescent Society,Brunei Darussalam,BRN,,425994.0,11400466356.3898,,32690.0,74.733,10.8,,76.99,45.0,,,,5.0,,98.0,120.0,,,218.0,,,,,0.0,2133.0,2994.0,7877.0,11056.0,2133.0,2994.0,,,,,,,,,,,,,,,,,,,,,,,98.0,49.0,,49.0,0.0,0.0,0.0,0.0,,,,,
2017,Asia Pacific,Brunei Darussalam Red Crescent Society,Brunei Darussalam,BRN,,430276.0,12128183904.4501,,29400.0,74.722,11.0,,77.312,45.0,1.0,1.0,14.0,4.0,,243.0,508.0,,,751.0,,,,,0.0,,,,,,,,,,,,,,,,,,,,,,,,,,,,,865.0,,,,0.0,,,,,,,,
2018,Asia Pacific,Brunei Darussalam Red Crescent Society,Brunei Darussalam,BRN,,434274.0,13566937673.7966,,29030.0,74.712,11.2,97.21,77.629,45.0,0.0,1.0,8.0,4.0,,,,,,,,,,,0.0,,,,,,,,,,,,,,,,,,,,,,,,,,,,,,,,,,,,,,,,,
2019,Asia Pacific,Brunei Darussalam Red Crescent Society,Brunei Darussalam,BRN,,438048.0,13469235364.7032,,31880.0,74.748,11.4,,77.942,45.0,,,5.0,4.0,,526.0,474.0,,,1000.0,0.0,0.0,,0.0,0.0,,,,,,,,,,,,,,,,,,,,,,,,,,,,,9500.0,5123.0,,4377.0,,,,,,,,,
2020,Asia Pacific,Brunei Darussalam Red Crescent Society,Brunei Darussalam,BRN,,441725.0,12005799653.9835,,31210.0,74.795,11.5,,78.25,44.0,,,,4.0,,,,,,,,,,0.0,0.0,,,,,,,,,,,,,,,,,,,,,,,,,,,,,,,,,,,,,,,,,
2021,Asia Pacific,Brunei Darussalam Red Crescent Society,Brunei Darussalam,BRN,,445373.0,14006496617.4458,,30320.0,74.642,11.5,97.59,78.554,,0.0,0.0,,4.0,,,,,,,,,,,,,,,,,,,,,,,,,,,,,,,,,,,,,,,,,,,,,,,,,,,,
2022,Asia Pacific,Brunei Darussalam Red Crescent Society,Brunei Darussalam,BRN,,449002.0,16681536466.7183,,31410.0,,,,78.854,,0.0,0.0,,4.0,,,,,,1000.0,,,,,1.0,,,,,,,,,,,,,,,,,,,,,,,,,,,,,,,,,,,,,,,,,
2023,Asia Pacific,Brunei Darussalam Red Crescent Society,Brunei Darussalam,BRN,,,,,,,,,,,0.0,0.0,5.0,4.0,4.0,,,,,1780.0,,,,,1.0,,,,,,,,,,,,,,,,,,,,,,,,,,,,,,,,,,,,,,,,,
2024,Asia Pacific,Brunei Darussalam Red Crescent Society,Brunei Darussalam,BRN,,,,,,,,,,,1.0,1.0,7.0,4.0,4.0,,,,,1780.0,,,,,0.0,32393.0,48718.0,44010.0,66190.0,,,,,,,,,,,,,2.0,3.0,32391.0,48715.0,,,,,,,,,,,,,,,,,,,,,
2010,Americas,Bolivian Red Cross,"Bolivia, Plurinational State of",BOL,DBO001,10223270.0,19649723722.1034,,1750.0,66.162,41.9,,66.43,184.0,,,,,,,,,,600.0,,,,,,0.0,,0.0,,,,,,,,,,,,,,,,,,0.0,,,,,,,,,,,,,,,,,,,,
2011,Americas,Bolivian Red Cross,"Bolivia, Plurinational State of",BOL,DBO001,10396246.0,23963164696.592,,1970.0,66.534,39.5,92.23,66.874,178.0,,,,30.0,,,,,,564.0,,,,,55.0,210776.0,1521258.0,209930.0,1515147.0,,,,,,,,,,,,,,,,,0.0,,,,,,,,,,,,,,,,,,,,
2012,Americas,Bolivian Red Cross,"Bolivia, Plurinational State of",BOL,DBO001,10569697.0,27084497481.9103,,2210.0,66.705,37.3,94.46,67.315,179.0,,,,30.0,,250.0,350.0,,,600.0,15.0,10.0,,,25.0,872363.0,6528675.0,908142.0,6796441.0,,,,,,,,,,,,,,,,,0.0,,,,,,,,,,,,1900.0,,,,,,,,
2013,Americas,Bolivian Red Cross,"Bolivia, Plurinational State of",BOL,DBO001,10743349.0,30659338885.6729,,2540.0,67.021,35.2,,67.699,175.0,,,,29.0,,,,,,195.0,,,,,37.0,1046664.0,8006976.0,1102732.0,8435898.0,,,,,,,,,,,,,,,,,0.0,,,,,,,,,,,,,,,,,,,,
2014,Americas,Bolivian Red Cross,"Bolivia, Plurinational State of",BOL,DBO001,10916987.0,32996188017.3661,,2780.0,67.163,33.3,,68.047,163.0,,,,25.0,,126.0,131.0,,,257.0,9.0,5.0,,,14.0,452592.0,3093136.0,445910.0,3047472.0,,,,,,,,,,,,,,,,,0.0,,,,,,,,,,,,,,,,,,,,
2015,Americas,Bolivian Red Cross,"Bolivia, Plurinational State of",BOL,DBO001,11090085.0,33000198248.9146,,2900.0,67.318,31.6,92.46,68.393,165.0,,,,29.0,,120.0,133.0,,,253.0,11.0,5.0,,,16.0,836999.0,836999.0,894414.0,894414.0,,,,,,,,,,,,,,,,,0.0,,,,,,,,,,,,,,,,,,,,
2016,Americas,Bolivian Red Cross,"Bolivia, Plurinational State of",BOL,,11263015.0,33941126193.9219,,2970.0,67.628,30.2,,68.738,161.0,,,,12.0,,205.0,278.0,,,483.0,8.0,3.0,,,11.0,487838.0,3200071.0,506446.0,3322131.0,5013.0,32886.0,,,,,,,,,,,4490.0,29456.0,7182.0,47111.0,157324.0,1031995.0,70734.0,463993.0,,,86991.0,570633.0,320.0,171.0,,149.0,362.0,480.0,480.0,400.0,,,,,
2017,Americas,Bolivian Red Cross,"Bolivia, Plurinational State of",BOL,,11435533.0,37508642170.767,,3020.0,67.701,28.9,,69.08,164.0,1.0,1.0,6.0,24.0,,385.0,596.0,,0.0,981.0,4.0,6.0,,0.0,10.0,352265.0,2466325.0,343046.0,2401776.0,0.0,0.0,0.0,0.0,0.0,0.0,0.0,0.0,0.0,0.0,0.0,0.0,68716.0,481104.0,99832.0,698954.0,77108.0,539857.0,59621.0,417426.0,30277.0,211979.0,12977.0,90858.0,168.0,96.0,0.0,72.0,380.0,850.0,850.0,,,,,,
2018,Americas,Bolivian Red Cross,"Bolivia, Plurinational State of",BOL,,11606905.0,40287647930.5355,,3290.0,67.748,27.7,,69.425,171.0,1.0,1.0,6.0,,,589.0,701.0,,0.0,1290.0,5.0,6.0,,0.0,11.0,218763.0,1509264.0,209462.0,1445093.0,0.0,0.0,0.0,0.0,0.0,0.0,0.0,0.0,0.0,0.0,0.0,0.0,0.0,0.0,163882.0,1130636.0,100437.0,692923.0,48277.0,333064.0,21166.0,146027.0,3167.0,21849.0,253.0,152.0,0.0,101.0,3350.0,3350.0,3350.0,8250.0,,,,,
2019,Americas,Bolivian Red Cross,"Bolivia, Plurinational State of",BOL,,11777315.0,40895322850.9407,37.2,3440.0,67.841,26.6,,69.773,176.0,,,6.0,15.0,,393.0,521.0,,0.0,914.0,2.0,4.0,,0.0,6.0,243344.0,1678559.0,261013.0,1800437.0,4154.0,28651.0,0.0,0.0,0.0,0.0,0.0,0.0,0.0,0.0,586.0,4040.0,143622.0,990691.0,32963.0,227375.0,7139.0,49243.0,25663.0,177018.0,1426.0,9834.0,27792.0,191707.0,914.0,521.0,0.0,393.0,1758.0,1758.0,1758.0,,,,,,
2020,Americas,Bolivian Red Cross,"Bolivia, Plurinational State of",BOL,,11936162.0,36629843806.0781,39.0,3120.0,64.467,25.6,93.85,70.123,161.0,,,6.0,24.0,,,,,800.0,800.0,8.0,4.0,,,12.0,134963.0,986701.0,202110.0,1477607.0,,,,,,,,,,,,,,,,,,,,,,,,,457.0,,457.0,,1758.0,5598.0,5598.0,9060.0,,,,,
2021,Americas,Bolivian Red Cross,"Bolivia, Plurinational State of",BOL,,12079472.0,40406111695.179,36.4,3290.0,63.63,24.7,,70.475,,1.0,1.0,7.0,30.0,,,,,,699.0,6.0,11.0,,,17.0,1794974.0,1963538.0,1794974.0,1963538.0,,,,,,,53807.0,58860.0,,,,,108551.0,118745.0,38960.0,42619.0,27929.0,30552.0,473625.0,518103.0,57255.0,62632.0,57882.0,63318.0,550.0,,,,0.0,1087.0,6522.0,701400.0,,,,,
2022,Americas,Bolivian Red Cross,"Bolivia, Plurinational State of",BOL,,12224110.0,44008282877.9606,,3490.0,,,,70.83,,1.0,1.0,7.0,30.0,,193.0,431.0,,,624.0,10.0,12.0,,,22.0,799808.0,5814040.0,770518.0,5601121.0,332.0,2411.0,,,75178.0,546488.0,41557.0,302092.0,,,126456.0,919242.0,151159.0,1098820.0,75257.0,547062.0,109532.0,796217.0,118412.0,860771.0,101655.0,738959.0,271.0,1970.0,130.0,80.0,,50.0,205.0,205.0,205.0,3580.0,,,,,
2023,Americas,Bolivian Red Cross,"Bolivia, Plurinational State of",BOL,,,,,,,,,,,1.0,1.0,7.0,30.0,30.0,329.0,680.0,,,1009.0,7.0,11.0,,,18.0,557722.0,4472687.0,647869.0,5195626.0,1309.0,10498.0,,,,,36215.0,290428.0,,,,,173554.0,1391826.0,1743.0,13975.0,171500.0,1375354.0,33963.0,272366.0,119209.0,956005.0,21259.0,170492.0,2248.0,,,,1200.0,2758.0,16548.0,13086.0,,,,,
2024,Americas,Bolivian Red Cross,"Bolivia, Plurinational State of",BOL,,,,,,,,,,,,,,,,,,,,,,,,,,,,,,,,,,,,,,,,,,,,,,,,,,,,,,,,,,,,,,,,,,
2010,Americas,Brazilian Red Cross,Brazil,BRA,DBR001,196353492.0,2208837745214.23,,9610.0,73.182,18.6,90.38,84.335,64.0,,,,17.0,,,,,,8500.0,,,,,17.0,0.0,,0.0,,,,,,,,,,,,,,,,,,0.0,,,,,,,,,,,,,,,,,,,,
2012,Americas,Brazilian Red Cross,Brazil,BRA,DBR001,199977707.0,2465227803011.57,,12270.0,73.552,17.2,91.34,84.923,57.0,,,,63.0,,6000.0,9000.0,,,15000.0,,,,,16.0,106937610.0,239379841.0,106937610.0,239379841.0,,,,,,,,,,,,,,,,,0.0,,,,,,,,,,,,,,,,,,,,
2013,Americas,Brazilian Red Cross,Brazil,BRA,DBR001,201721767.0,2472819535742.73,,12750.0,73.918,16.7,91.48,85.209,61.0,,,,97.0,,6300.0,9452.0,,,15752.0,499.0,815.0,,,1314.0,113230628.0,296200000.0,113230628.0,296200000.0,,,,,,,,,,,,,,,,,0.0,,,,,,,,,,,,,,,,,,,,
2014,Americas,Brazilian Red Cross,Brazil,BRA,DBR001,203459650.0,2456043727198.85,,12080.0,74.306,16.3,91.73,85.492,62.0,,,,104.0,,5802.0,8429.0,,,14231.0,1804.0,1348.0,,,3152.0,198801651.0,539835942.0,182897518.0,496649066.0,,,,,,,,,,,,,,,,,0.0,,,,,,,,,,,,3088.0,,,,,,,,
2015,Americas,Brazilian Red Cross,Brazil,BRA,DBR001,205188205.0,1802212206904.68,,10160.0,74.332,15.9,92.05,85.77,62.0,,,,93.0,,5877.0,6240.0,,,12117.0,1807.0,1431.0,,,3238.0,62544563.0,243860000.0,62135251.0,242264100.0,,,,,,,,,,,,,,,,,0.0,,,,,,,,,,,,1714.0,,,,,,,,
2016,Americas,Brazilian Red Cross,Brazil,BRA,,206859578.0,1795693482652.52,,8890.0,74.442,16.7,92.81,86.042,63.0,,,,21.0,,,,,,,,,,,,,,,,,,,,,,,,,,,,,,,,,,,,,,,,,,,,,,,,,,,,
2017,Americas,Brazilian Red Cross,Brazil,BRA,,208504960.0,2063514977334.32,,8670.0,74.827,15.4,93.08,86.309,60.0,1.0,1.0,7.0,21.0,,,,,,8756.0,,,,,2891.0,1335674.0,4529474.0,1355123.0,4595430.0,213163.0,722869.0,102325.0,347000.0,0.0,0.0,0.0,0.0,0.0,0.0,0.0,0.0,254781.0,864000.0,0.0,0.0,348410.0,1181510.0,,,,,321452.0,1090094.0,,,,,,,,6035.0,,,,,
2018,Americas,Brazilian Red Cross,Brazil,BRA,,210166592.0,1916933898038.36,,9140.0,75.109,15.2,93.23,86.569,59.0,0.0,0.0,,21.0,,,,,,3075.0,,,,,,,,,,,,,,,,,,,,,,,,,,,,,,,,,,,,,,170.0,233133.0,233133.0,,,,,,
2019,Americas,Brazilian Red Cross,Brazil,BRA,,211782878.0,1873288205186.45,,9220.0,75.338,14.9,,86.824,61.0,,,13.0,18.0,,28800.0,31200.0,,0.0,60000.0,13.0,14.0,,0.0,27.0,,1420000.0,,1150000.0,,120000.0,,1300000.0,,0.0,,0.0,,0.0,,0.0,,0.0,,0.0,,0.0,,0.0,,10000.0,,0.0,31345.0,17130.0,0.0,14215.0,,,,,,,,,
2020,Americas,Brazilian Red Cross,Brazil,BRA,,213196304.0,1476107231194.11,,7910.0,74.009,14.7,,87.073,72.0,,,42.0,74.0,,9305.0,19299.0,,,28604.0,543.0,1310.0,,,1853.0,1970249.0,12158054.0,1696621.0,10469545.0,,,958727.0,5916130.0,,,,,,,,,,,126401.0,780000.0,,,177618.0,1096046.0,22039.0,136000.0,,,677.0,,677.0,,,,,1941192.0,,,,,
2021,Americas,Brazilian Red Cross,Brazil,BRA,,214326223.0,1649622821885.14,,7850.0,72.75,14.4,,87.317,,1.0,1.0,44.0,69.0,,4557.0,7230.0,3.0,,11790.0,411.0,1399.0,,,1810.0,2243636.0,12854639.0,2059910.0,11802006.0,57728.0,330743.0,768057.0,4400491.0,,,,,,,,,,,208380.0,1193889.0,,,316497.0,1813330.0,183266.0,1050000.0,,,6792.0,2408.0,2137.0,2247.0,49714.0,708.0,708.0,343800.0,,,,,
2022,Americas,Brazilian Red Cross,Brazil,BRA,,215313498.0,1920095779022.73,,8140.0,,,94.69,87.555,,1.0,1.0,44.0,69.0,,4557.0,7230.0,3.0,,11790.0,411.0,1399.0,,,1810.0,1382050.0,7736381.0,1618976.0,9062634.0,188263.0,1053851.0,248686.0,1392083.0,,,,,,,,,,,384628.0,2153052.0,459.0,2568.0,105694.0,591648.0,137513.0,769763.0,,,,,,,,,,,,,,,
2023,Americas,Brazilian Red Cross,Brazil,BRA,,,,,,,,,,,,,,,,,,,,,,,,,,,,,,,,,,,,,,,,,,,,,,,,,,,,,,,,,,,,,,,,,,
2024,Americas,Brazilian Red Cross,Brazil,BRA,,,,,,,,,,,,,,,,,,,,,,,,,,,,,,,,,,,,,,,,,,,,,,,,,,,,,,,,,,,,,,,,,,
2010,Americas,The Bahamas Red Cross Society,Bahamas,BHS,DBS001,373272.0,10095760000.0,,26900.0,72.731,15.4,,82.427,79.0,,,,,,,,,,40.0,6.0,2.0,,,8.0,592884.0,620216.0,550276.0,575644.0,,,,,,,,,,,,,,,,,0.0,,,,,,,,,,,,,,,,,,,,
2011,Americas,The Bahamas Red Cross Society,Bahamas,BHS,DBS001,377950.0,10070450000.0,,26540.0,72.564,15.1,,82.476,101.0,,,,,,,,,,,,,,,,576115.0,608838.0,506228.0,534982.0,,,,,,,,,,,,,,,,,0.0,,,,,,,,,,,,,,,,,,,,
2012,Americas,The Bahamas Red Cross Society,Bahamas,BHS,DBS001,382061.0,10720400000.0,,27170.0,72.753,14.7,,82.532,101.0,,,,2.0,,40.0,70.0,,,110.0,1.0,6.0,,,7.0,448632.0,489682.0,473284.0,516589.0,,,,,,,,,,,,,,,,,0.0,,,,,,,,,,,,,,,,,,,,
2013,Americas,The Bahamas Red Cross Society,Bahamas,BHS,DBS001,385650.0,10395500000.0,,26210.0,73.024,14.4,,82.596,82.0,,,,1.0,,46.0,91.0,,,137.0,2.0,8.0,,,10.0,477844.0,528400.0,536914.0,593720.0,,,,,,,,,,,,,,,,,0.0,0.0,,,,,,,,,,,160.0,,,,,,,,
2014,Americas,The Bahamas Red Cross Society,Bahamas,BHS,DBS001,389131.0,10974800000.0,,26520.0,73.366,14.1,,82.668,97.0,,,,2.0,,,,,,1068.0,2.0,9.0,,,11.0,657030.0,661294.0,516185.0,519535.0,,,,,,,,,,,,,,,,,0.0,,,,,,,,,,,,3.0,,,,,,,,
2015,Americas,The Bahamas Red Cross Society,Bahamas,BHS,DBS001,392697.0,11672900000.0,,26760.0,73.104,13.9,,82.746,84.0,,,,2.0,,,,,,1760.0,3.0,8.0,,,11.0,544218.0,546221.0,595866.0,598059.0,,,,,,,,,,,,,,,,,0.0,,,,,,,,,,,,,,,,,,,,
2016,Americas,The Bahamas Red Cross Society,Bahamas,BHS,,395976.0,11750800000.0,,26960.0,73.537,13.8,,82.832,79.0,,,,1.0,,,,,,1051.0,4.0,16.0,,,20.0,,,,,13190.0,13467.0,165180.0,168654.0,708.0,723.0,0.0,0.0,0.0,0.0,2405.0,2456.0,132615.0,135404.0,531114.0,542283.0,0.0,0.0,0.0,0.0,0.0,0.0,0.0,0.0,1192.0,716.0,,476.0,0.0,0.0,0.0,0.0,,,,,
2017,Americas,The Bahamas Red Cross Society,Bahamas,BHS,,399020.0,12253500000.0,,28400.0,73.632,13.6,,82.925,77.0,1.0,1.0,23.0,3.0,,,,,,133.0,4.0,12.0,,0.0,16.0,49174.0,50265.0,590089.0,603185.0,3785.0,3869.0,5349.0,5468.0,19957.0,20400.0,0.0,0.0,0.0,0.0,10084.0,10308.0,74740.0,76399.0,221933.0,226859.0,0.0,0.0,0.0,0.0,0.0,0.0,,,1113.0,515.0,0.0,598.0,0.0,0.0,0.0,30.0,,,,,
2018,Americas,The Bahamas Red Cross Society,Bahamas,BHS,,401906.0,12653600000.0,,29550.0,73.806,13.5,,83.025,77.0,0.0,0.0,23.0,,,,,,,147.0,2.0,7.0,,0.0,9.0,,,,,,,,,,,,,,,,,,,,,,,,,,,,,694.0,,,,,,,,,,,,
2019,Americas,The Bahamas Red Cross Society,Bahamas,BHS,,404557.0,13058700000.0,,30440.0,71.205,23.4,,83.132,82.0,,,22.0,20.0,,,,,6285.0,6285.0,6.0,16.0,,,22.0,768960.0,775560.0,695001.0,700966.0,21270.0,21453.0,289361.0,291845.0,9915.0,10000.0,,,,,,,139922.0,141123.0,101624.0,102496.0,,,,,,,16.0,16.0,798.0,483.0,,315.0,11801.0,,,16188.0,,,,,
2020,Americas,The Bahamas Red Cross Society,Bahamas,BHS,,406471.0,9754600000.0,,23040.0,72.677,13.3,,83.245,77.0,,,20.0,16.0,,,,,2276.0,2276.0,,,,68.0,68.0,6419451.0,6925833.0,1955526.0,2109783.0,16332.0,17620.0,825188.0,890281.0,139461.0,150462.0,,,,,,,4588.0,4950.0,157763.0,170208.0,378696.0,408568.0,2450117.0,2643388.0,,,,,261.0,,261.0,,,,,8000.0,,,,,
2021,Americas,The Bahamas Red Cross Society,Bahamas,BHS,,407906.0,11527600000.0,,27870.0,71.598,13.2,,83.365,,1.0,1.0,22.0,16.0,,,,,,461.0,19.0,42.0,,,61.0,9306957.0,10026726.0,9826084.0,10586000.0,370731.0,399402.0,3326915.0,3584207.0,0.0,0.0,0.0,0.0,0.0,0.0,0.0,0.0,0.0,0.0,248762.0,268000.0,0.0,0.0,2412227.0,2598780.0,1112743.0,1198799.0,0.0,0.0,431.0,100.0,279.0,52.0,,100.0,30100.0,2705.0,,,,,
2022,Americas,The Bahamas Red Cross Society,Bahamas,BHS,,409984.0,12897400000.0,,31520.0,,,,83.492,,,,,,,,,,,,,,,,,,,,,,,,,,,,,,,,,,,,,,,,,,,,,,,,,,,,,,,,,
2023,Americas,The Bahamas Red Cross Society,Bahamas,BHS,,,,,,,,,,,,,,,,,,,,,,,,,,,,,,,,,,,,,,,,,,,,,,,,,,,,,,,,,,,,,,,,,,
2024,Americas,The Bahamas Red Cross Society,Bahamas,BHS,,,,,,,,,,,1.0,1.0,9.0,16.0,1.0,,,,,841.0,,,,,15.0,1079880.0,1284669.0,1014983.0,1207465.0,,,124626.0,148260.0,,,,,,,8631.0,10268.0,108458.0,129026.0,558424.0,664324.0,,,,,13623.0,16207.0,,,468.0,326.0,,142.0,,,,,,,,,
2019,Asia Pacific,Bhutan Red Cross Society,Bhutan,BTN,,767459.0,2735683408.717,,3360.0,71.391,28.5,,41.612,62.0,,,10.0,,,,,,4737.0,4737.0,5.0,3.0,,,8.0,,,,,,,,,,,,,,,,,,,,,,,,,,,,,237.0,107.0,,130.0,0.0,4737.0,4737.0,,,,,,
2020,Asia Pacific,Bhutan Red Cross Society,Bhutan,BTN,,772506.0,2457604042.7636,,3030.0,71.609,27.5,,42.316,60.0,,,7.0,1.0,,,,,,,3.0,3.0,,,6.0,380616.0,30221996.0,268818.0,21344893.0,8996.0,714345.0,,,,,,,,,,,,,,,130469.0,10359582.0,132918.0,10554070.0,52265.0,4150000.0,,,177.0,,177.0,,122265.0,,,,,,,,
2021,Asia Pacific,Bhutan Red Cross Society,Bhutan,BTN,,777486.0,2768003872.5407,,3290.0,71.815,26.7,,43.008,,0.0,1.0,7.0,1.0,,,,,,5037.0,8.0,4.0,,,12.0,284316.0,23034591.0,191344.0,15502218.0,1721.0,139400.0,,,,,,,,,,,,,,,101652.0,8235589.0,49225.0,3988061.0,40107.0,3249377.0,,,117.0,,,,52196.0,132.0,132.0,0.0,,,,,
2022,Asia Pacific,Bhutan Red Cross Society,Bhutan,BTN,,782455.0,,12.4,,,,72.1,43.686,,0.0,1.0,7.0,1.0,,,,,,5792.0,6.0,4.0,,,10.0,341658.0,341658.0,240097.0,240097.0,1966.0,1966.0,,,,,,,,,,,,,,,98479.0,98479.0,48912.0,48912.0,74025.0,74025.0,54251.0,54251.0,684.0,,,,200000.0,684.0,684.0,91000.0,,,,,
2023,Asia Pacific,Bhutan Red Cross Society,Bhutan,BTN,,,,,,,,,,,0.0,1.0,7.0,22.0,21.0,,,,,6893.0,,,,,11.0,,,,,,,,,,,,,,,,,,,,,,,,,,,,,1115.0,,,,12000.0,12000.0,12000.0,1200.0,,,,,
2024,Asia Pacific,Bhutan Red Cross Society,Bhutan,BTN,,,,,,,,,,,,,,,,,,,,,,,,,,,,,,,,,,,,,,,,,,,,,,,,,,,,,,,,,,,,,,,,,,
2012,Africa,Botswana Red Cross Society,Botswana,BWA,DBW001,2175425.0,13907464500.1489,,6700.0,60.8,55.2,,64.768,260.0,,,,26.0,,317.0,932.0,,,1249.0,28.0,47.0,,,75.0,1579884.0,13227896.0,1566877.0,13118993.0,,,,,,,,,,,,,,,,,150817.0,1262747.0,,,,,,,,,,,3687.0,,,,,,,,
2013,Africa,Botswana Red Cross Society,Botswana,BWA,DBW001,2217278.0,14271738933.2042,,6710.0,61.996,50.3,86.82,65.572,142.0,,,,40.0,,,,,,4300.0,22.0,45.0,,,67.0,1041756.0,10111286.0,1117390.0,10845385.0,,,,,,,,,,,,,,,,,0.0,,,,,,,,,,,,100.0,,,,,,,,
2014,Africa,Botswana Red Cross Society,Botswana,BWA,DBW001,2260376.0,15470088500.7414,,6710.0,62.608,48.2,,66.368,179.0,,,,25.0,,900.0,2100.0,,,3000.0,28.0,39.0,,,67.0,836137.0,7969485.0,761108.0,7254358.0,,,,,,,,,,,,,,,,,0.0,,,,,,,,,,,,,,,,,,,,
2015,Africa,Botswana Red Cross Society,Botswana,BWA,DBW001,2305171.0,13530748844.505,16.1,5860.0,63.818,45.4,,67.155,184.0,,,,18.0,,1100.0,2800.0,,,3900.0,28.0,39.0,,,67.0,899275.0,9976468.0,927637.0,10291110.0,,,,,,,,,,,,,,,,,0.0,,,,,,,,,,,,,,,,,,,,
2016,Africa,Botswana Red Cross Society,Botswana,BWA,,2352416.0,15082636722.902,,5760.0,65.464,43.5,,67.933,134.0,,,,11.0,,787.0,1307.0,,,2094.0,32.0,43.0,,,75.0,1547415.0,16044200.0,1560309.0,16177893.0,3440.0,35670.0,0.0,0.0,4822.0,50000.0,827016.0,8574822.0,0.0,0.0,0.0,0.0,0.0,0.0,86299.0,894785.0,44093.0,457172.0,0.0,0.0,29488.0,305744.0,648.0,6720.0,1625.0,589.0,,1036.0,539.0,15000.0,15000.0,2114.0,,,,,
2017,Africa,Botswana Red Cross Society,Botswana,BWA,,2401840.0,16105156375.533,,5860.0,66.753,39.9,,68.7,108.0,1.0,1.0,7.0,8.0,,1077.0,2047.0,,0.0,3124.0,22.0,43.0,,0.0,65.0,1660.0,16477.0,1694.0,16809.0,159.0,1580.0,0.0,0.0,0.0,0.0,794804.0,7887150.0,0.0,0.0,0.0,0.0,0.0,0.0,196.0,1942.0,111969.0,1111111.0,85335.0,846816.0,23569.0,233885.0,,,950.0,368.0,0.0,582.0,,361.0,361.0,2519.0,,,,,
2018,Africa,Botswana Red Cross Society,Botswana,BWA,,2451409.0,17031943186.1353,,6270.0,65.422,39.0,,69.446,162.0,1.0,1.0,10.0,33.0,,362.0,1168.0,,,1530.0,26.0,29.0,,,55.0,1034486.0,11046184.0,1016902.0,10858418.0,3461.0,36955.0,0.0,0.0,4683.0,50000.0,86858.0,927470.0,0.0,0.0,0.0,0.0,0.0,0.0,294871.0,3148620.0,0.0,0.0,1287.0,13745.0,52251.0,557928.0,0.0,0.0,942.0,398.0,,544.0,4425.0,2031.0,2031.0,2031.0,,,,,
2019,Africa,Botswana Red Cross Society,Botswana,BWA,,2499702.0,16725908666.8462,,6630.0,65.464,37.7,,70.172,118.0,,,,,,,,,,,,,,,,,,,,,,,,,,,,,,,,,,,,,,,,,,,,,,,,,,,,,,,,
2020,Africa,Botswana Red Cross Society,Botswana,BWA,,2546402.0,14960291541.176,,6130.0,65.647,36.3,,70.877,186.0,,,,,,,,,,,,,,,,,,,,,,,,,,,,,,,,,,,,,,,,,,,,,,,,,,,,,,,,
2021,Africa,Botswana Red Cross Society,Botswana,BWA,,2588423.0,18737066311.1597,,6900.0,61.141,34.9,,71.56,,0.0,0.0,10.0,42.0,,,,,,2668.0,,,,,55.0,,,,,,,,,,,,,,,,,,,,,,,,,,,,,440.0,,,,,,,425.0,,,,,
2022,Africa,Botswana Red Cross Society,Botswana,BWA,,2630296.0,20355541962.8512,,7430.0,,,,72.224,,1.0,1.0,10.0,31.0,,,,,,10000.0,,,,,67.0,2941305.0,36535687.0,2967900.0,36866036.0,0.0,0.0,0.0,0.0,0.0,0.0,162755.0,2021679.0,0.0,0.0,0.0,0.0,553264.0,6872417.0,0.0,0.0,8981.0,111560.0,175718.0,2182702.0,0.0,0.0,0.0,0.0,1485.0,,,,10859.0,1540.0,1540.0,0.0,,,,,
2023,Africa,Botswana Red Cross Society,Botswana,BWA,,,,,,,,,,,0.0,1.0,10.0,46.0,9.0,,,,,13000.0,27.0,37.0,,,64.0,2896250.0,45786164.0,3464326.0,54766753.0,0.0,0.0,0.0,0.0,20946.0,331126.0,0.0,0.0,0.0,0.0,0.0,0.0,0.0,0.0,330654.0,5227241.0,8147.0,128796.0,69938.0,1105633.0,0.0,0.0,1743219.0,27558156.0,1310.0,689.0,,621.0,565.0,565.0,565.0,0.0,,,,,
2024,Africa,Botswana Red Cross Society,Botswana,BWA,,,,,,,,,,,0.0,1.0,12.0,45.0,10.0,,,,,13000.0,27.0,37.0,,,64.0,2299976.0,34916294.0,2010991.0,30529168.0,,,,,,,,,,,,,,,372992.0,5662452.0,47431.0,720061.0,637028.0,9670821.0,,,270081.0,4100149.0,1745.0,,,,6196.0,77.0,100135.0,424.0,,,,,
2009,Europe and Central Asia,Belarus Red Cross,Belarus,BLR,DBY001,9506765.0,50874078052.2735,5.4,5700.0,70.4073,6.0,99.62,74.172,6.0,,,,8265.0,,,,,,9559.0,,,,,581.0,4431609.0,12213100000.0,3482810.0,9598300000.0,,,,,,,,,,,,,,,,,1518429.0,4184648448.0,,,,,,,,,,,13.0,,,,,,,,
2010,Europe and Central Asia,Belarus Red Cross,Belarus,BLR,DBY001,9483836.0,57231904542.8755,5.2,6150.0,70.4049,5.6,,74.672,3.0,,,,,,,,,,9559.0,,,,,,0.0,,0.0,,,,,,,,,,,,,,,,,,0.0,,,,,,,,,,,,,,,,,,,,
2011,Europe and Central Asia,Belarus Red Cross,Belarus,BLR,DBY001,9461643.0,61762382327.9319,7.3,6340.0,70.5537,5.2,,75.188,3.0,,,,161.0,,,,,,17400.0,,,,,361.0,0.0,,0.0,,,,,,,,,,,,,,,,,,0.0,,,,,,,,,,,,,,,,,,,,
2012,Europe and Central Asia,Belarus Red Cross,Belarus,BLR,DBY001,9446836.0,65685890438.8922,6.3,6630.0,71.9659,4.9,,75.697,2.0,,,,162.0,,,,,,21546.0,,,,,330.0,4231970.0,39515300000.0,3869136.0,36127400000.0,,,,,,,,,,,,,,,,,144.0,1344597.0,,,,,,,,,,,,,,,,,,,
2013,Europe and Central Asia,Belarus Red Cross,Belarus,BLR,DBY001,9443211.0,75527558966.4473,5.5,7030.0,72.4707,4.6,,76.199,2.0,,,,160.0,,9096.0,13644.0,,,22740.0,107.0,250.0,,,357.0,4026727.0,43087800000.0,3793877.0,40596200000.0,,,,,,,,,,,,,,,,,1954357.0,20912500000.0,,,,,,,,,,,6350.0,,,,,,,,
2014,Europe and Central Asia,Belarus Red Cross,Belarus,BLR,DBY001,9448515.0,78812805039.0743,4.8,7620.0,72.9707,4.3,,76.693,1.0,,,,160.0,,,,,,22268.0,,,,,362.0,6023218.0,66719300000.0,4505644.0,49909100000.0,,,,,,,,,,,,,,,,,0.0,,,,,,,,,,,,,,,,,,,,
2015,Europe and Central Asia,Belarus Red Cross,Belarus,BLR,DBY001,9461076.0,56454889146.6088,5.1,6750.0,73.6244,4.1,,77.181,1.0,,,,158.0,,,,,,22656.0,,,,,341.0,5118546.0,95666600000.0,3547107.0,66296100000.0,,,,,,,,,,,,,,,,,0.0,,,,,,,,,,,,,,,,,,,,
2016,Europe and Central Asia,Belarus Red Cross,Belarus,BLR,,9469379.0,47723545321.259,5.7,5640.0,73.8268,3.9,,77.661,1.0,,,,166.0,,,,,,22459.0,56.0,310.0,,,366.0,6297990.0,123490000000.0,5670690.0,111190000000.0,1692690.0,33190000000.0,238680.0,4680000000.0,,,471750.0,9250000000.0,,,621180.0,12180000000.0,123420.0,2420000000.0,,,1202070.0,23570000000.0,722160.0,14160000000.0,999090.0,19590000000.0,49470.0,970000000.0,36708.0,,,,22645.0,,,,,,,,
2017,Europe and Central Asia,Belarus Red Cross,Belarus,BLR,,9458989.0,54725302249.8088,5.9,5320.0,74.1293,3.6,,78.134,1.0,1.0,1.0,25.0,158.0,,,,,,16935.0,,,,,386.0,5142573.0,5267200.0,4968296.0,5088700.0,1551207.0,1588800.0,416897.0,427000.0,0.0,0.0,672307.0,688600.0,0.0,0.0,534448.0,547400.0,0.0,0.0,343574.0,351900.0,589513.0,603800.0,365932.0,374800.0,491196.0,503100.0,21968.0,22500.0,22405.0,,,,18327.0,250.0,1250.0,0.0,,,,,
2018,Europe and Central Asia,Belarus Red Cross,Belarus,BLR,,9438785.0,60031173807.7196,5.6,5730.0,74.1756,3.4,,78.595,1.0,1.0,1.0,24.0,158.0,,,,,,16758.0,,,,,442.0,4619124.0,10099051.0,4664890.0,10199111.0,1705960.0,3729837.0,236190.0,516396.0,67843.0,148329.0,635086.0,1388524.0,,,113285.0,247682.0,0.0,0.0,0.0,0.0,616190.0,1347210.0,495283.0,1082864.0,295215.0,645445.0,30733.0,67193.0,24458.0,,,,49352.0,0.0,0.0,0.0,,,,,
2019,Europe and Central Asia,Belarus Red Cross,Belarus,BLR,,9419758.0,64410122847.3508,5.0,6370.0,74.2268,3.1,99.87,79.044,1.0,,,24.0,158.0,,,,,16703.0,16703.0,42.0,406.0,,,448.0,4813783.0,10358704.0,4766063.0,10256016.0,1811811.0,3898807.0,475489.0,1023198.0,12101.0,26040.0,557062.0,1198732.0,,,109225.0,235040.0,0.0,0.0,0.0,0.0,1028242.0,2212657.0,232277.0,499834.0,261832.0,563433.0,50965.0,109670.0,28547.0,,28547.0,,52447.0,75000.0,75000.0,0.0,,,,,
2020,Europe and Central Asia,Belarus Red Cross,Belarus,BLR,,9379952.0,61371755326.2351,4.8,6410.0,72.4572,2.9,,79.483,1.0,,,24.0,158.0,,,,,16587.0,16587.0,44.0,380.0,,,424.0,5726251.0,16578896.0,5522935.0,15990246.0,1444202.0,4181318.0,1053098.0,3048976.0,81772.0,236750.0,873685.0,2529531.0,,,87060.0,252061.0,,,,,1069737.0,3097149.0,674669.0,1953331.0,211023.0,610963.0,19716.0,57084.0,12376.0,,12376.0,,36675.0,65000.0,65000.0,42558.0,,,,,
2021,Europe and Central Asia,Belarus Red Cross,Belarus,BLR,,9302585.0,69673747131.87,,7040.0,72.3707,2.7,,79.91,,1.0,1.0,27.0,158.0,,,,,,16156.0,,,,,419.0,6172315.0,5745900.0,6219258.0,5789600.0,1669863.0,1554500.0,666119.0,620100.0,,,1057562.0,984500.0,,,,,,,,,1173040.0,1092000.0,925971.0,862000.0,174989.0,162900.0,324519.0,302100.0,23000.0,,,,70000.0,70000.0,70000.0,43225.0,,,,,
2022,Europe and Central Asia,Belarus Red Cross,Belarus,BLR,,9228071.0,72793457588.4367,,7210.0,,,,80.326,,1.0,1.0,27.0,158.0,,,,,,15325.0,44.0,374.0,,,418.0,7741977.0,7501160.0,6714477.0,6505621.0,2475408.0,2398409.0,683245.0,661992.0,,,1828452.0,1771577.0,,,,,,,,,634158.0,614432.0,1467997.0,1422334.0,386131.0,374120.0,66900.0,64819.0,23093.0,,,,44000.0,36000.0,36000.0,13376.0,,,,,
2023,Europe and Central Asia,Belarus Red Cross,Belarus,BLR,,,,,,,,,,,,,,,,,,,,,,,,,,,,,,,,,,,,,,,,,,,,,,,,,,,,,,,,,,,,,,,,,,
2024,Europe and Central Asia,Belarus Red Cross,Belarus,BLR,,,,,,,,,,,,,,,,,,,,,,,,,,,,,,,,,,,,,,,,,,,,,,,,,,,,,,,,,,,,,,,,,,
2011,Americas,Belize Red Cross Society,Belize,BLZ,DBZ001,329538.0,1818831938.1776,,5090.0,72.651,18.4,,45.228,33.0,,,,7.0,,,,,,65.0,,,,,36.0,651403.0,1343192.0,550891.0,1135937.0,,,,,,,,,,,,,,,,,0.0,,,,,,,,,,,,,,,,,,,,
2012,Americas,Belize Red Cross Society,Belize,BLZ,DBZ001,337059.0,1899503249.8643,,5240.0,73.245,17.7,,45.246,28.0,,,,8.0,,,,,,516.0,,,,,24.0,667204.0,1424881.0,639865.0,1366496.0,,,,,,,,,,,,,,,,,415575.0,887501.0,,,,,,,,,,,727.0,,,,,,,,
2013,Americas,Belize Red Cross Society,Belize,BLZ,DBZ001,344688.0,2021757434.1806,,5490.0,73.666,16.9,,45.282,32.0,,,,8.0,,59.0,46.0,,,105.0,9.0,15.0,,,24.0,842100.0,1860367.0,839128.0,1853802.0,,,,,,,,,,,,,,,,,570411.0,1260151.0,,,,,,,,,,,492.0,,,,,,,,
2014,Americas,Belize Red Cross Society,Belize,BLZ,DBZ001,352335.0,2125125606.2572,,5580.0,73.311,16.1,,45.335,38.0,,,,8.0,,35.0,80.0,,,115.0,7.0,14.0,,,21.0,671618.0,1329682.0,978929.0,1938103.0,,,,,,,,,,,,,,,,,0.0,,,,,,,,,,,,,,,,,,,,
2015,Americas,Belize Red Cross Society,Belize,BLZ,DBZ001,359871.0,2194709309.242,,5730.0,73.187,15.3,,45.406,49.0,,,,8.0,,74.0,174.0,,,248.0,7.0,14.0,,,21.0,484032.0,954104.0,780094.0,1537690.0,,,,,,,,,,,,,,,,,401677.0,791769.0,,,,,,,,,,,459.0,,,,,,,,
2016,Americas,Belize Red Cross Society,Belize,BLZ,,367313.0,2240593542.9757,,5600.0,73.399,14.5,,45.495,59.0,,,,8.0,,68.0,78.0,,,146.0,4.0,11.0,,,15.0,835007.0,1596935.0,794982.0,1520388.0,17724.0,33896.0,181610.0,347325.0,0.0,0.0,0.0,0.0,0.0,0.0,26144.0,50000.0,0.0,0.0,99096.0,189520.0,280824.0,537070.0,19371.0,37046.0,10635.0,20339.0,84909.0,162387.0,1671.0,797.0,,874.0,31344.0,38353.0,38353.0,597.0,,,,,
2017,Americas,Belize Red Cross Society,Belize,BLZ,,374693.0,2266664817.0882,,5470.0,73.562,13.7,,45.601,72.0,1.0,1.0,8.0,8.0,,8.0,13.0,,0.0,21.0,3.0,10.0,,0.0,13.0,,,,,3503.0,7114.0,31280.0,63517.0,0.0,0.0,89879.0,182507.0,0.0,0.0,0.0,0.0,40140.0,81507.0,45933.0,93271.0,175541.0,356451.0,2216.0,4500.0,15408.0,31288.0,18700.0,37971.0,1537.0,659.0,0.0,878.0,47.0,898.0,898.0,304.0,,,,,
2018,Americas,Belize Red Cross Society,Belize,BLZ,,382066.0,2292787335.6245,,5600.0,73.703,13.0,,45.724,78.0,1.0,1.0,3.0,8.0,,8.0,14.0,,0.0,22.0,10.0,16.0,,0.0,26.0,674353.0,1359555.0,628733.0,1267581.0,7896.0,15919.0,103228.0,208116.0,0.0,0.0,337499.0,680428.0,0.0,0.0,0.0,0.0,1079.0,2176.0,90930.0,183323.0,15955.0,32167.0,58211.0,117358.0,28643.0,57746.0,15983.0,32223.0,1913.0,803.0,0.0,1110.0,51.0,721.0,721.0,543.0,,,,,
2019,Americas,Belize Red Cross Society,Belize,BLZ,,389095.0,2386792476.1064,,5820.0,73.931,12.3,,45.866,86.0,,,9.0,8.0,,24.0,34.0,,0.0,58.0,7.0,11.0,,0.0,18.0,755685.0,1554481.0,698395.0,1436634.0,19.0,40.0,113166.0,232789.0,0.0,0.0,171410.0,352600.0,0.0,0.0,0.0,0.0,951.0,1956.0,92926.0,191153.0,102853.0,211573.0,104839.0,215660.0,27744.0,57070.0,16556.0,34057.0,2512.0,1189.0,0.0,1323.0,115.0,7348.0,7348.0,918.0,,,,,
2020,Americas,Belize Red Cross Society,Belize,BLZ,,394921.0,2047727810.0678,,5120.0,72.854,11.7,,46.025,130.0,,,9.0,8.0,,58.0,52.0,,,110.0,4.0,13.0,,,17.0,647053.0,1359300.0,624769.0,1312487.0,6380.0,13402.0,30681.0,64453.0,95204.0,200000.0,60638.0,127385.0,115258.0,242130.0,0.0,0.0,104336.0,219184.0,16638.0,34953.0,47151.0,99052.0,134906.0,283404.0,14118.0,29658.0,7418.0,15583.0,653.0,374.0,,279.0,2104.0,513.0,513.0,166427.0,,,,,
2021,Americas,Belize Red Cross Society,Belize,BLZ,,400031.0,2424575179.3783,,6040.0,70.47,11.2,,46.201,,1.0,1.0,9.0,8.0,,10.0,19.0,,,29.0,4.0,11.0,,,15.0,486174.0,1027037.0,444693.0,939410.0,8819.0,18629.0,5272.0,11138.0,,,30747.0,64952.0,,,,,40942.0,86490.0,16200.0,34222.0,1318.0,2785.0,168883.0,356764.0,,,,,1156.0,575.0,,581.0,2241.0,1685.0,1685.0,274.0,,,,,
2022,Americas,Belize Red Cross Society,Belize,BLZ,,405272.0,2830507575.6841,,6630.0,,,,46.396,,1.0,1.0,9.0,7.0,,31.0,56.0,,,87.0,4.0,7.0,,,11.0,1016262.0,2174563.0,661958.0,1416435.0,21126.0,45204.0,30377.0,65000.0,,,77919.0,166728.0,,,,,21665.0,46358.0,63635.0,136164.0,,,309218.0,661653.0,,,,,1200.0,605.0,,595.0,4356.0,1574.0,1574.0,21.0,,,,,
2023,Americas,Belize Red Cross Society,Belize,BLZ,,,,,,,,,,,1.0,1.0,6.0,7.0,7.0,34.0,87.0,,,121.0,3.0,3.0,,,6.0,196411.0,461242.0,222421.0,522323.0,6337.0,14882.0,,,,,57023.0,133911.0,,,,,,,72065.0,169234.0,,,4747.0,11147.0,,,31.0,72.0,1208.0,609.0,,599.0,40.0,0.0,0.0,0.0,,,,,
2024,Americas,Belize Red Cross Society,Belize,BLZ,,,,,,,,,,,1.0,1.0,8.0,5.0,6.0,114.0,277.0,,,391.0,4.0,5.0,,,9.0,,,,,,,,,,,,,,,,,,,,,,,,,,,,,,,,,,,,,,,,,
2010,Americas,Canadian Red Cross Society,Canada,CAN,DCA001,34004889.0,1617343367486.26,,44490.0,81.3222,5.7,,80.937,12.0,,,,,,,,,,9670.0,,,,,,0.0,,0.0,,,,,,,,,,,,,,,,,,0.0,,,,,,,,,,,,,,,,,,,,
2012,Americas,Canadian Red Cross Society,Canada,CAN,DCA001,34714222.0,1828366481521.6,,51080.0,81.6637,5.6,,81.137,12.0,,,,38.0,,,,,,20000.0,,,,,2600.0,310233838.0,338310000.0,318879413.0,347738000.0,,,,,,,,,,,,,,,,,0.0,0.0,,,,,,,,,,,,,,,,,,,
2013,Americas,Canadian Red Cross Society,Canada,CAN,DCA001,35082954.0,1846597421834.98,,52800.0,81.7449,5.5,,81.178,11.0,,,,314.0,,,,,,20000.0,,,,,2600.0,300863549.0,360946000.0,298001167.0,357512000.0,,,,,,,,,,,,,,,,,0.0,,,,,,,,,,,,,,,,,,,,
2014,Americas,Canadian Red Cross Society,Canada,CAN,DCA001,35437435.0,1805749878439.94,,52200.0,81.7844,5.4,,81.218,12.0,,,,314.0,,,,,,20000.0,,,,,1489.0,254450333.0,299600000.0,259036554.0,305000000.0,,,,,,,,,,,,,,,,,0.0,,,,,,,,,,,,,,,,,,,,
2015,Americas,Canadian Red Cross Society,Canada,CAN,DCA001,35702908.0,1556508816217.14,,47590.0,81.8156,5.4,,81.259,12.0,,,,314.0,,,,,,20000.0,,,,,4153.0,213595756.0,299583000.0,217468647.0,305015000.0,,,,,,,,,,,,,,,,,0.0,,,,,,,,,,,,,,,,,,,,
2016,Americas,Canadian Red Cross Society,Canada,CAN,,36109487.0,1527994741907.43,,43890.0,81.9249,5.3,,81.3,13.0,,,,314.0,,,,,,15000.0,,,,,3307.0,387999156.0,521836000.0,379922222.0,510973000.0,,,126880.0,170646.0,0.0,0.0,0.0,0.0,0.0,0.0,15192.0,20432.0,827.0,1112.0,20860.0,28055.0,3518.0,4732.0,6254.0,8411.0,1855.0,2495.0,11642.0,15658.0,621477.0,313887.0,,307590.0,1482807.0,2765.0,104104.0,15806.0,,,,,
2017,Americas,Canadian Red Cross Society,Canada,CAN,,36545236.0,1649265644244.09,,42900.0,81.8329,5.3,,81.35,13.0,1.0,1.0,16.0,11.0,,,,,,12466.0,,,,,1850.0,343723.0,465607.0,338075.0,457956.0,88914.0,120443.0,26829.0,36342.0,3171.0,4296.0,1942.0,2631.0,1677.0,2271.0,3817.0,5171.0,4281.0,5799.0,14542.0,19699.0,1010.0,1368.0,134.0,182.0,1171.0,1586.0,1352.0,1831.0,556695.0,,,,132472.0,8019.0,8019.0,43097.0,,,,,
2018,Americas,Canadian Red Cross Society,Canada,CAN,,37065084.0,1725329192783.02,,45080.0,81.8439,5.2,,81.411,11.0,1.0,1.0,16.0,146.0,,,,,,12187.0,,,,,2411.0,290775587.0,391136000.0,280214662.0,376930000.0,0.0,0.0,104449527.0,140500000.0,559047.0,752000.0,0.0,0.0,0.0,0.0,7002207.0,9419000.0,0.0,0.0,15076416.0,20280000.0,1460063.0,1964000.0,7480965.0,10063000.0,1538865.0,2070000.0,9032468.0,12150000.0,654729.0,,,,57725.0,8019.0,8019.0,0.0,,,,,
2019,Americas,Canadian Red Cross Society,Canada,CAN,,37601230.0,1743725183672.52,,46600.0,82.2288,5.2,,81.482,11.0,,,16.0,144.0,,,,,13918.0,13918.0,539.0,1261.0,,287.0,2087.0,241391237.0,354756000.0,234510597.0,344644000.0,,,,,466103.0,685000.0,,,,,6525448.0,9590000.0,,,13018235.0,19132000.0,1450704.0,2132000.0,248362.0,365000.0,824697.0,1212000.0,1630341.0,2396000.0,,,,,67185.0,97635.0,97635.0,,,,,,
2020,Americas,Canadian Red Cross Society,Canada,CAN,,38007166.0,1647598402302.68,,43810.0,81.6705,5.1,,81.562,11.0,,,16.0,139.0,,,,,13154.0,13154.0,,,,4660.0,4660.0,416057386.0,558082000.0,395828636.0,530948000.0,,,,,656797.0,881000.0,,,,,6458379.0,8663000.0,,,10117357.0,13571000.0,855103.0,1147000.0,257202.0,345000.0,318334.0,427000.0,14325032.0,19215000.0,468426.0,,468426.0,,113292.0,231237.0,231237.0,,,,,,
2021,Americas,Canadian Red Cross Society,Canada,CAN,,38226498.0,2001486745423.92,,48720.0,82.5966,5.0,,81.653,,0.0,1.0,16.0,143.0,,,,,,6362.0,,,,,2111.0,406051240.0,544193000.0,395793128.0,530445000.0,103372783.0,138541000.0,38233626.0,51241000.0,2110121.0,2828000.0,0.0,0.0,0.0,0.0,21055692.0,28219000.0,0.0,0.0,14457461.0,19376000.0,8954.0,12000.0,217131.0,291000.0,337261.0,452000.0,14920822.0,19997000.0,700291.0,,,,544927.0,299929.0,622761.0,,,,,,
2022,Americas,Canadian Red Cross Society,Canada,CAN,,38929902.0,2137939220074.91,,52960.0,,,,81.752,,1.0,0.0,15.0,142.0,,,,,,14911.0,,,,,4312.0,452699110.0,668689000.0,423459019.0,625498000.0,110647386.0,163439000.0,47420115.0,70045000.0,2058742.0,3041000.0,,,,,18750054.0,27696000.0,,,13552763.0,20019000.0,,,194975.0,288000.0,166541.0,246000.0,13047048.0,19272000.0,854142.0,,,,256399.0,299929.0,622761.0,,,,,,
2023,Americas,Canadian Red Cross Society,Canada,CAN,,,,,,,,,,,0.0,0.0,15.0,140.0,0.0,,,,,14531.0,,,,,2847.0,442396259.0,664133000.0,454307258.0,682014000.0,68804821.0,103291000.0,33888494.0,50874000.0,849311.0,1275000.0,,,,,16753735.0,25151000.0,,,13118685.0,19694000.0,0.0,0.0,74606.0,112000.0,131893.0,198000.0,17499796.0,26271000.0,854142.0,,,,2487.0,531807.0,2025741.0,,,,,,
2024,Americas,Canadian Red Cross Society,Canada,CAN,,,,,,,,,,,0.0,0.0,16.0,136.0,0.0,,,,,13911.0,,,,,2630.0,352568299.0,572477000.0,357429318.0,580370000.0,69838426.0,113399000.0,23279681.0,37800000.0,1133191.0,1840000.0,,,,,8308629.0,13491000.0,,,11644151.0,18907000.0,0.0,0.0,189686.0,308000.0,45574.0,74000.0,1677061.0,2723100.0,,,,,,,,,,,,,
2009,Africa,Red Cross of the Democratic Republic of the Congo,"Congo, the Democratic Republic of the",COD,DCD001,62448572.0,18648373312.4241,,300.0,56.35,118.9,,39.491,555.0,,,,1246.0,,,,,,9896.0,,,,,104.0,2023463.0,1956689.0,1761965.0,1703820.0,,,,,,,,,,,,,,,,,534619.0,516977.0,,,,,,,,,,,,,,,,,,,
2011,Africa,Red Cross of the Democratic Republic of the Congo,"Congo, the Democratic Republic of the",COD,DCD001,68654269.0,25839749199.3671,,330.0,57.069,110.7,,40.544,585.0,,,,1246.0,,,,,,25000.0,,,,,120.0,1980945.0,2100000.0,1897934.0,2012000.0,,,,,,,,,,,,,,,,,0.0,,,,,,,,,,,,,,,,,,,,
2012,Africa,Red Cross of the Democratic Republic of the Congo,"Congo, the Democratic Republic of the",COD,DCD001,70997870.0,29306235285.2597,63.9,370.0,57.248,106.8,75.02,41.082,595.0,,,,11.0,,,,,,96400.0,,,,,93.0,1842524.0,2016090.0,1761908.0,1927880.0,,,,,,,,,,,,,,,,,0.0,,,,,,,,,,,,,,,,,,,,
2013,Africa,Red Cross of the Democratic Republic of the Congo,"Congo, the Democratic Republic of the",COD,DCD001,73460021.0,32679745048.4427,,400.0,57.762,103.3,,41.627,585.0,,,,11.0,,,,,,96400.0,,,,,95.0,1777851.0,1992971.0,1663677.0,1864982.0,,,,,,,,,,,,,,,,,0.0,,,,,,,,,,,,,,,,,,,,
2014,Africa,Red Cross of the Democratic Republic of the Congo,"Congo, the Democratic Republic of the",COD,DCD001,76035588.0,35909040925.9375,,430.0,58.296,99.7,,42.18,573.0,,,,1246.0,,56295.0,14850.0,,,71145.0,83.0,14.0,,,97.0,2910625.0,2947677.0,2728988.0,2763728.0,,,,,,,,,,,,,,,,,1702199.0,1723868.0,,,,,,,,,,,17450.0,,,,,,,,
2015,Africa,Red Cross of the Democratic Republic of the Congo,"Congo, the Democratic Republic of the",COD,DCD001,78656904.0,37917706497.1793,,440.0,58.49,96.5,,42.74,578.0,,,,674.0,,,,,,11114.0,,,,,158.0,2555848.0,2583042.0,2178382.0,2201560.0,,,,,,,,,,,,,,,,,0.0,,,,,,,,,,,,,,,,,,,,
2016,Africa,Red Cross of the Democratic Republic of the Congo,"Congo, the Democratic Republic of the",COD,,81430977.0,37134801555.3322,,450.0,59.066,93.4,77.04,43.307,562.0,,,,1787.0,,,,,,264601.0,,,,,217.0,,,,,,,,,,,,,,,,,,,,,,,,,,,,,26094.0,6496.0,,19598.0,77511.0,171044.0,349210.0,518117.0,,,,,
2017,Africa,Red Cross of the Democratic Republic of the Congo,"Congo, the Democratic Republic of the",COD,,84283273.0,38019264794.8263,,440.0,59.411,90.3,,43.88,570.0,1.0,1.0,7.0,1787.0,,,,,,160000.0,,,,,219.0,,,,,,,,,,,,,,,,,,,,,,,,,,,,,12345.0,,,,92245.0,27979.0,27979.0,255893.0,,,,,
2018,Africa,Red Cross of the Democratic Republic of the Congo,"Congo, the Democratic Republic of the",COD,,87087355.0,47568210009.8172,,480.0,59.942,87.2,,44.46,543.0,1.0,1.0,9.0,172.0,,,,,,160000.0,143.0,79.0,,,222.0,,,,,,,,,,,,,,,,,,,,,,,,,,,,,2590.0,669.0,,1921.0,,30000.0,30000.0,,,,,,
2019,Africa,Red Cross of the Democratic Republic of the Congo,"Congo, the Democratic Republic of the",COD,,89906890.0,51775829877.2088,,510.0,60.276,84.4,,45.046,541.0,,,,,,,,,,,,,,,,,,,,,,,,,,,,,,,,,,,,,,,,,,,,,,,,,,,,,,,,
2020,Africa,Red Cross of the Democratic Republic of the Congo,"Congo, the Democratic Republic of the",COD,,92853164.0,48716961860.1325,,540.0,59.739,81.7,,45.638,547.0,,,9.0,172.0,,145464.0,63536.0,,,209000.0,122.0,59.0,,,181.0,4532312.0,4921478.0,4532312.0,4921478.0,,,,,,,1337351.0,1452182.0,,,,,322730.0,350441.0,376658.0,409000.0,391705.0,425339.0,637792.0,692556.0,620275.0,673535.0,779179.0,846083.0,5730.0,,5730.0,,10561522.0,755570.0,755570.0,6208755.0,,,,,
2021,Africa,Red Cross of the Democratic Republic of the Congo,"Congo, the Democratic Republic of the",COD,,95894118.0,55328482783.5393,,560.0,59.193,79.0,,46.235,,1.0,1.0,10.0,293.0,,145464.0,63536.0,,,209000.0,49.0,19.0,,,68.0,5042857.0,5516426.0,2758158.0,3017173.0,0.0,0.0,0.0,0.0,0.0,0.0,0.0,0.0,0.0,0.0,764222.0,835989.0,0.0,0.0,566071.0,619230.0,372397.0,407368.0,860213.0,940995.0,1086727.0,1188780.0,1351455.0,1478368.0,7500.0,1450.0,,6050.0,1001518.0,1001518.0,1001518.0,1310253.0,,,,,
2022,Africa,Red Cross of the Democratic Republic of the Congo,"Congo, the Democratic Republic of the",COD,,99010212.0,64718641221.216,,610.0,,,80.54,46.837,,1.0,1.0,10.0,293.0,,145464.0,63536.0,,,209000.0,,,,,104.0,6840624.0,7418310.0,6040481.0,6550595.0,,,,,,,,,,,,,996344.0,1080485.0,427671.0,463787.0,297430.0,322548.0,2682206.0,2908717.0,745509.0,808467.0,1602644.0,1737986.0,4327.0,,,,5660596.0,4187404.0,7042076.0,3518195.0,,,,,
2023,Africa,Red Cross of the Democratic Republic of the Congo,"Congo, the Democratic Republic of the",COD,,,,,,,,,,,1.0,1.0,10.0,293.0,26.0,355712.0,147599.0,,,503311.0,,,,,113.0,,,,,,,,,,,,,,,,,,,,,,,,,,,,,11324.0,4865.0,,6459.0,648795.0,648795.0,672671.0,712091.0,,,,,
2024,Africa,Red Cross of the Democratic Republic of the Congo,"Congo, the Democratic Republic of the",COD,,,,,,,,,,,0.0,1.0,10.0,318.0,26.0,,,,,503311.0,,,,,134.0,26834218.0,26834218.0,26165740.0,26165740.0,238418.0,238418.0,,,43725.0,43725.0,1852230.0,1852230.0,0.0,0.0,0.0,0.0,483270.0,483270.0,7579520.0,7579520.0,4943270.0,4943270.0,9429135.0,9429135.0,1000000.0,1000000.0,0.0,0.0,11681.0,2830.0,,8851.0,402800.0,1362096.0,1484209.0,3288497.0,,,,,
2012,Africa,Central African Red Cross Society,Central African Republic,CAF,DCF001,4773306.0,2510126512.2283,,530.0,50.686,123.3,,39.388,963.0,,,,78.0,,,,,,9200.0,,,,,17.0,641102.0,348205827.0,555340.0,301625217.0,,,,,,,,,,,,,,,,,0.0,,,,,,,,,,,,,,,,,,,,
2013,Africa,Central African Red Cross Society,Central African Republic,CAF,DCF001,4802428.0,1691544110.1854,,350.0,50.902,121.1,,39.663,963.0,,,,80.0,,,,,,9680.0,,,,,30.0,282829.0,151346686.0,280462.0,150079802.0,,,,,,,,,,,,,,,,,0.0,,,,,,,,,,,,,,,,,,,,
2014,Africa,Central African Red Cross Society,Central African Republic,CAF,DCF001,4798734.0,1894813389.4033,,360.0,50.566,118.6,,39.959,939.0,,,,77.0,,4800.0,7200.0,,,12000.0,44.0,10.0,,,54.0,1777090.0,968466190.0,1367659.0,745337180.0,,,,,,,,,,,,,,,,,601859.0,327997030.0,,,,,,,,,,,1172.0,,,,,,,,
2015,Africa,Central African Red Cross Society,Central African Republic,CAF,DCF001,4819333.0,1695825714.1928,,370.0,52.793,115.5,,40.277,909.0,,,,77.0,,4800.0,7200.0,,,12000.0,36.0,17.0,,,53.0,1123109.0,678409555.0,651566.0,393575665.0,,,,,,,,,,,,,,,,,0.0,,,,,,,,,,,,150.0,,,,,,,,
2016,Africa,Central African Red Cross Society,Central African Republic,CAF,,4904177.0,1825018144.656,,380.0,53.46,112.7,,40.618,877.0,,,,77.0,,4775.0,4770.0,,,9545.0,28.0,9.0,,,37.0,16311130.0,9994565000.0,1396927.0,855960000.0,0.0,0.0,0.0,0.0,0.0,0.0,264384.0,162000000.0,0.0,0.0,97210.0,59565000.0,58752.0,36000000.0,0.0,0.0,572832.0,351000000.0,308448.0,189000000.0,235008.0,144000000.0,0.0,0.0,7085.0,2545.0,,4540.0,73875.0,363500.0,2903688.0,16010.0,,,,,
2017,Africa,Central African Red Cross Society,Central African Republic,CAF,,4996741.0,2072349972.6818,,400.0,53.721,110.9,,40.98,904.0,1.0,1.0,11.0,77.0,,5745.0,6255.0,,0.0,12000.0,39.0,15.0,,0.0,54.0,,,,,0.0,0.0,0.0,0.0,374430.0,210000000.0,0.0,0.0,0.0,0.0,0.0,0.0,4992.0,2800000.0,128376.0,72000000.0,7489.0,4200000.0,427920.0,240000000.0,128376.0,72000000.0,0.0,0.0,1210.0,915.0,0.0,295.0,24545.0,15198.0,15198.0,20144.0,,,,,
2018,Africa,Central African Red Cross Society,Central African Republic,CAF,,5094780.0,2220979146.1124,,450.0,54.369,108.8,37.4,41.364,868.0,1.0,1.0,12.0,77.0,,5350.0,5000.0,,,10350.0,39.0,27.0,,,66.0,724425.0,421667605.0,724425.0,421667605.0,0.0,0.0,0.0,0.0,0.0,0.0,0.0,0.0,0.0,0.0,0.0,0.0,8590.0,5000000.0,0.0,0.0,0.0,0.0,191845.0,111667605.0,137440.0,80000000.0,0.0,0.0,926.0,771.0,,155.0,58100.0,6000.0,6000.0,25005.0,,,,,
2019,Africa,Central African Red Cross Society,Central African Republic,CAF,,5209324.0,2221301351.4392,,470.0,55.025,105.9,,41.77,847.0,,,,,,,,,,,,,,,,,,,,,,,,,,,,,,,,,,,,,,,,,,,,,,,,,,,,,,,,
2020,Africa,Central African Red Cross Society,Central African Republic,CAF,,5343020.0,2326720900.3805,,460.0,54.604,103.0,37.49,42.198,835.0,,,,77.0,,,,,12000.0,12000.0,,,,,,193691.0,117817107.0,190796.0,116056215.0,,,,,,,,,,,,,,,,,,,,,,,,,709.0,,709.0,,,,,,,,,,
2021,Africa,Central African Red Cross Society,Central African Republic,CAF,,5457154.0,2516498412.4638,68.8,480.0,53.895,99.9,,42.648,,0.0,0.0,10.0,90.0,,,,,,12000.0,,,,,,,,,,,,,,,,,,,,,,,,,,,,,,,,,,7394.0,,,,23360.0,,,,,,,,
2022,Africa,Central African Red Cross Society,Central African Republic,CAF,,5579144.0,2382618615.0169,,480.0,,,,43.12,,1.0,1.0,8.0,88.0,,8700.0,9300.0,,,18000.0,79.0,34.0,,,113.0,1696363.0,1078425327.0,1432909.0,910940050.0,,,,,,,,,,,,,,,,,,,,,,,,,6811.0,3583.0,,3228.0,15951.0,15951.0,15951.0,13386.0,,,,,
2023,Africa,Central African Red Cross Society,Central African Republic,CAF,,,,,,,,,,,1.0,1.0,8.0,85.0,20.0,8498.0,9787.0,,,18285.0,90.0,24.0,,,114.0,,,,,,,,,,,,,,,,,,,,,,,,,,,,,9323.0,4874.0,,4449.0,11426.0,10645.0,10645.0,230731.0,,,,,
2024,Africa,Central African Red Cross Society,Central African Republic,CAF,,,,,,,,,,,,,,,,,,,,,,,,,,,,,,,,,,,,,,,,,,,,,,,,,,,,,,,,,,,,,,,,,,
2010,Africa,Congolese Red Cross,Congo,COG,DCG001,4437884.0,13148396211.5955,,2650.0,61.683,62.4,,63.256,389.0,,,,,,,,,,150.0,,,,,,0.0,,0.0,,,,,,,,,,,,,,,,,,0.0,,,,,,,,,,,,,,,,,,,,
2012,Africa,Congolese Red Cross,Congo,COG,DCG001,4713257.0,17692911296.3044,,3350.0,62.317,58.2,,64.169,402.0,,,,41.0,,2000.0,6000.0,,,8000.0,30.0,16.0,,,46.0,1125000.0,611028048.0,1125000.0,611028048.0,,,,,,,,,,,,,,,,,59194.0,32150143.0,,,,,,,,,,,150515.0,,,,,,,,
2013,Africa,Congolese Red Cross,Congo,COG,DCG001,4828066.0,17958720699.0868,,3590.0,62.695,56.4,,64.627,362.0,,,,117.0,,,,,,980.0,,,,,56.0,682703.0,365325977.0,682703.0,365325977.0,,,,,,,,,,,,,,,,,0.0,,,,,,,,,,,,,,,,,,,,
2014,Africa,Congolese Red Cross,Congo,COG,DCG001,4944861.0,17919224179.5609,,3710.0,62.95,54.6,,65.085,375.0,,,,12.0,,6500.0,7500.0,,,14000.0,27.0,18.0,,,45.0,319420.0,174075330.0,311392.0,169700059.0,,,,,,,,,,,,,,,,,0.0,0.0,,,,,,,,,,,100.0,,,,,,,,
2015,Africa,Congolese Red Cross,Congo,COG,DCG001,5064386.0,12434829581.0287,,3130.0,63.233,52.8,,65.543,360.0,,,,12.0,,6200.0,8100.0,,,14300.0,23.0,17.0,,,40.0,142703.0,86199385.0,140322.0,84760785.0,,,,,,,,,,,,,,,,,0.0,0.0,,,,,,,,,,,40.0,,,,,,,,
2016,Africa,Congolese Red Cross,Congo,COG,,5186824.0,10931247264.8116,,2450.0,63.577,51.0,,66.001,353.0,,,,12.0,,5818.0,7714.0,,,13532.0,17.0,23.0,,,40.0,217797.0,133453769.0,206891.0,126771554.0,,,,,,,,,,,,,,,,,,,,,,,,,50.0,10.0,,40.0,,,,,,,,,
2017,Africa,Congolese Red Cross,Congo,COG,,5312340.0,11834406800.8818,,2290.0,63.76,49.3,,66.459,366.0,1.0,1.0,7.0,12.0,,5353.0,6789.0,,,12142.0,16.0,11.0,,0.0,27.0,213633.0,119816472.0,212665.0,119273887.0,0.0,0.0,0.0,0.0,0.0,0.0,15538.0,8714632.0,0.0,0.0,0.0,0.0,0.0,0.0,9664.0,5420200.0,3644.0,2044000.0,0.0,0.0,19747.0,11075120.0,104875.0,58819520.0,0.0,0.0,0.0,0.0,0.0,0.0,0.0,0.0,,,,,
2018,Africa,Congolese Red Cross,Congo,COG,,5441062.0,14773806078.1348,,2330.0,64.053,47.7,,66.916,370.0,1.0,1.0,6.0,12.0,,5876.0,7855.0,,,13731.0,17.0,13.0,,,30.0,82639.0,48101967.0,81572.0,47480522.0,0.0,0.0,0.0,0.0,0.0,0.0,0.0,0.0,0.0,0.0,0.0,0.0,1633.0,950600.0,11139.0,6483744.0,3350.0,1950000.0,55969.0,32578223.0,10549.0,6140000.0,0.0,0.0,0.0,,,,,,,0.0,,,,,
2019,Africa,Congolese Red Cross,Congo,COG,,5570733.0,13976661497.841,,2700.0,62.747,52.4,,67.373,292.0,,,,,,,,,,,,,,,,,,,,,,,,,,,,,,,,,,,,,,,,,,,,,,,,,,,,,,,,
2020,Africa,Congolese Red Cross,Congo,COG,,5702174.0,11468608530.2038,,2280.0,63.785,44.5,,67.829,282.0,,,5.0,12.0,,4910.0,2103.0,,,7013.0,19.0,5.0,,,24.0,275118.0,167346724.0,240161.0,146083175.0,,,,,,,19652.0,11953636.0,,,,,,,9042.0,5500000.0,10784.0,6559570.0,204460.0,124367291.0,31180.0,18966227.0,,,,,,,,0.0,0.0,34157.0,,,,,
2021,Africa,Congolese Red Cross,Congo,COG,,5835806.0,14825708810.7046,,2220.0,63.519,43.0,80.61,68.283,,1.0,0.0,5.0,12.0,,6674.0,6326.0,,,13000.0,17.0,3.0,,,20.0,667473.0,424331305.0,665762.0,423243431.0,,,,,,,527409.0,335288851.0,,,,,,,9885.0,6284450.0,10318.0,6559570.0,69153.0,43962801.0,28694.0,18241403.0,,,0.0,,,,,,,19898.0,,,,,
2022,Africa,Congolese Red Cross,Congo,COG,,5970424.0,15816996654.5788,,2290.0,,,,68.736,,1.0,1.0,5.0,6.0,,6079.0,6921.0,,,13000.0,16.0,6.0,,,22.0,673992.0,441383229.0,673588.0,441118463.0,,,,,,,14422.0,9444391.0,,,,,19583.0,12824400.0,,,14856.0,9728602.0,408101.0,267256686.0,54100.0,35428678.0,162699.0,106548093.0,,,,,340.0,50518.0,101036.0,51134.0,,,,,
2023,Africa,Congolese Red Cross,Congo,COG,,,,,,,,,,,,,,,,,,,,,,,,,,1265995.0,895442907.0,992194.0,701782103.0,,,,,,,,,,,,,,,,,,,,,,,,,,,,,,,,,,,,,
2024,Africa,Congolese Red Cross,Congo,COG,,,,,,,,,,,0.0,1.0,6.0,24.0,15.0,,,,,30500.0,20.0,11.0,,,31.0,277803.0,193660804.0,1679419.0,1170748592.0,0.0,0.0,0.0,0.0,0.0,1.0,0.0,0.0,0.0,0.0,0.0,0.0,,,0.0,0.0,602.0,420000.0,1464862.0,1021177721.0,62909.0,43854751.0,0.0,0.0,1165.0,,,,22334.0,209671.0,209671.0,1328241.0,,,,,
2009,Europe and Central Asia,Swiss Red Cross,Switzerland,CHE,DCH001,7743831.0,558199868578.256,15.0,72470.0,82.0439,4.6,,73.581,6.0,,,,83.0,,,,,,45711.0,,,,,4779.0,511035000.0,511035000.0,455589000.0,455589000.0,,,,,,,,,,,,,,,,,2037000.0,2037000.0,,,,,,,,,,,,,,,,,,,
2010,Europe and Central Asia,Swiss Red Cross,Switzerland,CHE,DCH001,7824909.0,598851028906.58,15.0,79040.0,82.2463,4.6,,73.607,8.0,,,,83.0,,,,,,72370.0,,,,,4725.0,565618000.0,565618000.0,509003000.0,509003000.0,,,,,,,,,,,,,,,,,1794000.0,1794000.0,,,,,,,,,,,,,,,,,,,
2011,Europe and Central Asia,Swiss Red Cross,Switzerland,CHE,DCH001,7912398.0,715888126682.396,15.9,81330.0,82.6951,4.5,,73.631,8.0,,,,83.0,,,,,,72829.0,,,,,3829.0,440274000.0,440274000.0,445661000.0,445661000.0,,,,,,,,,,,,,,,,,3708000.0,3708000.0,,,,,,,,,,,,,,,,,,,
2012,Europe and Central Asia,Swiss Red Cross,Switzerland,CHE,DCH001,7996861.0,686420221557.99,14.5,86720.0,82.6976,4.4,,73.653,7.0,,,,83.0,,,,,,72678.0,,,,,3964.0,464569000.0,464569000.0,465807000.0,465807000.0,,,,,,,,,,,,,,,,,0.0,,,,,,,,,,,,,,,,,,,,
2013,Europe and Central Asia,Swiss Red Cross,Switzerland,CHE,DCH001,8089346.0,706234937370.968,13.8,90590.0,82.7976,4.4,,73.674,7.0,,,,83.0,,,,,,72350.0,,,,,4201.0,479925000.0,479925000.0,506420000.0,506420000.0,,,,,,,,,,,,,,,,,1532000.0,1532000.0,,,,,,,,,,,,,,,,,,,
2014,Europe and Central Asia,Swiss Red Cross,Switzerland,CHE,DCH001,8188649.0,726537808338.0,15.6,88250.0,83.1976,4.3,,73.696,7.0,,,,83.0,,,,,,71892.0,,,,,4303.0,485237000.0,485237000.0,478753000.0,478753000.0,,,,,,,,,,,,,,,,,0.0,,,,,,,,,,,,,,,,,,,,
2015,Europe and Central Asia,Swiss Red Cross,Switzerland,CHE,DCH001,8282396.0,694118186379.628,14.7,86810.0,82.8976,4.3,,73.718,6.0,,,,83.0,,,,,,72742.0,,,,,4319.0,498815000.0,498815000.0,497771000.0,497771000.0,,,,,,,,,,,,,,,,,3362128.0,3362128.0,,,,,,,,,,,,,,,,,,,
2016,Europe and Central Asia,Swiss Red Cross,Switzerland,CHE,,8373338.0,687895460902.713,15.5,83360.0,83.6024,4.2,,73.739,8.0,,,,83.0,,,,,,61017.0,,,,,4665.0,514440000.0,514440000.0,533441000.0,533441000.0,84032000.0,84032000.0,,,,,,,,,,,,,260538000.0,260538000.0,,,,,,,36605000.0,36605000.0,129899.0,,,,,,,0.0,,,,,
2017,Europe and Central Asia,Swiss Red Cross,Switzerland,CHE,,8451840.0,695200833086.499,14.6,80770.0,83.5512,4.1,,73.761,6.0,1.0,1.0,9.0,80.0,,,,,,57891.0,,,,,4687.0,522705000.0,522705000.0,546519000.0,546519000.0,78844000.0,78844000.0,0.0,0.0,0.0,0.0,0.0,0.0,0.0,0.0,0.0,0.0,0.0,0.0,265093000.0,265093000.0,0.0,0.0,0.0,0.0,0.0,0.0,40065000.0,40065000.0,136096.0,,,,,,,0.0,,,,,
2018,Europe and Central Asia,Swiss Red Cross,Switzerland,CHE,,8514329.0,725568717468.001,16.0,82470.0,83.7537,4.1,,73.797,7.0,1.0,1.0,12.0,80.0,,,,,,53474.0,,,,,4782.0,511091000.0,511091000.0,551782000.0,551782000.0,72712000.0,72712000.0,,,,,0.0,0.0,,,,,,,263666000.0,263666000.0,,,0.0,0.0,0.0,0.0,32118000.0,32118000.0,106943.0,,,,,,,0.0,,,,,
2019,Europe and Central Asia,Swiss Red Cross,Switzerland,CHE,,8575280.0,721369112726.724,15.5,83160.0,83.9049,4.0,,73.849,7.0,,,12.0,103.0,,,,,52238.0,52238.0,,,,4835.0,4835.0,530930000.0,530930000.0,547329000.0,547329000.0,96770000.0,96770000.0,0.0,0.0,0.0,0.0,0.0,0.0,0.0,0.0,0.0,0.0,0.0,0.0,267905000.0,267905000.0,0.0,0.0,0.0,0.0,0.0,0.0,29841000.0,29841000.0,112766.0,,112766.0,,,,,,,,,,
2020,Europe and Central Asia,Swiss Red Cross,Switzerland,CHE,,8638167.0,741999406005.627,14.7,81740.0,83.0,3.9,,73.915,7.0,,,12.0,103.0,,,,,52320.0,52320.0,,,,5036.0,5036.0,575345000.0,575345000.0,582355000.0,582355000.0,114667000.0,114667000.0,0.0,0.0,0.0,0.0,0.0,0.0,0.0,0.0,51588000.0,51588000.0,0.0,0.0,259663000.0,259663000.0,0.0,0.0,0.0,0.0,0.0,0.0,0.0,0.0,76465.0,,76465.0,,39730.0,,,,,,,,
2021,Europe and Central Asia,Swiss Red Cross,Switzerland,CHE,,8704546.0,813408787222.499,,90810.0,83.8512,3.8,,73.996,,1.0,1.0,11.0,105.0,,,,,,49905.0,,,,,5348.0,565198000.0,565198000.0,578473000.0,578473000.0,98541000.0,98541000.0,0.0,0.0,0.0,0.0,0.0,0.0,0.0,0.0,31624000.0,31624000.0,0.0,0.0,277496000.0,277496000.0,0.0,0.0,0.0,0.0,0.0,0.0,0.0,0.0,104990.0,,,,0.0,0.0,0.0,,,,,,
2022,Europe and Central Asia,Swiss Red Cross,Switzerland,CHE,,8775760.0,818426550206.45,,95490.0,,,,74.092,,1.0,1.0,10.0,107.0,,,,,,50435.0,,,,,5330.0,654035000.0,654035000.0,638349000.0,638349000.0,137068000.0,137068000.0,0.0,0.0,0.0,0.0,0.0,0.0,0.0,0.0,0.0,0.0,0.0,0.0,292208000.0,292208000.0,0.0,0.0,0.0,0.0,0.0,0.0,47287000.0,47287000.0,108993.0,,,,,,,,,,,,
2023,Europe and Central Asia,Swiss Red Cross,Switzerland,CHE,,,,,,,,,,,1.0,1.0,11.0,107.0,24.0,,,,,50380.0,,,,,5651.0,637927000.0,637927000.0,669606000.0,669606000.0,99927000.0,99927000.0,0.0,0.0,0.0,0.0,0.0,0.0,0.0,0.0,40171000.0,40171000.0,0.0,0.0,293647000.0,293647000.0,0.0,0.0,0.0,0.0,0.0,0.0,0.0,0.0,110596.0,,,,,,,,,,,,
2024,Europe and Central Asia,Swiss Red Cross,Switzerland,CHE,,,,,,,,,,,1.0,1.0,12.0,109.0,24.0,,,,,48432.0,,,,,5783.0,650091000.0,650091000.0,689573000.0,689573000.0,93094000.0,93094000.0,,,,,,,,,39783000.0,39783000.0,,,295214000.0,295214000.0,,,,,,,,,116124.0,,,,,,,,,,,,
2012,Africa,Red Cross Society of Côte d'Ivoire,Côte d'Ivoire,CIV,DCI001,22010712.0,36302302845.3012,,1220.0,56.158,100.1,40.98,48.172,597.0,,,,76.0,,,,,,12800.0,114.0,46.0,,,160.0,1749331.0,950129880.0,2366244.0,1285199588.0,,,,,,,,,,,,,,,,,1129886.0,613685012.0,,,,,,,,,,,1787.0,,,,,,,,
2013,Africa,Red Cross Society of Côte d'Ivoire,Côte d'Ivoire,CIV,DCI001,22469268.0,42760235497.5958,,1320.0,56.748,96.9,,48.593,579.0,,,,76.0,,,,,,12800.0,,,,,194.0,1698472.0,908881216.0,1664531.0,890718853.0,,,,,,,,,,,,,,,,,104384.0,55857787.0,,,,,,,,,,,29936.0,,,,,,,,
2014,Africa,Red Cross Society of Côte d'Ivoire,Côte d'Ivoire,CIV,DCI001,22995555.0,48843005625.5796,,1990.0,57.208,93.5,43.91,49.014,550.0,,,,76.0,,,,,,12000.0,109.0,48.0,,,157.0,2116445.0,1153456372.0,1802278.0,982236427.0,,,,,,,,,,,,,,,,,89149.0,48585691.0,,,,,,,,,,,,,,,,,,,
2015,Africa,Red Cross Society of Côte d'Ivoire,Côte d'Ivoire,CIV,DCI001,23596741.0,45815005170.815,44.4,2010.0,57.762,90.5,,49.444,530.0,,,,76.0,,,,,,12000.0,130.0,59.0,,,189.0,2360957.0,1426095743.0,2417285.0,1460119781.0,,,,,,,,,,,,,,,,,71194.0,43003556.0,,,,,,,,,,,22802.0,,,,,,,,
2016,Africa,Red Cross Society of Côte d'Ivoire,Côte d'Ivoire,CIV,,24213622.0,48407761031.9226,,2020.0,58.06,88.0,,49.881,537.0,,,,82.0,,,,,,4300.0,125.0,62.0,,,187.0,2414004.0,1475552665.0,2339896.0,1430254281.0,0.0,0.0,0.0,0.0,0.0,0.0,25818.0,15780956.0,0.0,0.0,61704.0,37716228.0,31100.0,19010000.0,27636.0,16892616.0,1127013.0,688882991.0,653082.0,399194254.0,159702.0,97617461.0,224882.0,137458159.0,2332.0,583.0,,1749.0,3615.0,132322.0,132322.0,298686.0,,,,,
2017,Africa,Red Cross Society of Côte d'Ivoire,Côte d'Ivoire,CIV,,24848016.0,52512344033.7688,,2010.0,58.48,85.6,,50.326,512.0,1.0,1.0,5.0,87.0,,3191.0,1191.0,,0.0,4382.0,87.0,43.0,,0.0,130.0,2317854.0,1299973949.0,2373050.0,1330930822.0,4867.0,2729845.0,14573.0,8173128.0,0.0,0.0,90633.0,50831933.0,0.0,0.0,20793.0,11661581.0,53348.0,29920632.0,180063.0,100988845.0,892509.0,500565933.0,771347.0,432612019.0,185525.0,104052188.0,22119.0,12405598.0,3549.0,887.0,,2662.0,5197.0,259012.0,259012.0,51424.0,,,,,
2018,Africa,Red Cross Society of Côte d'Ivoire,Côte d'Ivoire,CIV,,25493988.0,58522477744.5444,39.5,2160.0,58.849,82.8,,50.779,522.0,1.0,1.0,5.0,88.0,,3537.0,1452.0,,,4989.0,88.0,43.0,,,131.0,,,,,,,,,,,,,,,,,,,,,,,,,,,,,2079.0,601.0,,1478.0,11753.0,213400.0,213400.0,49140.0,,,,,
2019,Africa,Red Cross Society of Côte d'Ivoire,Côte d'Ivoire,CIV,,26147551.0,59898479821.2323,,2280.0,59.319,79.7,89.89,51.239,483.0,,,6.0,91.0,,3404.0,1270.0,,0.0,4674.0,96.0,50.0,,0.0,146.0,1555366.0,935839770.0,1621190.0,975445111.0,11219.0,6750000.0,3351.0,2016021.0,32695.0,19672150.0,213339.0,128362550.0,0.0,0.0,2078.0,1250000.0,4280.0,2575350.0,67794.0,40790870.0,809389.0,486996997.0,129179.0,77725210.0,156859.0,94379881.0,0.0,0.0,1593.0,,1593.0,,36240.0,303400.0,303400.0,49575.0,,,,,
2020,Africa,Red Cross Society of Côte d'Ivoire,Côte d'Ivoire,CIV,,26811790.0,62982768371.6208,,2290.0,59.032,77.3,,51.706,480.0,,,6.0,99.0,,3650.0,1363.0,,0.0,5013.0,109.0,63.0,,0.0,172.0,3103077.0,1887516229.0,3447811.0,2097208640.0,15402.0,9368459.0,78035.0,47466424.0,32999.0,20072284.0,523848.0,318642235.0,0.0,0.0,149422.0,90889143.0,12972.0,7890380.0,85121.0,51776483.0,936297.0,569523656.0,956091.0,581563947.0,247724.0,150683958.0,,,2401.0,,2401.0,,141083.0,582653.0,582653.0,1752989.0,,,,,
2021,Africa,Red Cross Society of Côte d'Ivoire,Côte d'Ivoire,CIV,,27478249.0,71811075955.078,,2470.0,58.598,74.8,,52.18,,1.0,1.0,5.0,103.0,,,,,,2338.0,117.0,52.0,,,169.0,3219971.0,1965794508.0,830509.0,507026064.0,,,32760.0,20000000.0,32223.0,19672150.0,153594.0,93769320.0,,,79087.0,48282965.0,9828.0,6000000.0,86012.0,52510281.0,1278296.0,780400483.0,788964.0,481663269.0,170581.0,104139573.0,507366.0,309747529.0,1378.0,20.0,1353.0,5.0,,134395.0,134395.0,11605.0,,,,,
2022,Africa,Red Cross Society of Côte d'Ivoire,Côte d'Ivoire,CIV,,28160542.0,70018715016.8293,,2620.0,,,,52.661,,1.0,1.0,4.0,103.0,,,,,,3677.0,110.0,53.0,,,163.0,3245638.0,2063342728.0,2100488.0,1335338574.0,953.0,605658.0,1573.0,1000000.0,1381747.0,878415006.0,154269.0,98073360.0,,,99992.0,63567481.0,92200.0,58614350.0,72617.0,46164879.0,727003.0,462176264.0,165075.0,104942915.0,84171.0,53509778.0,388580.0,247030843.0,2305.0,244.0,1680.0,381.0,781.0,22877.0,22877.0,5092.0,,,,,
2023,Africa,Red Cross Society of Côte d'Ivoire,Côte d'Ivoire,CIV,,,,,,,,,,,1.0,1.0,5.0,116.0,106.0,2493.0,1029.0,,,3522.0,83.0,41.0,,,124.0,1313543.0,926335057.0,1824277.0,1286513894.0,220.0,155000.0,2411.0,1700000.0,27937.0,19701604.0,459722.0,324204388.0,,,16492.0,11630623.0,36628.0,25830672.0,111979.0,78969400.0,449889.0,317269827.0,3781.0,2666667.0,191760.0,135232831.0,,,2905.0,1059.0,,1846.0,956.0,86.0,86.0,8775.0,,,,,
2024,Africa,Red Cross Society of Côte d'Ivoire,Côte d'Ivoire,CIV,,,,,,,,,,,,,,,,,,,,,,,,,,,,,,,,,,,,,,,,,,,,,,,,,,,,,,,,,,,,,,,,,,
2010,Asia Pacific,Cook Islands Red Cross Society,Cook Islands,COK,DCK001,,,,,,,,,,,,,,,,,,,167.0,,,,,,0.0,,0.0,,,,,,,,,,,,,,,,,,0.0,,,,,,,,,,,,,,,,,,,,
2012,Asia Pacific,Cook Islands Red Cross Society,Cook Islands,COK,DCK001,,,,,,,,,,,,,13.0,,,,,,100.0,,,,,11.0,762526.0,1017438.0,541093.0,721980.0,,,,,,,,,,,,,,,,,0.0,,,,,,,,,,,,0.0,,,,,,,,
2013,Asia Pacific,Cook Islands Red Cross Society,Cook Islands,COK,DCK001,,,,,,,,,,,,,13.0,,80.0,120.0,,,200.0,2.0,5.0,,,7.0,116832.0,160515.0,141732.0,194726.0,,,,,,,,,,,,,,,,,0.0,,,,,,,,,,,,3000.0,,,,,,,,
2014,Asia Pacific,Cook Islands Red Cross Society,Cook Islands,COK,DCK001,,,,,,,,,,,,,13.0,,,,,,369.0,5.0,7.0,,,12.0,50946.0,66331.0,59860.0,77937.0,,,,,,,,,,,,,,,,,0.0,,,,,,,,,,,,,,,,,,,,
2015,Asia Pacific,Cook Islands Red Cross Society,Cook Islands,COK,DCK001,,,,,,,,,,,,,13.0,,,,,,484.0,3.0,8.0,,,11.0,108514.0,159690.0,95100.0,139950.0,,,,,,,,,,,,,,,,,0.0,,,,,,,,,,,,,,,,,,,,
2016,Asia Pacific,Cook Islands Red Cross Society,Cook Islands,COK,,,,,,,,,,,,,,12.0,,,,,,390.0,1.0,8.0,,,9.0,460910.0,647413.0,441783.0,620546.0,,,,,,,94018.0,132061.0,,,,,,,88967.0,124966.0,221529.0,311168.0,19221.0,26998.0,32576.0,45758.0,687.0,965.0,558.0,266.0,,292.0,182.0,182.0,182.0,,,,,,
2017,Asia Pacific,Cook Islands Red Cross Society,Cook Islands,COK,,,,,,,,,,,1.0,1.0,11.0,12.0,,129.0,138.0,,0.0,267.0,0.0,9.0,,0.0,9.0,458821.0,661515.0,471286.0,679487.0,5972.0,8610.0,,,,,87545.0,126220.0,,,,,21176.0,30531.0,26153.0,37707.0,269149.0,388051.0,,,40791.0,58811.0,760.0,1096.0,342.0,151.0,,191.0,0.0,632.0,632.0,471.0,,,,,
2018,Asia Pacific,Cook Islands Red Cross Society,Cook Islands,COK,,,,,,,,,,,1.0,1.0,8.0,12.0,,45.0,95.0,,,140.0,,11.0,,,11.0,117599.0,177809.0,165666.0,250487.0,34594.0,52306.0,,,,,14798.0,22375.0,,,,,19019.0,28756.0,3661.0,5535.0,26894.0,40663.0,,,1190.0,1800.0,17443.0,26374.0,451.0,262.0,,189.0,0.0,2435.0,2435.0,,,,,,
2019,Asia Pacific,Cook Islands Red Cross Society,Cook Islands,COK,,,,,,,,,,,,,,,,,,,,,,,,,,,,,,,,,,,,,,,,,,,,,,,,,,,,,,,,,,,,,,,,,,
2020,Asia Pacific,Cook Islands Red Cross Society,Cook Islands,COK,,,,,,,,,,,,,9.0,11.0,,29.0,69.0,,,98.0,1.0,4.0,,,5.0,285670.0,466828.0,252880.0,413244.0,,,,,,,,,,,,,,,,,,,,,,,,,1221.0,700.0,,521.0,2600.0,,,,,,,,
2021,Asia Pacific,Cook Islands Red Cross Society,Cook Islands,COK,,,,,,,,,,,1.0,1.0,10.0,12.0,,50.0,83.0,,100.0,233.0,2.0,3.0,1.0,,6.0,190214.0,299108.0,140575.0,221052.0,636.0,1000.0,,,,,35139.0,55255.0,,,,,52148.0,82002.0,,,,,32383.0,50922.0,28503.0,44820.0,9608.0,15109.0,385.0,82.0,249.0,54.0,11758.0,,,267.0,,,,,
2022,Asia Pacific,Cook Islands Red Cross Society,Cook Islands,COK,,,,,,,,,,,1.0,1.0,6.0,11.0,,80.0,149.0,,100.0,329.0,1.0,4.0,,,5.0,337345.0,543605.0,339704.0,547407.0,621.0,1000.0,2575.0,4150.0,,,75043.0,120926.0,,,,,15579.0,25104.0,17692.0,28510.0,49566.0,79871.0,27350.0,44072.0,28891.0,46556.0,100705.0,162279.0,365.0,207.0,,158.0,8000.0,,,17000.0,,,,,
2023,Asia Pacific,Cook Islands Red Cross Society,Cook Islands,COK,,,,,,,,,,,1.0,1.0,6.0,12.0,12.0,,,,,149.0,2.0,4.0,,,6.0,207116.0,388914.0,175124.0,328841.0,,,67806.0,127323.0,,,36825.0,69148.0,,,,,,,42972.0,80691.0,,,10692.0,20077.0,23792.0,44675.0,9053.0,17000.0,474.0,297.0,,177.0,1800.0,1500.0,6500.0,350.0,,,,,
2024,Asia Pacific,Cook Islands Red Cross Society,Cook Islands,COK,,,,,,,,,,,,,,,,,,,,,,,,,,,,,,,,,,,,,,,,,,,,,,,,,,,,,,,,,,,,,,,,,,
2010,Americas,Chilean Red Cross,Chile,CHL,DCL001,17004162.0,217051209240.298,,10840.0,78.501,8.7,,87.074,23.0,,,,,,,,,,4587.0,,,,,,0.0,,0.0,,,,,,,,,,,,,,,,,,0.0,,,,,,,,,,,,,,,,,,,,
2012,Americas,Chilean Red Cross,Chile,CHL,DCL001,17341771.0,267024782642.389,,14310.0,79.023,8.4,,87.189,19.0,,,,156.0,,778.0,3281.0,,,4059.0,37.0,32.0,,,69.0,3404818.0,1781969300.0,4257969.0,2228480808.0,,,,,,,,,,,,,,,,,0.0,,,,,,,,,,,,,,,,,,,,
2013,Americas,Chilean Red Cross,Chile,CHL,DCL001,17509925.0,277395018674.682,14.4,15240.0,79.339,8.3,96.27,87.246,18.0,,,,154.0,,450.0,2550.0,,,3000.0,29.0,20.0,,,49.0,2047731.0,1201969206.0,2762616.0,1621589440.0,,,,,,,,,,,,,,,,,1558115.0,914576095.0,,,,,,,,,,,2500.0,,,,,,,,
2014,Americas,Chilean Red Cross,Chile,CHL,DCL001,17687108.0,259560978407.095,,14830.0,79.473,8.1,,87.303,16.0,,,,158.0,,2090.0,3135.0,,,5225.0,36.0,54.0,,,90.0,1044658.0,642621118.0,1016563.0,625338748.0,,,,,,,,,,,,,,,,,1044658.0,642621118.0,,,,,,,,,,,19892.0,,,,,,,,
2015,Americas,Chilean Red Cross,Chile,CHL,DCL001,17870124.0,242450355827.827,11.7,14220.0,79.746,8.0,96.87,87.36,16.0,,,,158.0,,1960.0,3640.0,,,5600.0,30.0,45.0,,,75.0,505833.0,361651466.0,505833.0,361651466.0,,,,,,,,,,,,,,,,,505833.0,361651466.0,,,,,,,,,,,1250.0,,,,,,,,
2016,Americas,Chilean Red Cross,Chile,CHL,,18083879.0,249344864067.964,,13440.0,80.079,7.8,,87.422,15.0,,,,173.0,,1500.0,3500.0,,,5000.0,4.0,10.0,,,14.0,2380536.0,1551848540.0,1912077.0,1246464537.0,0.0,0.0,0.0,0.0,31382.0,20457589.0,0.0,0.0,0.0,0.0,0.0,0.0,246208.0,160500629.0,0.0,0.0,0.0,0.0,0.0,0.0,186561.0,121617379.0,0.0,0.0,0.0,,,,,,,,,,,,
2017,Americas,Chilean Red Cross,Chile,CHL,,18368577.0,276154259806.312,8.6,13330.0,80.35,7.6,96.4,87.49,15.0,1.0,1.0,7.0,148.0,,1275.0,4347.0,,0.0,5622.0,36.0,74.0,,0.0,110.0,,,,,,,,,,,,,,,,,,,,,,,,,,,,,3540.0,2592.0,0.0,948.0,9400.0,2358.0,2358.0,,,,,,
2018,Americas,Chilean Red Cross,Chile,CHL,,18701450.0,295857562826.427,,14610.0,80.133,7.4,,87.564,15.0,1.0,1.0,7.0,148.0,,1502.0,4600.0,,40.0,6142.0,45.0,90.0,,0.0,135.0,,,,,,,,,,,,,,,,,,,,,,,,,,,,,3895.0,2851.0,0.0,1044.0,10340.0,2594.0,2594.0,,,,,,
2019,Americas,Chilean Red Cross,Chile,CHL,,19039485.0,278598887622.96,,14830.0,80.326,7.1,,87.643,15.0,,,7.0,155.0,,,,,5622.0,5622.0,,,,45.0,45.0,,,,,,,,,,,,,,,,,,,,,,,,,,,,,,,,,,,,,,,,,
2020,Americas,Chilean Red Cross,Chile,CHL,,19300315.0,254258196269.735,10.8,13020.0,79.377,6.9,,87.727,15.0,,,7.0,156.0,,1410.0,3040.0,,,4450.0,13.0,17.0,,,30.0,1247559.0,1069030963.0,1283783.0,1100070821.0,11113.0,9522517.0,155283.0,133061321.0,,,,,,,,,,,157586.0,135035517.0,48305.0,41392038.0,473384.0,405641456.0,34834.0,29849200.0,308703.0,264527251.0,4450.0,3040.0,,1410.0,,353.0,353.0,42000.0,,,,,
2021,Americas,Chilean Red Cross,Chile,CHL,,19493184.0,316581155648.871,,14800.0,78.944,6.6,,87.817,,1.0,1.0,7.0,145.0,,510.0,2490.0,,,3000.0,16.0,16.0,,,32.0,810153.0,693623872.0,800139.0,685050233.0,73398.0,62840759.0,34663.0,29677211.0,0.0,0.0,0.0,0.0,0.0,0.0,0.0,0.0,0.0,0.0,44639.0,38218345.0,83325.0,71339880.0,527408.0,451547677.0,46720.0,40000000.0,0.0,0.0,3000.0,2490.0,,510.0,850.0,990.0,990.0,204.0,,,,,
2022,Americas,Chilean Red Cross,Chile,CHL,,19603733.0,301024724911.923,,15360.0,,,97.16,87.912,,1.0,1.0,5.0,158.0,,400.0,2600.0,,,3000.0,11.0,7.0,,,18.0,533974.0,463117060.0,533974.0,463117060.0,,,,,,,,,,,,,,,,,,,,,,,,,3000.0,2600.0,,400.0,,95.0,1095.0,,,,,,
2023,Americas,Chilean Red Cross,Chile,CHL,,,,,,,,,,,1.0,1.0,5.0,155.0,143.0,,,,,4450.0,,,,,30.0,1185822.0,1243000000.0,906300.0,950000000.0,,,,,,,,,,,,,,,,,,,76.0,80000.0,67.0,70000.0,,,4450.0,,4450.0,,,3000.0,3000.0,,,,,,
2024,Americas,Chilean Red Cross,Chile,CHL,,,,,,,,,,,,,,,,,,,,,,,,,,,,,,,,,,,,,,,,,,,,,,,,,,,,,,,,,,,,,,,,,,
2012,Africa,Cameroon Red Cross Society,Cameroon,CMR,DCM001,21032684.0,30155062329.2821,,1450.0,57.792,101.5,,52.769,487.0,,,,340.0,,10452.0,5012.0,,,15464.0,15.0,11.0,,,26.0,829051.0,450287782.0,819699.0,445208080.0,,,,,,,,,,,,,,,,,0.0,,,,,,,,,,,,5550.0,,,,,,,,
2013,Africa,Cameroon Red Cross Society,Cameroon,CMR,DCM001,21632850.0,33728621180.3231,,1510.0,58.476,96.9,,53.373,491.0,,,,358.0,,,,,,20000.0,,,,,30.0,534743.0,286150300.0,510401.0,273124532.0,,,,,,,,,,,,,,,,,0.0,,,,,,,,,,,,,,,,,,,,
2014,Africa,Cameroon Red Cross Society,Cameroon,CMR,DCM001,22299585.0,36386544706.0806,37.5,1570.0,58.935,92.5,,53.976,478.0,,,,418.0,,20000.0,15000.0,,,35000.0,50.0,30.0,,,80.0,492830.0,268579100.0,497344.0,271039269.0,,,,,,,,,,,,,,,,,0.0,,,,,,,,,,,,350000.0,,,,,,,,
2015,Africa,Cameroon Red Cross Society,Cameroon,CMR,DCM001,23012646.0,32210233020.4569,,1520.0,59.658,88.1,,54.578,447.0,,,,418.0,,20000.0,10400.0,,,30400.0,49.0,28.0,,,77.0,258747.0,156294800.0,258497.0,156144277.0,,,,,,,,,,,,,,,,,0.0,,,,,,,,,,,,400000.0,,,,,,,,
2016,Africa,Cameroon Red Cross Society,Cameroon,CMR,,23711630.0,33814337044.3765,,1450.0,60.233,84.3,,55.179,437.0,,,,234.0,,,,,,12726.0,,,,,91.0,746869.0,457640196.0,746869.0,457640196.0,,,,,,,,,,,,,,,,,,,,,,,,,,,,,,,,,,,,,
2017,Africa,Cameroon Red Cross Society,Cameroon,CMR,,24393181.0,36098547033.1655,,1400.0,60.81,80.8,,55.777,443.0,1.0,1.0,14.0,287.0,,8338.0,5123.0,,0.0,13461.0,,,,,,,,,,,,,,,,,,,,,,,,,,,,,,,,,,,,,,,,,,,,,,
2018,Africa,Cameroon Red Cross Society,Cameroon,CMR,,25076747.0,39973842087.2242,,1500.0,61.18,77.7,77.07,56.374,424.0,1.0,1.0,14.0,300.0,,36.0,34.0,,20000.0,20070.0,32.0,21.0,,,53.0,991271.0,576991240.0,893503.0,520083111.0,,,,,,,,,,,,,222913.0,129751505.0,163557.0,95201856.0,,,224167.0,130481091.0,154942.0,90187700.0,15256.0,8880000.0,,,,,,,,,,,,,
2019,Africa,Cameroon Red Cross Society,Cameroon,CMR,,25782341.0,39670976452.5283,,1540.0,61.584,75.1,,56.968,440.0,,,,,,,,,,,,,,,,,,,,,,,,,,,,,,,,,,,,,,,,,,,,,,,,,,,,,,,,
2020,Africa,Cameroon Red Cross Society,Cameroon,CMR,,26491087.0,40773241177.0505,,1520.0,60.833,72.4,78.23,57.56,438.0,,,14.0,360.0,,,,,18000.0,18000.0,18.0,25.0,,,43.0,2119682.0,1289344144.0,1904097.0,1158209642.0,,,30477.0,18538400.0,,,447134.0,271979500.0,,,,,,,403387.0,245369196.0,4964.0,3019567.0,764902.0,465268981.0,119467.0,72668500.0,,,2530.0,,2530.0,,4200.0,0.0,0.0,2313538.0,,,,,
2021,Africa,Cameroon Red Cross Society,Cameroon,CMR,,27198628.0,44993521774.066,,1590.0,60.333,69.8,,58.148,,1.0,1.0,14.0,360.0,,,,,,72000.0,17.0,25.0,,,42.0,2299358.0,1403759516.0,2182662.0,1332516645.0,,,,,24998.0,15261500.0,,,,,,,29484.0,18000000.0,532033.0,324806556.0,,,1122880.0,685518760.0,180463.0,110172700.0,,,3306.0,,,,200.0,226318.0,226318.0,37493.0,,,,,
2022,Africa,Cameroon Red Cross Society,Cameroon,CMR,,27914536.0,43644068310.851,,1640.0,,,,58.733,,0.0,0.0,169.0,419.0,,,,,,72000.0,,,,,117.0,3187513.0,2026390859.0,,,,,,,1150075.0,731134809.0,687991.0,437374921.0,,,,,,,292103.0,185698225.0,,,,,40468.0,25726500.0,,,4955.0,,,,104710.0,,,191303.0,,,,,
2023,Africa,Cameroon Red Cross Society,Cameroon,CMR,,,,,,,,,,,0.0,1.0,12.0,320.0,58.0,,,,,75000.0,,,,,56.0,2199131.0,1550868244.0,,,,,,,1135532.0,800798201.0,,,,,,,,,,,,,1718810.0,1212136598.0,161271.0,113731646.0,,,4341.0,,,,1568143.0,606327.0,606327.0,1523816.0,,,,,
2024,Africa,Cameroon Red Cross Society,Cameroon,CMR,,,,,,,,,,,,,,,,,,,,,,,,,,,,,,,,,,,,,,,,,,,,,,,,,,,,,,,,,,,,,,,,,,
2010,Asia Pacific,Red Cross Society of China,China,CHN,DCN001,1337705000.0,6087191746738.569,17.2,4340.0,75.599,15.8,95.12,49.226,33.0,,,,,,,,,,52933.0,,,,,,0.0,,0.0,,,,,,,,,,,,,,,,,,0.0,,,,,,,,,,,,,,,,,,,,
2012,Asia Pacific,Red Cross Society of China,China,CHN,DCN001,1354190000.0,8532185381696.431,10.2,5910.0,76.192,13.5,,51.765,28.0,,,,,,,,,,,,,,,,,,,,,,,,,,,,,,,,,,,,,,,,,,,,,,,,,,,,,,,,
2013,Asia Pacific,Red Cross Society of China,China,CHN,DCN001,1363240000.0,9570471111847.82,8.5,6740.0,76.452,12.5,,53.013,28.0,,,,92345.0,,,,,,1947614.0,,,,,40708.0,783731591.0,5369110000.0,721827902.0,4945026400.0,,,,,,,,,,,,,,,,,2590965.0,17749922.0,,,,,,,,,,,,,,,,,,,
2014,Asia Pacific,Red Cross Society of China,China,CHN,DCN001,1371860000.0,10475624944290.1,7.2,7470.0,76.717,11.6,,54.259,26.0,,,,96625.0,,,,,,2101464.0,,,,,12946.0,793204680.0,4931353500.0,869730415.0,5407114000.0,,,,,,,,,,,,,,,,,0.0,,,,,,,,,,,,,,,,,,,,
2015,Asia Pacific,Red Cross Society of China,China,CHN,DCN001,1379860000.0,11061572618594.8,5.7,7890.0,76.977,10.7,,55.5,26.0,,,,100898.0,,,,,,2032463.0,,,,,12725.0,730618933.0,4788250000.0,745177144.0,4883660000.0,,,,,,,,,,,,,,,,,0.0,,,,,,,,,,,,,,,,,,,,
2016,Asia Pacific,Red Cross Society of China,China,CHN,,1387790000.0,11233313730288.5,4.5,8210.0,77.218,9.9,,56.736,23.0,,,,93284.0,,,,,,1779614.0,,,,,42187.0,801064886.0,5432790000.0,761869505.0,5166968500.0,397072529.0,2692930000.0,,,,,,,,,,,3961982.0,26870000.0,,,,,,,,,34341105.0,232900000.0,3487786.0,,,,,,,,,,,,
2017,Asia Pacific,Red Cross Society of China,China,CHN,,1396215000.0,12310491333980.9,3.1,8670.0,77.248,9.2,,57.96,22.0,1.0,1.0,172.0,91906.0,,,,,,1926001.0,,,,,37939.0,973596670.0,6491510000.0,907933926.0,6053700000.0,490280121.0,3268970000.0,,,,,,,,,,,4410912.0,29410000.0,,,,,,,,,32844120.0,218990000.0,3101315.0,,,,,,,,,,,,
2018,Asia Pacific,Red Cross Society of China,China,CHN,,1402760000.0,13894907857925.9,1.7,9540.0,77.744,8.6,,59.152,20.0,0.0,1.0,176.0,94532.0,,,,,,1218721.0,,,,,16899.0,1065792375.0,7443100000.0,993417411.0,6937660000.0,551801827.0,3853580000.0,,,,,,,,,,,,,,,,,,,,,4304352.0,30060000.0,3030962.0,,,,,,,,,,,,
2019,Asia Pacific,Red Cross Society of China,China,CHN,,1407745000.0,14279968506242.8,0.6,10310.0,77.968,8.0,,60.308,20.0,,,165.0,96079.0,,,,,1383863.0,1383863.0,,,,17435.0,17435.0,1169996725.0,8389900000.0,1117753447.0,8015270000.0,65764644.0,471590028.0,,,,,,,,,,,,,,,,,84803.0,608111.0,366045.0,2624860.0,25171267.0,180500000.0,3010749.0,,3010749.0,,4209987.0,,,,,,,,
2020,Asia Pacific,Red Cross Society of China,China,CHN,,1411100000.0,14687744162801.0,0.0,10520.0,78.077,7.4,97.15,61.428,23.0,,,167.0,105780.0,,,,,1489316.0,1489316.0,,,,18707.0,18707.0,5233009433.0,38582410000.0,5141681626.0,37909060000.0,4701971815.0,34667127334.0,,,,,,,,,,,,,,,,,1558354.0,11489572.0,568718.0,4193094.0,25723965.0,189660000.0,1725699.0,,1725699.0,,439731865.0,,,,,,,,
2021,Asia Pacific,Red Cross Society of China,China,CHN,,1412360000.0,17820459508852.2,,11950.0,78.211,6.9,,62.512,,1.0,1.0,166.0,122933.0,,,,,,1951627.0,,,,,19903.0,2678356255.0,18970544000.0,2429518539.0,17208050000.0,2030009123.0,14378362594.0,,,,,,,,,,,,,,,276997.0,1961942.0,,,252081.0,1785464.0,39052336.0,276604000.0,2062700.0,,,,93991956.0,0.0,0.0,,,,,,
2022,Asia Pacific,Red Cross Society of China,China,CHN,,1412175000.0,17963171479205.3,,12850.0,,,,63.56,,1.0,1.0,166.0,150035.0,,,,,,2345438.0,,,,,20626.0,3289466155.0,22507620000.0,3169097839.0,21684020000.0,2601186164.0,17798179693.0,,,,,,,,,,,,,,,21168.0,144836.0,436892.0,2989361.0,116351.0,796110.0,,,3164110.0,,,,198836375.0,,,,,,,,
2023,Asia Pacific,Red Cross Society of China,China,CHN,,,,,,,,,,,1.0,1.0,166.0,207200.0,3194.0,,,,,2930054.0,9779.0,11078.0,,,20857.0,2140559725.0,17977020000.0,1980218561.0,16630430000.0,,,,,,,1534604817.0,12888040994.0,,,,,,,,,,,68290.0,573518.0,89958.0,755489.0,,,5072215.0,,,,18699265.0,,,,,,,,
2024,Asia Pacific,Red Cross Society of China,China,CHN,,,,,,,,,,,,,,,,,,,,,,,,,,,,,,,,,,,,,,,,,,,,,,,,,,,,,,,,,,,,,,,,,,
2009,Americas,Colombian Red Cross Society,Colombia,COL,DCO001,44750054.0,232397835678.336,,5130.0,75.193,19.0,93.24,77.587,87.0,,,,234.0,,,,,,36950.0,,,,,3000.0,6001915.0,11805822922.0,9220153.0,18136127342.0,,,,,,,,,,,,,,,,,13439890.0,26436388937.0,,,,,,,,,,,277663.0,,,,,,,,
2010,Americas,Colombian Red Cross Society,Colombia,COL,DCO001,44816108.0,286498534094.963,,5680.0,75.033,18.4,93.37,77.964,71.0,,,,240.0,,,,,,42000.0,,,,,3000.0,15745118.0,31682166234.0,17854866.0,35927379172.0,,,,,,,,,,,,,,,,,0.0,,,,,,,,,,,,2876506.0,,,,,,,,
2011,Americas,Colombian Red Cross Society,Colombia,COL,DCO001,45308899.0,334966134865.3,,6370.0,75.32,17.8,93.58,78.335,71.0,,,,229.0,,,,,,42297.0,,,,,3000.0,8586988.0,17573167973.0,11836812.0,24223894070.0,,,,,,,,,,,,,,,,,0.0,,,,,,,,,,,,2361860.0,,,,,,,,
2012,Americas,Colombian Red Cross Society,Colombia,COL,DCO001,45782417.0,370691143086.755,,7330.0,75.597,17.2,,78.701,71.0,,,,229.0,,18250.0,18995.0,,,37245.0,,,,,3000.0,6409388.0,12427555974.0,9225227.0,17887360830.0,,,,,,,,,,,,,,,,,0.0,,,,,,,,,,,,3616692.0,,,,,,,,
2013,Americas,Colombian Red Cross Society,Colombia,COL,DCO001,46237930.0,382093697077.685,,8000.0,75.827,16.7,,79.061,70.0,,,,229.0,,18995.0,18250.0,,,37245.0,,,,,3000.0,5544583.0,11946572502.0,8367987.0,18029986355.0,,,,,,,,,,,,,,,,,0.0,,,,,,,,,,,,,,,,,,,,
2014,Americas,Colombian Red Cross Society,Colombia,COL,DCO001,46677947.0,381240864422.407,,8260.0,76.043,16.1,94.19,79.415,70.0,,,,229.0,,10254.0,13593.0,,,23847.0,,,,,3000.0,5627282.0,13263445853.0,7540819.0,17773632737.0,,,,,,,,,,,,,,,,,0.0,,,,,,,,,,,,257025.0,,,,,,,,
2015,Americas,Colombian Red Cross Society,Colombia,COL,DCO001,47119728.0,293492370228.844,,7400.0,76.257,15.6,94.25,79.764,70.0,,,,229.0,,10997.0,14495.0,,,25492.0,,,,,3000.0,4817080.0,15316823115.0,6393826.0,20330389651.0,,,,,,,,,,,,,,,,,2272949.0,7227273198.0,,,,,,,,,,,462386.0,,,,,,,,
2016,Americas,Colombian Red Cross Society,Colombia,COL,,47625955.0,282720100286.228,,6530.0,76.471,15.1,94.65,80.108,70.0,,,,229.0,,,,,,27076.0,595.0,1198.0,,,1793.0,18906184.0,55120071171.0,16916939.0,49320521441.0,0.0,0.0,0.0,0.0,0.0,0.0,0.0,0.0,0.0,0.0,0.0,0.0,14630013.0,42653099910.0,4276171.0,12466971261.0,0.0,0.0,0.0,0.0,0.0,0.0,0.0,0.0,11538.0,,,,648228.0,24836.0,24836.0,136683.0,,,,,
2017,Americas,Colombian Red Cross Society,Colombia,COL,,48351671.0,311866875135.578,,6010.0,76.646,14.6,,80.446,71.0,1.0,1.0,14.0,234.0,,,,,,28024.0,,,,,1941.0,17409381.0,53077380000.0,16180570.0,49331006000.0,0.0,0.0,652539.0,1989449102.0,0.0,0.0,237272.0,723389850.0,547933.0,1670527569.0,0.0,0.0,0.0,0.0,0.0,0.0,0.0,0.0,609652.0,1858696084.0,0.0,0.0,428.0,1303882.0,50520.0,,,,696037.0,294170.0,402276.0,21884.0,,,,,
2018,Americas,Colombian Red Cross Society,Colombia,COL,,49276961.0,334198218100.719,,6320.0,76.748,14.1,95.09,80.778,63.0,1.0,1.0,13.0,250.0,,,,,,31420.0,746.0,1346.0,,0.0,2092.0,16829367.0,55542466000.0,16076655.0,53058266000.0,0.0,0.0,0.0,0.0,0.0,0.0,0.0,0.0,0.0,0.0,0.0,0.0,1220725.0,4028793938.0,12636668.0,41705175675.0,4192196.0,13835630015.0,2736362.0,9030897468.0,927116.0,3059787163.0,1561469.0,5153363745.0,69698.0,,,,1895.0,21198.0,21198.0,1272320.0,,,,,
2019,Americas,Colombian Red Cross Society,Colombia,COL,,50187406.0,323031701210.765,35.7,6590.0,76.752,13.7,95.25,81.104,65.0,,,11.0,235.0,,14242.0,19530.0,,,33772.0,193.0,346.0,,2006.0,2545.0,18378889.0,62090840000.0,17652840.0,59637974000.0,13759.0,46482123.0,131414.0,443965267.0,53280.0,180000000.0,54448.0,183947273.0,,,,,2747365.0,9281639826.0,15631523.0,52809199866.0,4049709.0,13681449562.0,2504209.0,8460165470.0,1207463.0,4079267908.0,,,1321.0,494.0,,827.0,345448.0,640283.0,640283.0,6857914.0,,,,,
2020,Americas,Colombian Red Cross Society,Colombia,COL,,50930662.0,270150956772.57,42.5,5800.0,74.769,13.3,95.64,81.425,75.0,,,12.0,235.0,,9829.0,13057.0,,,22886.0,229.0,405.0,,2277.0,2911.0,12453224.0,52324469000.0,12008773.0,50457028000.0,428019.0,1798399414.0,3524983.0,14810854024.0,446630.0,1876596178.0,188658.0,792679998.0,0.0,0.0,0.0,0.0,1767573.0,7426779000.0,10685650.0,44897690000.0,4524024.0,19008505077.0,1414354.0,5942663229.0,413426.0,1737084408.0,0.0,0.0,2410.0,,2410.0,,414745.0,619514.0,619514.0,313056.0,,,,,
2021,Americas,Colombian Red Cross Society,Colombia,COL,,51516562.0,318511813576.97,39.3,6220.0,72.83,12.8,,81.74,,1.0,1.0,12.0,209.0,,10908.0,14814.0,,,25722.0,243.0,406.0,,2500.0,3149.0,29853079.0,125962359416.0,29144839.0,122974003416.0,102021.0,430469945.0,2336021.0,9856628857.0,4395.0,18544131.0,228837.0,965558914.0,0.0,0.0,0.0,0.0,2642296.0,11148929066.0,14462436.0,61022937934.0,6434015.0,27147744361.0,2583138.0,10899315643.0,552065.0,2329389627.0,0.0,0.0,1970.0,,,,347172.0,1133124.0,4087707.0,223405.0,,,,,
2022,Americas,Colombian Red Cross Society,Colombia,COL,,51874024.0,343622114560.409,,6500.0,,,,82.05,,1.0,1.0,12.0,209.0,,11380.0,14342.0,,,25722.0,,,,,2900.0,36271001.0,153690681924.0,35722390.0,151366057924.0,95227.0,403506239.0,4107553.0,17404885698.0,20018.0,84823390.0,1449555.0,6142181930.0,0.0,0.0,0.0,0.0,2836018.0,12017025001.0,17870881.0,75724074000.0,6866472.0,29095221961.0,819224.0,3471289755.0,1083221.0,4589919859.0,0.0,0.0,23614.0,,,,866443.0,941786.0,941786.0,14418.0,,,,,
2023,Americas,Colombian Red Cross Society,Colombia,COL,,,,,,,,,,,1.0,1.0,13.0,209.0,31.0,11173.0,14549.0,,,25722.0,1075.0,1825.0,,,2900.0,43187434.0,199020435278.0,43180459.0,198988291692.0,93546.0,431088285.0,1007325.0,4642052597.0,0.0,0.0,696110.0,3207880022.0,0.0,0.0,0.0,0.0,3212661.0,14804891000.0,27454751.0,126519587715.0,8093439.0,37296955600.0,1220984.0,5626655399.0,941826.0,4340211584.0,0.0,0.0,25259.0,,,,787208.0,219581.0,219581.0,71788.0,,,,,
2024,Americas,Colombian Red Cross Society,Colombia,COL,,,,,,,,,,,1.0,1.0,13.0,209.0,31.0,10204.0,11996.0,,,22200.0,1194.0,1706.0,,,2900.0,30579963.0,30579963.0,29664398.0,29664398.0,156445.0,156445.0,264575.0,264575.0,0.0,0.0,95186.0,95186.0,0.0,0.0,0.0,0.0,3290000.0,3290000.0,14354427.0,14354427.0,4944516.0,4944516.0,1026061.0,1026061.0,1077006.0,1077006.0,3677366.0,3677366.0,43908.0,,,,32101.0,190415.0,190415.0,146660.0,,,,,
2009,Americas,Costa Rican Red Cross,Costa Rica,CRI,DCR001,4520739.0,30745712006.5307,,6540.0,78.626,10.7,,70.575,29.0,,,,134.0,,,,,,6070.0,,,,,890.0,3646.0,1956944.0,3646.0,1956944.0,,,,,,,,,,,,,,,,,0.0,,,,,,,,,,,,240483.0,,,,,,,,
2010,Americas,Costa Rican Red Cross,Costa Rica,CRI,DCR001,4622252.0,37658614803.848,,7190.0,78.67,10.5,,71.736,27.0,,,,120.0,,,,,,5167.0,,,,,962.0,3596188.0,1866187506.0,3247108.0,1685037580.0,,,,,,,,,,,,,,,,,0.0,,,,,,,,,,,,,,,,,,,,
2012,Americas,Costa Rican Red Cross,Costa Rica,CRI,DCR001,4736593.0,47231655431.1389,23.5,9190.0,79.283,9.9,,73.946,24.0,,,,120.0,,,,,,6658.0,,,,,1068.0,21990939.0,11923402383.0,19468621.0,10555810978.0,,,,,,,,,,,,,,,,,0.0,,,,,,,,,,,,,,,,,,,,
2013,Americas,Costa Rican Red Cross,Costa Rica,CRI,DCR001,4791535.0,50949668840.8692,23.3,9840.0,79.403,9.6,,74.97,23.0,,,,125.0,,4981.0,1677.0,,,6658.0,841.0,227.0,,,1068.0,13102.0,7287731.0,20692182.0,11509986614.0,,,,,,,,,,,,,,,,,0.0,,,,,,,,,,,,,,,,,,,,
2014,Americas,Costa Rican Red Cross,Costa Rica,CRI,DCR001,4844288.0,52016408951.8225,24.6,10250.0,78.774,9.3,,75.941,24.0,,,,131.0,,,,,,4420.0,866.0,210.0,,,1076.0,13133194.0,7018879685.0,13925372.0,7442249513.0,,,,,,,,,,,,,,,,,0.0,,,,,,,,,,,,,,,,,,,,
2015,Americas,Costa Rican Red Cross,Costa Rica,CRI,DCR001,4895242.0,56441920821.0806,23.6,10610.0,79.086,9.1,,76.862,20.0,,,,131.0,,,,,,5394.0,823.0,182.0,,,1005.0,14983622.0,7960154918.0,14164143.0,7524800617.0,,,,,,,,,,,,,,,,,0.0,,,,,,,,,,,,,,,,,,,,
2016,Americas,Costa Rican Red Cross,Costa Rica,CRI,,4945205.0,58847019609.6549,22.9,11000.0,79.459,8.9,,77.735,19.0,,,,122.0,,3583.0,2306.0,,,5889.0,781.0,252.0,,,1033.0,18940195.0,9921526899.0,16636302.0,8714668402.0,3390.0,1775962.0,125374.0,65675386.0,,,,,,,,,305139.0,159842090.0,5313100.0,2783184915.0,,,,,,,122945.0,64403081.0,1316.0,,,,0.0,0.0,0.0,0.0,,,,,
2017,Americas,Costa Rican Red Cross,Costa Rica,CRI,,4993842.0,60516044657.2254,22.1,11400.0,79.377,8.7,,78.56,19.0,1.0,1.0,9.0,129.0,,3797.0,2391.0,,0.0,6188.0,964.0,231.0,,0.0,1195.0,33991770.0,19468367472.0,32265694.0,18479778788.0,0.0,0.0,0.0,0.0,0.0,0.0,0.0,0.0,0.0,0.0,209898.0,120216213.0,13295598.0,7614889874.0,5421252.0,3104955297.0,0.0,0.0,0.0,0.0,0.0,0.0,1077613.0,617189529.0,1071.0,,,,0.0,0.0,0.0,0.0,,,,,
2018,Americas,Costa Rican Red Cross,Costa Rica,CRI,,5040734.0,62420164991.5374,22.9,11880.0,79.484,8.4,,79.34,18.0,1.0,1.0,9.0,118.0,,3578.0,2183.0,,0.0,5761.0,823.0,225.0,,0.0,1048.0,32479378.0,19660640569.0,31326826.0,18962969692.0,0.0,0.0,0.0,0.0,0.0,0.0,0.0,0.0,0.0,0.0,197321.0,119443582.0,13078185.0,7916576805.0,3913356.0,2368859552.0,0.0,0.0,0.0,0.0,0.0,0.0,1299230.0,786458948.0,3397.0,,,,367.0,353.0,1463.0,18504.0,,,,,
2019,Americas,Costa Rican Red Cross,Costa Rica,CRI,,5084532.0,64417670521.1842,23.9,12040.0,79.427,8.2,,80.076,19.0,,,9.0,135.0,,2296.0,3333.0,,0.0,5629.0,828.0,231.0,,0.0,1059.0,35777341.0,20351161190.0,36346026.0,20674644802.0,0.0,0.0,0.0,0.0,0.0,0.0,0.0,0.0,0.0,0.0,205867.0,117102991.0,13640440.0,7759066930.0,4801164.0,2731037502.0,0.0,0.0,0.0,0.0,0.0,0.0,1261004.0,717294817.0,2520.0,1244.0,0.0,1276.0,193.0,247.0,247.0,2050.0,,,,,
2020,Americas,Costa Rican Red Cross,Costa Rica,CRI,,5123105.0,62395610760.3912,30.0,11500.0,79.277,7.9,,80.771,22.0,,,9.0,135.0,,1899.0,2746.0,,0.0,4645.0,865.0,227.0,,,1092.0,28230702.0,18131471940.0,30726373.0,19734343687.0,,,593886.0,381429766.0,,,,,,,75011.0,48176729.0,12014417.0,7716388529.0,2854719.0,1833473962.0,,,,,,,1077692.0,692159413.0,1263.0,484.0,,779.0,176.0,95225.0,95225.0,47125.0,,,,,
2021,Americas,Costa Rican Red Cross,Costa Rica,CRI,,5153957.0,64960725734.2362,26.2,12380.0,77.023,7.6,98.04,81.425,,1.0,1.0,9.0,135.0,,2990.0,1894.0,,,4884.0,962.0,273.0,,,1235.0,32616034.0,21729536266.0,32538844.0,21678110518.0,,,112939.0,75242786.0,,,,,,,2495.0,1662112.0,12988608.0,8653302822.0,4575940.0,3048594598.0,,,,,,,526378.0,350684843.0,2922.0,1435.0,,1487.0,16865.0,460.0,460.0,27167.0,,,,,
2022,Americas,Costa Rican Red Cross,Costa Rica,CRI,,5180829.0,69243626028.6696,25.5,12920.0,,,,82.042,,1.0,1.0,9.0,133.0,,2933.0,1828.0,,,4761.0,927.0,309.0,,,1236.0,35481246.0,24186261465.0,36251358.0,24711219026.0,,,,,,,,,,,,,10939183.0,7456839297.0,8758602.0,5970416986.0,,,,,,,551755.0,376111092.0,2310.0,993.0,,1317.0,175.0,60258.0,60258.0,44517.0,,,,,
2023,Americas,Costa Rican Red Cross,Costa Rica,CRI,,,,,,,,,,,1.0,1.0,9.0,134.0,134.0,2820.0,2213.0,0.0,0.0,5033.0,,,0.0,0.0,1316.0,40894949.0,40894949.0,42479649.0,42479649.0,0.0,0.0,0.0,0.0,0.0,0.0,0.0,0.0,0.0,0.0,0.0,0.0,11855414.0,11855414.0,10231985.0,10231985.0,0.0,0.0,0.0,0.0,0.0,0.0,0.0,0.0,919.0,,,,,,,4749.0,,,,,
2024,Americas,Costa Rican Red Cross,Costa Rica,CRI,,,,,,,,,,,0.0,1.0,9.0,134.0,134.0,2953.0,2383.0,0.0,0.0,5336.0,936.0,392.0,0.0,0.0,1328.0,45583648.0,24847346664.0,47520648.0,25903192629.0,0.0,0.0,0.0,0.0,0.0,0.0,0.0,0.0,0.0,0.0,0.0,0.0,11441294.0,6236574206.0,34142354.0,18610772459.0,0.0,0.0,0.0,0.0,0.0,0.0,0.0,0.0,2250.0,,,,22912.0,50171.0,50171.0,34165.0,,,,,
2012,Americas,Cuban Red Cross,Cuba,CUB,DCU001,11309290.0,73141000000.0,,6080.0,77.833,6.0,99.67,76.781,41.0,,,,115.0,,,,,,44312.0,,,,,210.0,0.0,,250471.0,6090480.0,,,,,,,,,,,,,,,,,0.0,,,,,,,,,,,,,,,,,,,,
2013,Americas,Cuban Red Cross,Cuba,CUB,DCU001,11321579.0,77148000000.0,,6620.0,77.87,5.9,,76.827,41.0,,,,183.0,,21529.0,26314.0,,,47843.0,228.0,280.0,,,508.0,255718.0,6370425.0,255718.0,6370425.0,,,,,,,,,,,,,,,,,459347.0,11443200.0,,,,,,,,,,,75976.0,,,,,,,,
2014,Americas,Cuban Red Cross,Cuba,CUB,DCU001,11332026.0,80656100000.0,,6820.0,77.853,5.8,,76.861,41.0,,,,183.0,,18700.0,28048.0,,,46748.0,163.0,244.0,,,407.0,197632.0,4447725.0,197632.0,4447725.0,,,,,,,,,,,,,,,,,464641.0,10456800.0,,,,,,,,,,,50000.0,,,,,,,,
2015,Americas,Cuban Red Cross,Cuba,CUB,DCU001,11339894.0,87132800000.0,,7220.0,77.772,5.7,,76.896,39.0,,,,183.0,,18800.0,28200.0,,,47000.0,228.0,153.0,,,381.0,59604.0,1338625.0,59604.0,1338625.0,,,,,,,,,,,,,,,,,0.0,0.0,,,,,,,,,,,35120.0,,,,,,,,
2016,Americas,Cuban Red Cross,Cuba,CUB,,11342012.0,91370407863.7,,7480.0,77.643,5.5,,76.93,41.0,,,,1379.0,,23680.0,23320.0,,,47000.0,251.0,175.0,,,251.0,148755.0,3223577.0,148755.0,3223577.0,0.0,0.0,0.0,0.0,0.0,0.0,0.0,0.0,0.0,0.0,0.0,0.0,0.0,0.0,0.0,0.0,0.0,0.0,0.0,0.0,0.0,0.0,0.0,0.0,59828.0,24012.0,,35816.0,33079.0,1001422.0,1001422.0,43129.0,,,,,
2017,Americas,Cuban Red Cross,Cuba,CUB,,11336405.0,96850649691.7406,,7950.0,77.529,5.4,,76.977,40.0,1.0,1.0,12.0,1348.0,,22899.0,23952.0,,0.0,46851.0,241.0,177.0,,,418.0,116394.0,2980340.0,116394.0,2980340.0,0.0,0.0,0.0,0.0,0.0,0.0,0.0,0.0,0.0,0.0,0.0,0.0,0.0,0.0,0.0,0.0,3503.0,89706.0,1963.0,50262.0,1211.0,31016.0,0.0,0.0,70996.0,51118.0,,19878.0,128808.0,1161266.0,3637165.0,516528.0,,,,,
2018,Americas,Cuban Red Cross,Cuba,CUB,,11328244.0,100050036096.123,,8630.0,77.496,5.3,,77.037,39.0,0.0,0.0,,1348.0,,22906.0,23854.0,,0.0,46760.0,200.0,152.0,,0.0,352.0,91659.0,2327245.0,91659.0,2327245.0,0.0,0.0,0.0,0.0,0.0,0.0,0.0,0.0,0.0,0.0,0.0,0.0,0.0,0.0,0.0,0.0,16739.0,425000.0,4923125.0,125000000.0,11816.0,300000.0,0.0,0.0,72300.0,52000.0,0.0,20300.0,77000.0,1095000.0,3210008.0,305000.0,,,,,
2019,Americas,Cuban Red Cross,Cuba,CUB,,11316697.0,103427600000.0,,8920.0,77.611,5.2,,77.109,40.0,,,,1348.0,,22832.0,23848.0,,0.0,46680.0,241.0,177.0,,0.0,418.0,100677.0,2580340.0,100677.0,2580340.0,0.0,0.0,0.0,0.0,0.0,0.0,0.0,0.0,0.0,0.0,0.0,0.0,0.0,0.0,0.0,0.0,0.0,0.0,8507.0,218038.0,425.0,10901.0,0.0,0.0,67041.0,48907.0,,18134.0,1734.0,212495.0,1062475.0,129604.0,,,,,
2020,Americas,Cuban Red Cross,Cuba,CUB,,11300698.0,107351800000.0,,,77.567,5.1,,77.194,39.0,,,,1637.0,,23332.0,24505.0,,,47837.0,175.0,254.0,,,429.0,132949.0,3609106.0,132949.0,3609106.0,,,,,,,,,,,,,,,,,27595.0,749116.0,12141.0,329591.0,881.0,23903.0,,,60333.0,44013.0,,16320.0,1880.0,237585.0,237585.0,26950.0,,,,,
2021,Americas,Cuban Red Cross,Cuba,CUB,,11256372.0,545217900000.0,,,73.683,5.0,99.67,77.292,,0.0,1.0,12.0,1707.0,,19135.0,28702.0,,,47837.0,185.0,403.0,,,588.0,1373127.0,37552015.0,1373127.0,37552015.0,,,,,,,,,,,,,,,,,70551.0,1929428.0,539783.0,14761876.0,46433.0,1269847.0,,,78053.0,46037.0,,32016.0,,418136.0,1881612.0,31350.0,,,,,
2022,Americas,Cuban Red Cross,Cuba,CUB,,11212191.0,633442300000.0,,,,,,77.401,,0.0,1.0,12.0,1721.0,,23339.0,24493.0,,,47832.0,185.0,407.0,,,592.0,1081509.0,1183072.0,1074770.0,1175700.0,,,,,,,,,,,,,,,,,202005.0,220975.0,864059.0,945202.0,8619.0,9428.0,,,78451.0,46203.0,,32248.0,3860.0,418148.0,2090740.0,0.0,,,,,
2023,Americas,Cuban Red Cross,Cuba,CUB,,,,,,,,,,,1.0,1.0,12.0,1721.0,183.0,18464.0,12670.0,,,31134.0,164.0,381.0,,,545.0,433675.0,12892400.0,433675.0,12892400.0,,,,,,,,,,,,,,,,,,,255089.0,7583352.0,,,,,67937.0,38812.0,,29125.0,67937.0,421893.0,4687572.0,25282.0,,,,,
2024,Americas,Cuban Red Cross,Cuba,CUB,,,,,,,,,,,1.0,1.0,12.0,1437.0,183.0,20670.0,18978.0,,,39648.0,204.0,189.0,,,393.0,784029.0,924454.0,784029.0,924454.0,,,,,,,,,,,,,,,,,84810.0,100000.0,699219.0,824454.0,,,,,188125.0,89378.0,,98747.0,1771.0,67607.0,67607.0,10146.0,,,,,
2012,Africa,Red Cross of Cape Verde,Cape Verde,CPV,DCV001,533864.0,1913081210.4141,,3580.0,74.484,24.2,85.33,62.821,54.0,,,,20.0,,,,,,3000.0,,,,,150.0,1697220.0,154000000.0,0.0,,,,,,,,,,,,,,,,,,0.0,,,,,,,,,,,,,,,,,,,,
2013,Africa,Red Cross of Cape Verde,Cape Verde,CPV,DCV001,539940.0,2028910915.1645,,3640.0,75.059,22.8,,63.317,42.0,,,,17.0,,,,,,2470.0,,,,,149.0,1628146.0,146453350.0,2011030.0,180894149.0,,,,,,,,,,,,,,,,,0.0,,,,,,,,,,,,,,,,,,,,
2014,Africa,Red Cross of Cape Verde,Cape Verde,CPV,DCV001,546076.0,2041930125.4298,,3520.0,75.24,21.3,,63.81,42.0,,,,19.0,,800.0,1200.0,,,2000.0,28.0,97.0,,,125.0,490491.0,44733631.0,422525.0,38535023.0,,,,,,,,,,,,,,,,,7009.0,639191.0,,,,,,,,,,,2244.0,,,,,,,,
2015,Africa,Red Cross of Cape Verde,Cape Verde,CPV,DCV001,552166.0,1749857620.3533,35.2,3360.0,74.62,19.7,86.79,64.3,47.0,,,,19.0,,800.0,1200.0,,,2000.0,28.0,95.0,,,123.0,328455.0,33278765.0,263573.0,26704904.0,,,,,,,,,,,,,,,,,1469.0,148858.0,,,,,,,,,,,2244.0,,,,,,,,
2016,Africa,Red Cross of Cape Verde,Cape Verde,CPV,,558394.0,1849789985.9957,,3280.0,75.742,18.3,,64.784,42.0,,,,19.0,,720.0,1081.0,,,1801.0,29.0,86.0,,,115.0,466167.0,47954608.0,786217.0,80878232.0,,,,,,,,,,,,,17498.0,1800000.0,,,0.0,0.0,0.0,0.0,36255.0,3729555.0,76568.0,7876559.0,500.0,200.0,,300.0,,1200.0,1200.0,,,,,,
2017,Africa,Red Cross of Cape Verde,Cape Verde,CPV,,564954.0,1996741539.9509,,3280.0,76.593,17.0,,65.261,40.0,1.0,1.0,14.0,19.0,,678.0,890.0,,0.0,1568.0,27.0,98.0,,0.0,125.0,899172.0,84819527.0,1080929.0,101964848.0,29469.0,2779800.0,0.0,0.0,0.0,0.0,0.0,0.0,0.0,0.0,6348.0,598818.0,734605.0,69295833.0,0.0,0.0,7598.0,716723.0,0.0,0.0,19041.0,1796138.0,102111.0,9632215.0,300.0,156.0,0.0,144.0,0.0,0.0,0.0,0.0,,,,,
2018,Africa,Red Cross of Cape Verde,Cape Verde,CPV,,571202.0,2205099506.9999,,3630.0,75.733,15.9,,65.732,48.0,1.0,1.0,15.0,45.0,,829.0,596.0,,,1425.0,25.0,97.0,,,122.0,921616.0,90177718.0,1044143.0,102166608.0,191.0,18714.0,511.0,50000.0,0.0,0.0,0.0,0.0,0.0,0.0,29080.0,2845437.0,790224.0,77321371.0,0.0,0.0,27271.0,2668413.0,0.0,0.0,9922.0,970883.0,52765.0,5162900.0,68.0,30.0,,38.0,574.0,2451.0,2451.0,0.0,,,,,
2019,Africa,Red Cross of Cape Verde,Cape Verde,CPV,,577030.0,2252177124.324,,3930.0,76.004,15.0,,66.195,42.0,,,15.0,45.0,,659.0,473.0,,0.0,1132.0,27.0,101.0,,0.0,128.0,774528.0,78361755.0,1396710.0,141310206.0,38550.0,3900207.0,0.0,0.0,0.0,0.0,0.0,0.0,574290.0,58103004.0,16097.0,1628633.0,21800.0,2205600.0,0.0,0.0,1416.0,143306.0,17648.0,1785496.0,0.0,0.0,104726.0,10595509.0,75.0,35.0,0.0,40.0,766.0,843.0,843.0,,,,,,
2020,Africa,Red Cross of Cape Verde,Cape Verde,CPV,,582640.0,1821565613.6861,,3100.0,74.808,14.2,,66.652,42.0,,,18.0,46.0,,965.0,527.0,,,1492.0,27.0,92.0,,,119.0,767417.0,78443972.0,2241107.0,229081758.0,149396.0,15270954.0,0.0,0.0,0.0,0.0,0.0,0.0,404971.0,41395415.0,19649.0,2008497.0,14139.0,1445230.0,0.0,0.0,0.0,0.0,81038.0,8283576.0,44798.0,4579170.0,53426.0,5461130.0,347.0,166.0,,181.0,508669.0,4211.0,4211.0,215081.0,,,,,
2021,Africa,Red Cross of Cape Verde,Cape Verde,CPV,,587925.0,1997866378.7712,,3340.0,74.052,13.5,,67.102,,1.0,1.0,14.0,43.0,,1398.0,809.0,,,2207.0,28.0,92.0,,,120.0,777826.0,79842583.0,2193864.0,225196496.0,,,,,,,,,514235.0,52785336.0,5830.0,598470.0,21740.0,2231625.0,,,,,86334.0,8862080.0,,,95036.0,9755257.0,40.0,22.0,,18.0,17571.0,3105.0,3105.0,255584.0,,,,,
2022,Africa,Red Cross of Cape Verde,Cape Verde,CPV,,593149.0,2226862134.0879,,3950.0,,,91.0,67.545,,0.0,1.0,7.0,46.0,,1242.0,835.0,,,2077.0,32.0,90.0,,,122.0,515317.0,55055269.0,515317.0,55055269.0,56160.0,6000000.0,,,,,,,,,,,,,,,,,254012.0,27138083.0,,,,,248.0,111.0,,137.0,11688.0,7350.0,7350.0,381634.0,,,,,
2023,Africa,Red Cross of Cape Verde,Cape Verde,CPV,,,,,,,,,,,1.0,1.0,8.0,46.0,19.0,1322.0,863.0,,,2185.0,38.0,96.0,,,134.0,509058.0,60350715.0,509058.0,60350715.0,84350.0,10000000.0,,,,,,,,,,,139875.0,16582699.0,,,,,,,,,,,,,,,9285.0,9000.0,9000.0,,,,,,
2024,Africa,Red Cross of Cape Verde,Cape Verde,CPV,,,,,,,,,,,0.0,0.0,16.0,46.0,19.0,,,,,2200.0,,,,,137.0,528968.0,61986417.0,528968.0,61986417.0,0.0,0.0,0.0,0.0,0.0,0.0,0.0,0.0,0.0,0.0,0.0,0.0,25601.0,3000000.0,227856.0,26700947.0,3413.0,400000.0,232856.0,27286902.0,0.0,0.0,11528.0,1350903.0,,,,,30000.0,4200.0,9700.0,,,,,,
2012,Europe and Central Asia,Cyprus Red Cross Society,Cyprus,CYP,DCY001,1156556.0,24977293926.2891,15.3,29760.0,80.109,3.1,,67.261,32.0,,,,6.0,,2200.0,3200.0,,,5400.0,6.0,17.0,,,23.0,614139.0,508507.0,576917.0,477687.0,,,,,,,,,,,,,,,,,0.0,0.0,,,,,,,,,,,,,,,,,,,
2013,Europe and Central Asia,Cyprus Red Cross Society,Cyprus,CYP,DCY001,1166968.0,23899444182.51,14.4,27860.0,80.402,3.0,,67.137,36.0,,,,8.0,,2250.0,3250.0,,,5500.0,5.0,19.0,,,24.0,437661.0,357000.0,424176.0,346000.0,,,,,,,,,,,,,,,,,0.0,0.0,,,,,,,,,,,39796.0,,,,,,,,
2014,Europe and Central Asia,Cyprus Red Cross Society,Cyprus,CYP,DCY001,1176995.0,23155988617.4023,16.2,26590.0,80.771,2.9,,67.031,39.0,,,,8.0,,2407.0,2800.0,,,5207.0,6.0,20.0,,,26.0,289439.0,240586.0,335150.0,278581.0,,,,,,,,,,,,,,,,,0.0,0.0,,,,,,,,,,,17848.0,,,,,,,,
2015,Europe and Central Asia,Cyprus Red Cross Society,Cyprus,CYP,DCY001,1187280.0,19842492366.5477,16.1,26090.0,80.966,2.8,,66.946,42.0,,,,8.0,,2210.0,3000.0,,,5210.0,6.0,21.0,,,27.0,0.0,,0.0,,,,,,,,,,,,,,,,,,0.0,,,,,,,,,,,,19264.0,,,,,,,,
2016,Europe and Central Asia,Cyprus Red Cross Society,Cyprus,CYP,,1197881.0,20952955488.0836,15.7,24840.0,81.056,2.7,,66.881,42.0,,,,7.0,,,,,,4056.0,8.0,18.0,,,26.0,604014.0,563430.0,570113.0,531807.0,64256.0,59939.0,0.0,0.0,214406.0,200000.0,0.0,0.0,0.0,0.0,0.0,0.0,0.0,0.0,14723.0,13734.0,29786.0,27785.0,10023.0,9350.0,0.0,0.0,0.0,0.0,475.0,300.0,,175.0,0.0,350.0,350.0,0.0,,,,,
2017,Europe and Central Asia,Cyprus Red Cross Society,Cyprus,CYP,,1208523.0,22870678689.4802,15.4,25020.0,81.328,2.7,,66.836,49.0,1.0,1.0,30.0,9.0,,,,,,4000.0,8.0,22.0,,,30.0,,,,,,,,,,,,,,,,,,,,,,,,,,,,,458.0,278.0,,180.0,360.0,0.0,0.0,0.0,,,,,
2018,Europe and Central Asia,Cyprus Red Cross Society,Cyprus,CYP,,1218831.0,25523485042.6265,14.7,27390.0,81.382,2.8,,66.81,59.0,1.0,1.0,30.0,9.0,,1220.0,2071.0,,,3291.0,10.0,28.0,,,38.0,,,,,,,,,,,,,,,,,,,,,,,,,,,,,404.0,184.0,,220.0,0.0,0.0,0.0,0.0,,,,,
2019,Europe and Central Asia,Cyprus Red Cross Society,Cyprus,CYP,,1228836.0,25947027570.4262,14.3,28560.0,81.397,2.8,,66.805,64.0,,,32.0,9.0,,1199.0,1769.0,,,2968.0,14.0,31.0,,,45.0,,,,,,,,,,,,,,,,,,,,,,,,,,,,,514.0,307.0,,207.0,,,,,,,,,
2020,Europe and Central Asia,Cyprus Red Cross Society,Cyprus,CYP,,1237537.0,25227201184.2295,13.8,26880.0,81.391,2.8,,66.821,68.0,,,32.0,10.0,,817.0,1361.0,,,2178.0,14.0,32.0,,,46.0,1021396.0,946903.0,,,119774.0,111039.0,9708.0,9000.0,177981.0,165000.0,,,,,,,,,8058.0,7470.0,57170.0,53000.0,231714.0,214815.0,8568.0,7943.0,235021.0,217880.0,383.0,158.0,,225.0,12274.0,,,,,,,,
2021,Europe and Central Asia,Cyprus Red Cross Society,Cyprus,CYP,,1244188.0,29482917678.8954,13.9,29490.0,81.203,2.8,99.36,66.856,,1.0,1.0,32.0,10.0,,516.0,1618.0,,,2134.0,13.0,31.0,,,44.0,1017175.0,946903.0,1017175.0,946903.0,,,,,,,,,,,,,,,,,,,,,,,,,955.0,450.0,,505.0,13536.0,,,,,,,,
2022,Europe and Central Asia,Cyprus Red Cross Society,Cyprus,CYP,,1251488.0,29250524418.0855,,31520.0,,,,66.911,,0.0,1.0,31.0,10.0,,,,,,1800.0,12.0,22.0,,,34.0,924073.0,895329.0,953331.0,923677.0,97752.0,94711.0,20642.0,20000.0,196919.0,190794.0,0.0,0.0,0.0,0.0,5161.0,5000.0,0.0,0.0,52154.0,50532.0,86976.0,84271.0,126947.0,122998.0,10345.0,10023.0,9669.0,9368.0,967.0,386.0,,581.0,2500.0,,,2500.0,,,,,
2023,Europe and Central Asia,Cyprus Red Cross Society,Cyprus,CYP,,,,,,,,,,,0.0,1.0,9.0,10.0,8.0,,,,,1428.0,10.0,25.0,,,35.0,819533.0,881121.0,874557.0,940280.0,157639.0,169485.0,23253.0,25000.0,189182.0,203399.0,0.0,0.0,0.0,0.0,0.0,0.0,0.0,0.0,28421.0,30557.0,73175.0,78674.0,78292.0,84176.0,14594.0,15691.0,17039.0,18319.0,948.0,379.0,,569.0,3220.0,85.0,85.0,,,,,,
2024,Europe and Central Asia,Cyprus Red Cross Society,Cyprus,CYP,,,,,,,,,,,0.0,0.0,9.0,10.0,8.0,,,,,1256.0,,,,,36.0,1342224.0,1426442.0,1106794.0,1176240.0,139620.0,148381.0,110807.0,117760.0,184896.0,196497.0,0.0,0.0,0.0,0.0,0.0,0.0,0.0,0.0,435026.0,462322.0,108448.0,115253.0,167939.0,178476.0,0.0,0.0,4742.0,5040.0,592.0,256.0,,336.0,1587.0,,,,,,,,
2012,Europe and Central Asia,Czech Red Cross,Czech Republic,CZE,DCZ001,10510785.0,208857719320.649,8.6,19440.0,78.0756,3.2,,73.197,4.0,,,,73.0,,,,,,2498.0,,,,,571.0,13099677.0,271910000.0,13702510.0,284423000.0,,,,,,,,,,,,,,,,,27585.0,572581.0,,,,,,,,,,,0.0,,,,,,,,
2013,Europe and Central Asia,Czech Red Cross,Czech Republic,CZE,DCZ001,10514272.0,211685616592.931,9.7,19410.0,78.1756,3.2,,73.29,3.0,,,,73.0,,,,,,3544.0,,,,,573.0,12506162.0,279594000.0,12650952.0,282831000.0,,,,,,,,,,,,,,,,,35296.0,789093.0,,,,,,,,,,,9000.0,,,,,,,,
2014,Europe and Central Asia,Czech Red Cross,Czech Republic,CZE,DCZ001,10525347.0,209358834156.329,9.7,18900.0,78.8244,3.1,,73.384,3.0,,,,73.0,,,,,,3436.0,,,,,622.0,11749699.0,270585000.0,11501752.0,264875000.0,,,,,,,,,,,,,,,,,31265.0,720000.0,,,,,,,,,,,0.0,,,,,,,,
2015,Europe and Central Asia,Czech Red Cross,Czech Republic,CZE,DCZ001,10546059.0,188033050459.881,9.7,18370.0,78.578,3.2,,73.477,4.0,,,,71.0,,,,,,3336.0,,,,,586.0,12136389.0,302366000.0,12115879.0,301855000.0,,,,,,,,,,,,,,,,,25608.0,638000.0,,,,,,,,,,,0.0,,,,,,,,
2016,Europe and Central Asia,Czech Red Cross,Czech Republic,CZE,,10566332.0,196272068576.338,9.1,17670.0,79.0268,3.2,,73.57,3.0,,,,69.0,,,,,,2911.0,,,,,607.0,14250042.0,358916000.0,14315234.0,360558000.0,,,,,,,,,,,,,,,,,,,,,,,,,49721.0,,,,0.0,10409.0,10409.0,0.0,,,,,
2017,Europe and Central Asia,Czech Red Cross,Czech Republic,CZE,,10594438.0,218628940951.675,9.6,18310.0,78.978,3.2,,73.675,3.0,1.0,1.0,13.0,68.0,,,,,,16758.0,,,,,568.0,,,,,,,,,,,,,,,,,,,,,,,,,,,,,40846.0,,,,0.0,4408.0,4408.0,0.0,,,,,
2018,Europe and Central Asia,Czech Red Cross,Czech Republic,CZE,,10629928.0,249000540729.179,10.1,20560.0,79.0293,3.1,,73.792,3.0,1.0,1.0,13.0,66.0,,,,,,15971.0,,,,,804.0,,,,,,,,,,,,,,,,,,,,,,,,,,,,,49099.0,,,,0.0,75.0,75.0,,,,,,
2019,Europe and Central Asia,Czech Red Cross,Czech Republic,CZE,,10671870.0,252548179964.897,9.5,22120.0,79.2293,3.0,,73.921,3.0,,,13.0,66.0,,2528.0,12553.0,,,15081.0,67.0,505.0,,47.0,619.0,,,,,,,,,,,,,,,,,,,,,,,,,,,,,53787.0,17237.0,24214.0,12336.0,2213.0,,,,,,,,
2020,Europe and Central Asia,Czech Red Cross,Czech Republic,CZE,,10697858.0,245974558654.043,8.7,21800.0,78.2268,2.9,,74.061,3.0,,,13.0,65.0,,3346.0,12347.0,,,15693.0,54.0,480.0,,48.0,582.0,,,,,,,,,,,,,,,,,,,,,,,,,,,,,25739.0,10055.0,7580.0,8104.0,8901.0,,,,,,,,
2021,Europe and Central Asia,Czech Red Cross,Czech Republic,CZE,,10505772.0,281791218507.1,10.2,24530.0,77.3732,2.8,,74.214,,1.0,1.0,13.0,64.0,,2625.0,11600.0,,185.0,14410.0,,,,,585.0,,,,,,,,,,,,,,,,,,,,,,,,,,,,,33394.0,,,,41573.0,188730.0,754920.0,,,,,,
2022,Europe and Central Asia,Czech Red Cross,Czech Republic,CZE,,10672118.0,290527550627.221,,26100.0,,,,74.377,,1.0,1.0,13.0,62.0,,,,,,14833.0,,,,,563.0,,,,,,,,,,,,,,,,,,,,,,,,,,,,,56348.0,,,,36504.0,26300.0,210800.0,,,,,,
2023,Europe and Central Asia,Czech Red Cross,Czech Republic,CZE,,,,,,,,,,,0.0,0.0,13.0,417.0,61.0,,,,,13711.0,,,,,636.0,5191219.0,137859000.0,5278053.0,140165000.0,7397785.0,196457000.0,68948.0,1831000.0,,,,,,,,,150775.0,4004000.0,418245.0,11107000.0,,,,,,,3295954.0,87528000.0,62922.0,,,,6415.0,18846.0,75384.0,,,,,,
2024,Europe and Central Asia,Czech Red Cross,Czech Republic,CZE,,,,,,,,,,,,,,,,,,,,,,,,,,,,,,,,,,,,,,,,,,,,,,,,,,,,,,,,,,,,,,,,,,
2010,Europe and Central Asia,German Red Cross,Germany,DEU,DDE001,81776930.0,3399667820000.01,,44680.0,79.9878,4.2,,76.966,6.0,,,,,,,,,,412281.0,,,,,,0.0,,0.0,,,,,,,,,,,,,,,,,,0.0,,,,,,,,,,,,,,,,,,,,
2012,Europe and Central Asia,German Red Cross,Germany,DEU,DDE001,80425823.0,3527143188785.16,,46560.0,80.539,4.0,,77.17,5.0,,,,5085.0,,,,,,398000.0,,,,,142723.0,7271891987.0,6021126563.0,7271891987.0,6021126563.0,,,,,,,,,,,,,,,,,8027778.0,6647000.0,,,,,,,,,,,,,,,,,,,
2013,Europe and Central Asia,German Red Cross,Germany,DEU,DDE001,80645605.0,3733804649549.0303,,47220.0,80.4902,4.0,,77.18,5.0,,,,5065.0,,,,,,398000.0,,,,,149869.0,8042155085.0,6559985901.0,8042155085.0,6559985901.0,,,,,,,,,,,,,,,,,9966626.0,8129777.0,,,,,,,,,,,,,,,,,,,
2014,Europe and Central Asia,German Red Cross,Germany,DEU,DDE001,80982500.0,3889093051023.52,,47640.0,81.0902,4.0,,77.19,5.0,,,,5024.0,,,,,,398000.0,,,,,149694.0,8061166492.0,6700554446.0,8061166492.0,6700554446.0,,,,,,,,,,,,,,,,,19566840.0,16264231.0,,,,,,,,,,,,,,,,,,,
2015,Europe and Central Asia,German Red Cross,Germany,DEU,DDE001,81686611.0,3357585719351.56,,45780.0,80.6415,3.9,,77.2,5.0,,,,4931.0,,,,,,410000.0,,,,,158000.0,7744235815.0,7141362546.0,7744235815.0,7141362546.0,,,,,,,,,,,,,,,,,0.0,,,,,,,,,,,,,,,,,,,,
2016,Europe and Central Asia,German Red Cross,Germany,DEU,,82348669.0,3469853463945.53,,44280.0,80.9902,3.9,,77.224,5.0,,,,4908.0,,,,,,410000.0,,,,,158000.0,184298037.0,171915000.0,181999605.0,169771000.0,47291531.0,44114000.0,0.0,0.0,567104.0,529000.0,0.0,0.0,0.0,0.0,10185357.0,9501000.0,0.0,0.0,0.0,0.0,0.0,0.0,288376.0,269000.0,0.0,0.0,0.0,0.0,,,,,,,,,,,,,
2017,Europe and Central Asia,German Red Cross,Germany,DEU,,82657002.0,3690849152517.6494,,43760.0,80.9927,3.9,,77.261,5.0,1.0,1.0,32.0,4905.0,,,,,,425000.0,,,,,164200.0,8913156881.0,7620512250.0,8913156881.0,7620512250.0,,,,,,,,,,,,,,,,,,,,,,,,,1738246.0,,,,0.0,0.0,0.0,0.0,,,,,
2018,Europe and Central Asia,German Red Cross,Germany,DEU,,82905782.0,3974443355019.6,,47490.0,80.8927,3.8,,77.312,5.0,1.0,1.0,13.0,4773.0,,,,,,435131.0,,,,,177693.0,9294450461.0,8247584554.0,9294450461.0,8247584554.0,,,,,,,,,,,,,,,,,,,,,,,,,1770000.0,,,,0.0,0.0,0.0,0.0,,,,,
2019,Europe and Central Asia,German Red Cross,Germany,DEU,,83092962.0,3889177589254.9,16.1,49410.0,81.2927,3.7,,77.376,4.0,,,13.0,4732.0,,,,,443334.0,443334.0,,,,180309.0,180309.0,9569619952.0,8780176704.0,9569619952.0,8780176704.0,,,,,,,,,,,,,,,,,,,,,,,,,1800000.0,,1800000.0,,,,,,,,,,
2020,Europe and Central Asia,German Red Cross,Germany,DEU,,83160871.0,3887727161914.4097,16.0,47970.0,81.0415,3.6,,77.453,4.0,,,13.0,4615.0,,,,,430846.0,430846.0,,,,183684.0,183684.0,9924769909.0,9200932546.0,9924769909.0,9200932546.0,,,,,,,,,,,,,,,,,,,,,,,,,1800000.0,,1800000.0,,72920.0,420335.0,420335.0,1342509.0,,,,,
2021,Europe and Central Asia,German Red Cross,Germany,DEU,,83196078.0,4278503934689.8496,14.7,52050.0,80.901,3.6,,77.544,,1.0,1.0,14.0,4578.0,,,,,,432414.0,,,,,189787.0,10504893311.0,9779162131.0,10504893311.0,9779162131.0,,,,,,,,,,,,,,,,,,,,,,,,,1800000.0,,,,13000.0,440070.0,440070.0,642573.0,,,,,
2022,Europe and Central Asia,German Red Cross,Germany,DEU,,83797985.0,4082469490797.68,,54030.0,,,,77.648,,0.0,0.0,13.0,4494.0,,,,,,442298.0,,,,,193773.0,9895080546.0,9895080546.0,9895080546.0,9895080546.0,,,,,,,,,,,,,,,,,,,,,,,,,1800000.0,,,,,527995.0,527995.0,345424.0,,,,,
2023,Europe and Central Asia,German Red Cross,Germany,DEU,,,,,,,,,,,0.0,1.0,13.0,4433.0,1.0,,,,,452840.0,,,,,200541.0,9675707959.0,10402834911.0,9675707959.0,10402834911.0,,,,,,,,,,,,,,,,,,,,,,,,,1800000.0,,,,,454686.0,454686.0,321883.0,,,,,
2024,Europe and Central Asia,German Red Cross,Germany,DEU,,,,,,,,,,,0.0,1.0,13.0,4378.0,1.0,,,,,457414.0,,,,,211836.0,10503681894.0,11162738655.0,10503681894.0,11162738655.0,,,,,,,,,,,,,,,,,,,,,,,,,1700000.0,,,,,895505.0,895505.0,593930.0,,,,,
2012,Africa,Red Crescent Society of Djibouti,Djibouti,DJI,DDJ001,954297.0,1353632941.5207,,,60.848,72.2,,77.138,257.0,,,,,,,,,,253.0,,,,,,0.0,,0.0,,,,,,,,,,,,,,,,,,0.0,,,,,,,,,,,,,,,,,,,,
2013,Africa,Red Crescent Society of Djibouti,Djibouti,DJI,DDJ001,971753.0,2042817162.8564,,,61.221,69.9,,77.222,246.0,,,,6.0,,,,,,253.0,,,,,,0.0,,0.0,,,,,,,,,,,,,,,,,,0.0,,,,,,,,,,,,,,,,,,,,
2014,Africa,Red Crescent Society of Djibouti,Djibouti,DJI,DDJ001,989087.0,2214679081.2566,,,61.641,67.8,,77.314,236.0,,,,6.0,,66.0,34.0,,,100.0,22.0,10.0,,,32.0,836806.0,150000000.0,824885.0,147863125.0,,,,,,,,,,,,,,,,,0.0,,,,,,,,,,,,,,,,,,,,
2015,Africa,Red Crescent Society of Djibouti,Djibouti,DJI,DDJ001,1006259.0,2424391785.439,,2410.0,61.957,65.6,,77.417,244.0,,,,6.0,,115.0,58.0,,,173.0,31.0,14.0,,,45.0,939385.0,168064478.0,966786.0,172966629.0,,,,,,,,,,,,,,,,,0.0,,,,,,,,,,,,12106.0,,,,,,,,
2016,Africa,Red Crescent Society of Djibouti,Djibouti,DJI,,1023261.0,2604955228.7012,,2510.0,62.191,63.8,,77.528,251.0,,,,6.0,,189.0,90.0,,,279.0,27.0,8.0,,,35.0,691872.0,119908409.0,716835.0,124234798.0,0.0,0.0,0.0,0.0,0.0,0.0,0.0,0.0,0.0,0.0,0.0,0.0,56777.0,9840000.0,0.0,0.0,144576.0,25056478.0,81658.0,14152131.0,256077.0,44380808.0,0.0,0.0,445.0,192.0,,253.0,0.0,122.0,854.0,980.0,,,,,
2017,Africa,Red Crescent Society of Djibouti,Djibouti,DJI,,1040233.0,2762581334.2261,21.1,2590.0,62.797,61.9,,77.648,247.0,1.0,1.0,6.0,6.0,,60.0,30.0,,0.0,90.0,19.0,9.0,,0.0,28.0,448072.0,81408509.0,448072.0,81408509.0,3532.0,641710.0,0.0,0.0,0.0,0.0,0.0,0.0,0.0,0.0,0.0,0.0,0.0,0.0,22264.0,4045000.0,110648.0,20103208.0,1045.0,189916.0,200316.0,36394687.0,0.0,0.0,170.0,110.0,0.0,60.0,206.0,0.0,0.0,0.0,,,,,
2018,Africa,Red Crescent Society of Djibouti,Djibouti,DJI,,1057198.0,2913466732.1251,,2750.0,63.038,59.9,,77.777,257.0,1.0,1.0,8.0,6.0,,240.0,129.0,,,369.0,19.0,12.0,,,31.0,695802.0,125573448.0,746978.0,134809276.0,,,,,,,173209.0,31259521.0,,,,,,,,,118859.0,21450893.0,23114.0,4171432.0,184554.0,33306895.0,,,113.0,52.0,,61.0,,,,,,,,,
2019,Africa,Red Crescent Society of Djibouti,Djibouti,DJI,,1073994.0,3088853638.5683,,2940.0,63.085,57.9,,77.915,244.0,,,,,,,,,,,,,,,,,,,,,,,,,,,,,,,,,,,,,,,,,,,,,,,,,,,,,,,,
2020,Africa,Red Crescent Society of Djibouti,Djibouti,DJI,,1090156.0,3185150981.0321,,2940.0,62.694,56.0,,78.062,234.0,,,,,,,,,,,,,,,,,,,,,,,,,,,,,,,,,,,,,,,,,,,,,,,,,,,,,,,,
2021,Africa,Red Crescent Society of Djibouti,Djibouti,DJI,,1105557.0,3385825228.87,,3160.0,62.305,54.1,,78.217,,1.0,1.0,4.0,5.0,,43.0,76.0,,,119.0,22.0,9.0,,,31.0,889112.0,172844401.0,858008.0,166797750.0,,,,,,,38442.0,7473250.0,,,,,52604.0,10226361.0,,,31173.0,6060122.0,312044.0,60661750.0,227547.0,44235494.0,,,376.0,151.0,,225.0,,,,1222.0,,,,,
2022,Africa,Red Crescent Society of Djibouti,Djibouti,DJI,,1120849.0,3515108859.9547,,3310.0,,,,78.38,,1.0,1.0,4.0,5.0,,48.0,92.0,,,140.0,24.0,10.0,,,34.0,1230188.0,237076165.0,852590.0,164307109.0,,,,,117413.0,22627203.0,177713.0,34248066.0,,,,,,,,,,,424620.0,81830765.0,304188.0,58621699.0,,,41.0,,,,30000.0,,,17447.0,,,,,
2023,Africa,Red Crescent Society of Djibouti,Djibouti,DJI,,,,,,,,,,,1.0,1.0,6.0,6.0,5.0,591.0,409.0,,,1000.0,29.0,12.0,,,41.0,1088554.0,230040988.0,1088554.0,230040988.0,,,,,80443.0,16999875.0,,,,,156111.0,32990423.0,,,,,17656.0,3731154.0,429213.0,90704443.0,235024.0,49666927.0,,,205.0,16.0,147.0,42.0,,,,50653.0,,,,,
2024,Africa,Red Crescent Society of Djibouti,Djibouti,DJI,,,,,,,,,,,0.0,1.0,5.0,6.0,5.0,,,,,1000.0,26.0,14.0,,,40.0,1389616.0,273705465.0,1309764.0,257977574.0,,,,,,,188282.0,37084860.0,35413.0,6975073.0,,,,,,,236833.0,46647759.0,602148.0,118601905.0,57290.0,11284181.0,38078.0,7500000.0,321.0,89.0,43.0,189.0,,4.0,4.0,15186.0,,,,,
2009,Europe and Central Asia,Danish Red Cross,Denmark,DNK,DDK001,5523095.0,321241303699.006,13.3,60090.0,78.5976,4.2,,86.654,6.0,,,,220.0,,,,,,15464.0,,,,,791.0,165768992.0,828530000.0,173450511.0,866923000.0,,,,,,,,,,,,,,,,,3217022.0,16079000.0,,,,,,,,,,,101600.0,,,,,,,,
2010,Europe and Central Asia,Danish Red Cross,Denmark,DNK,DDK001,5547683.0,321995279401.502,,61220.0,79.1,4.1,,86.795,7.0,,,,,,,,,,20000.0,,,,,,0.0,,0.0,,,,,,,,,,,,,,,,,,0.0,,,,,,,,,,,,,,,,,,,,
2012,Europe and Central Asia,Danish Red Cross,Denmark,DNK,DDK001,5591572.0,327148943812.137,,61650.0,80.0512,4.1,,87.142,6.0,,,,220.0,,,,,,28500.0,,,,,795.0,174611661.0,1078331775.0,174096430.0,1075149915.0,,,,,,,,,,,,,,,,,0.0,,,,,,,,,,,,4302873.0,,,,,,,,
2013,Europe and Central Asia,Danish Red Cross,Denmark,DNK,DDK001,5614932.0,343584391647.927,,63200.0,80.3,4.1,,87.292,5.0,,,,220.0,,,,,,27549.0,,,,,1097.0,182539943.0,1110500000.0,174847130.0,1063700000.0,,,,,,,,,,,,,,,,,0.0,,,,,,,,,,,,,,,,,,,,
2014,Europe and Central Asia,Danish Red Cross,Denmark,DNK,DDK001,5643475.0,352993631617.708,,63670.0,80.7,4.1,,87.41,5.0,,,,220.0,,,,,,25698.0,,,,,985.0,198214484.0,1225800000.0,182691079.0,1129800000.0,,,,,,,,,,,,,,,,,3528502.0,21821000.0,,,,,,,,,,,,,,,,,,,
2015,Europe and Central Asia,Danish Red Cross,Denmark,DNK,DDK001,5683483.0,302673070846.857,,60510.0,80.7024,4.1,,87.526,6.0,,,,213.0,,,,,,30611.0,,,,,1097.0,160044768.0,1101100000.0,160995357.0,1107640000.0,,,,,,,,,,,,,,,,,6328534.0,43540000.0,,,,,,,,,,,,,,,,,,,
2016,Europe and Central Asia,Danish Red Cross,Denmark,DNK,,5728010.0,313115929314.339,,58040.0,80.8537,4.0,,87.642,5.0,,,,208.0,,,,,,33000.0,,,,,1429.0,235923206.0,1635811000.0,233584902.0,1619598000.0,24785039.0,171851000.0,,,,,19824598.0,137457000.0,,,8509216.0,59000000.0,,,27039260.0,187481000.0,,,,,,,7932320.0,55000000.0,51267.0,,,,4924.0,0.0,0.0,0.0,,,,,
2017,Europe and Central Asia,Danish Red Cross,Denmark,DNK,,5764980.0,332121063806.391,,56690.0,81.1024,4.0,,87.757,5.0,1.0,1.0,16.0,206.0,,3975.0,14614.0,,15025.0,33614.0,457.0,726.0,,0.0,1183.0,255168751.0,1623872000.0,251554465.0,1600871000.0,24455.0,155631.0,3144.0,20010.0,8222.0,52324.0,1677.0,10671.0,0.0,0.0,0.0,0.0,0.0,0.0,35581.0,226433.0,10755.0,68447.0,665.0,4229.0,0.0,0.0,53574.0,340938.0,100397.0,,,,6767.0,0.0,0.0,770.0,,,,,
2018,Europe and Central Asia,Danish Red Cross,Denmark,DNK,,5793636.0,356841216410.068,,61260.0,80.9537,3.9,,87.874,5.0,1.0,1.0,16.0,204.0,,4355.0,15813.0,,14334.0,34502.0,376.0,577.0,,,953.0,216094813.0,1431082000.0,215984884.0,1430354000.0,23389602.0,154897000.0,1890986.0,12523000.0,6258387.0,41446000.0,1971469.0,13056000.0,,,,,,,33924942.0,224667000.0,,,14309006.0,94761000.0,,,7854317.0,52015000.0,100262.0,,,,0.0,0.0,0.0,0.0,,,,,
2019,Europe and Central Asia,Danish Red Cross,Denmark,DNK,,5814422.0,346498737961.635,12.1,63140.0,81.4512,3.8,,87.994,5.0,,,16.0,204.0,,,,,34750.0,34750.0,357.0,568.0,,,925.0,215956026.0,1478523000.0,215422462.0,1474870000.0,22007.0,150670.0,3170.0,21703.0,2570.0,17592.0,2461.0,16849.0,,,,,,,35797.0,245080.0,,,,,,,13094.0,89645.0,100262.0,,100262.0,,30000.0,0.0,0.0,0.0,,,,,
2020,Europe and Central Asia,Danish Red Cross,Denmark,DNK,,5831404.0,354762748338.661,12.3,62540.0,81.6024,3.7,,88.116,5.0,,,16.0,203.0,,,,,32343.0,32343.0,185.0,353.0,,370.0,908.0,194373167.0,1338225000.0,192359753.0,1324363000.0,22203473.0,152867000.0,4041788.0,27827000.0,7096623.0,48859000.0,,,,,,,,,29130303.0,200557000.0,6960562.0,47922245.0,715347.0,4925035.0,387478.0,2667720.0,3399216.0,23403000.0,100000.0,,100000.0,,23000.0,,,,,,,,
2021,Europe and Central Asia,Danish Red Cross,Denmark,DNK,,5856733.0,405687998852.691,12.4,69780.0,81.4049,3.6,,88.24,,0.0,0.0,16.0,202.0,,,,,,31309.0,,,,,924.0,214466975.0,1484519000.0,209180277.0,1447925000.0,27397779.0,189644693.0,4667938.0,32311000.0,19606755.0,135716000.0,0.0,0.0,0.0,0.0,0.0,0.0,0.0,0.0,31923026.0,220968000.0,5234895.0,36235420.0,196750.0,1361886.0,0.0,0.0,3867002.0,26767000.0,100000.0,,,,39507.0,,,,,,,,
2022,Europe and Central Asia,Danish Red Cross,Denmark,DNK,,5903037.0,400167196948.707,,73520.0,,,,88.367,,0.0,0.0,16.0,202.0,,,,,,43324.0,,,,,1013.0,281333536.0,2027746000.0,268824141.0,1937583000.0,45452388.0,327603668.0,11039146.0,79566000.0,33166876.0,239054332.0,0.0,0.0,0.0,0.0,0.0,0.0,0.0,0.0,39026043.0,281285000.0,19817935.0,142840200.0,5610753.0,40440194.0,9311.0,67113.0,4533811.0,32678000.0,45000.0,,,,28857.0,,,,,,,,
2023,Europe and Central Asia,Danish Red Cross,Denmark,DNK,,,,,,,,,,,0.0,0.0,16.0,202.0,201.0,,,,,42533.0,,,,,985.0,270067319.0,2164105000.0,253585152.0,2032030000.0,45136996.0,361692039.0,7824584.0,62700003.0,21397798.0,171464958.0,0.0,0.0,0.0,0.0,0.0,0.0,0.0,0.0,37677430.0,301917000.0,13492440.0,108117694.0,6515206.0,52207690.0,285482.0,2287625.0,7913812.0,63415000.0,50000.0,,,,5360.0,,,,,,,,
2024,Europe and Central Asia,Danish Red Cross,Denmark,DNK,,,,,,,,,,,0.0,0.0,16.0,201.0,201.0,,,,,40000.0,,,,,942.0,244527681.0,1940000000.0,237721241.0,1886000000.0,11607631.0,92091020.0,630226.0,5000000.0,,,,,,,,,,,44746045.0,355000000.0,,,,,,,80027227.0,634908980.0,48747.0,,,,9063.0,,,,,,,,
2012,Americas,Dominica Red Cross Society,Dominica,DMA,DDM001,68888.0,485996296.2963,,7060.0,70.538,27.2,,68.685,,,,,27.0,,59.0,173.0,,,232.0,,,,,3.0,180236.0,530164.0,200975.0,591169.0,,,,,,,,,,,,,,,,,0.0,,,,,,,,,,,,3000.0,,,,,,,,
2013,Americas,Dominica Red Cross Society,Dominica,DMA,DDM001,68819.0,498296296.2963,,6910.0,68.896,28.5,,68.982,,,,,14.0,,71.0,193.0,,,264.0,3.0,2.0,,,5.0,184141.0,554928.0,182168.0,548982.0,,,,,,,,,,,,,,,,,0.0,,,,,,,,,,,,0.0,,,,,,,,
2014,Americas,Dominica Red Cross Society,Dominica,DMA,DDM001,69371.0,520429629.6296,,7210.0,69.434,29.9,,69.28,,,,,10.0,,71.0,193.0,,,264.0,2.0,2.0,,,4.0,353016.0,961059.0,355519.0,967873.0,,,,,,,,,,,,,,,,,0.0,,,,,,,,,,,,136.0,,,,,,,,
2015,Americas,Dominica Red Cross Society,Dominica,DMA,DDM001,70007.0,540737037.037,,7030.0,68.727,31.2,,69.579,,,,,10.0,,81.0,203.0,,,284.0,4.0,3.0,,,7.0,306369.0,832347.0,300057.0,815199.0,,,,,,,,,,,,,,,,,0.0,,,,,,,,,,,,4320.0,,,,,,,,
2016,Americas,Dominica Red Cross Society,Dominica,DMA,,70075.0,576229629.6296,,7400.0,70.128,32.5,,69.88,,,,,10.0,,14.0,44.0,,,58.0,4.0,3.0,,,7.0,407362.0,1067883.0,428923.0,1124404.0,0.0,0.0,0.0,0.0,0.0,0.0,0.0,0.0,0.0,0.0,0.0,0.0,0.0,0.0,23498.0,61600.0,78781.0,206521.0,0.0,0.0,0.0,0.0,0.0,0.0,128.0,71.0,,57.0,795.0,45.0,45.0,0.0,,,,,
2017,Americas,Dominica Red Cross Society,Dominica,DMA,,70403.0,521551851.8519,,7380.0,67.525,33.6,,70.181,,1.0,1.0,6.0,10.0,,14.0,44.0,,0.0,58.0,2.0,2.0,,0.0,4.0,473818.0,1304586.0,220811.0,607969.0,0.0,0.0,0.0,0.0,0.0,0.0,0.0,0.0,0.0,0.0,0.0,0.0,298173.0,820975.0,0.0,0.0,,,0.0,0.0,0.0,0.0,123977.0,341351.0,128.0,71.0,0.0,57.0,795.0,45.0,45.0,0.0,,,,,
2018,Americas,Dominica Red Cross Society,Dominica,DMA,,70823.0,554770370.3704,,7890.0,73.59,34.5,,70.483,,1.0,1.0,9.0,8.0,,69.0,179.0,,0.0,248.0,5.0,7.0,,0.0,12.0,526194.0,1442899.0,562217.0,1541680.0,3932.0,10783.0,5575.0,15288.0,7675.0,21045.0,8342.0,22876.0,,,,,,,26135.0,71667.0,54668.0,149908.0,308510.0,845978.0,,,124483.0,341351.0,127.0,,,,267.0,47.0,47.0,5000.0,,,,,
2019,Americas,Dominica Red Cross Society,Dominica,DMA,,71428.0,611537037.037,,8240.0,73.559,35.2,,70.786,,,,9.0,9.0,,39.0,152.0,,0.0,191.0,6.0,7.0,,0.0,13.0,404457.0,1119535.0,458856.0,1270112.0,3848.0,10650.0,0.0,0.0,0.0,0.0,0.0,0.0,0.0,0.0,0.0,0.0,0.0,0.0,28658.0,79324.0,12106.0,33508.0,345103.0,955245.0,0.0,0.0,4146.0,11475.0,261.0,0.0,261.0,0.0,490.0,67.0,67.0,170.0,,,,,
2020,Americas,Dominica Red Cross Society,Dominica,DMA,,71995.0,504214814.8148,,7140.0,73.649,35.6,,71.09,,,,9.0,10.0,,39.0,161.0,,,200.0,4.0,6.0,,,10.0,364356.0,1068234.0,402269.0,1179386.0,0.0,0.0,0.0,0.0,0.0,0.0,0.0,0.0,0.0,0.0,0.0,0.0,0.0,0.0,19871.0,58259.0,14057.0,41213.0,324246.0,950637.0,0.0,0.0,554.0,1625.0,236.0,,236.0,,512.0,66.0,66.0,70808.0,,,,,
2021,Americas,Dominica Red Cross Society,Dominica,DMA,,72412.0,555266666.6667,,7790.0,72.814,35.9,,71.395,,0.0,1.0,10.0,10.0,,,,,,200.0,2.0,4.0,,,6.0,490183.0,1447783.0,446001.0,1317290.0,,,,,,,,,,,,,,,15032.0,44397.0,,,351736.0,1038872.0,,,117092.0,345839.0,345.0,,,,20.0,20.0,307.0,265.0,,,,,
2022,Americas,Dominica Red Cross Society,Dominica,DMA,,72737.0,607440740.7407,,8430.0,,,,71.7,,0.0,1.0,10.0,10.0,,,,,,200.0,2.0,4.0,,,6.0,,,,,,,,,,,,,,,,,,,,,,,,,,,,,426.0,338.0,,88.0,11.0,11.0,296.0,19.0,,,,,
2023,Americas,Dominica Red Cross Society,Dominica,DMA,,,,,,,,,,,0.0,1.0,10.0,11.0,11.0,84.0,234.0,,,318.0,,,,,6.0,415602.0,415602.0,625977.0,625977.0,,,,,,,,,,,,,,,113717.0,113717.0,,,175358.0,175358.0,,,110027.0,110027.0,277.0,,,,55.0,55.0,55.0,215.0,,,,,
2024,Americas,Dominica Red Cross Society,Dominica,DMA,,,,,,,,,,,0.0,0.0,10.0,12.0,11.0,,,,,350.0,,,,,3.0,173783.0,173783.0,107091.0,107091.0,,,,,,,,,,,,,,,,,,,,,,,,,50.0,,,,,10.0,10.0,66.0,,,,,
2011,Americas,Dominican Red Cross,Dominican Republic,DOM,DDO001,9903737.0,58029773599.455,,5490.0,72.221,35.2,90.11,74.827,93.0,,,,117.0,,,,,,6021.0,,,,,237.0,2770686.0,112742000.0,2990637.0,121692000.0,,,,,,,,,,,,,,,,,0.0,,,,,,,,,,,,,,,,,,,,
2012,Americas,Dominican Red Cross,Dominican Republic,DOM,DDO001,10030882.0,60681535652.5373,,5730.0,72.514,35.1,90.16,75.802,91.0,,,,127.0,,,,,,14045.0,,,,,224.0,2966824.0,130613855.0,2694189.0,118611117.0,,,,,,,,,,,,,,,,,0.0,,,,,,,,,,,,,,,,,,,,
2013,Americas,Dominican Red Cross,Dominican Republic,DOM,DDO001,10157051.0,62682159338.0354,,5970.0,72.713,35.1,90.86,76.749,93.0,,,,137.0,,,,,,,,,,,221.0,2737662.0,129850330.0,2785585.0,132123381.0,,,,,,,,,,,,,,,,,0.0,,,,,,,,,,,,,,,,,,,,
2014,Americas,Dominican Red Cross,Dominican Republic,DOM,DDO001,10282115.0,67179955677.2791,,6260.0,72.867,35.1,91.76,77.67,96.0,,,,137.0,,,,,,16302.0,,,,,423.0,0.0,,0.0,,,,,,,,,,,,,,,,,,0.0,,,,,,,,,,,,,,,,,,,,
2015,Americas,Dominican Red Cross,Dominican Republic,DOM,DDO001,10405832.0,71164826836.5281,,6500.0,72.953,35.1,91.99,78.566,99.0,,,,176.0,,,,,,7140.0,,,,,634.0,5542687.0,5542687.0,5688498.0,5688498.0,,,,,,,,,,,,,,,,,0.0,,,,,,,,,,,,,,,,,,,,
2016,Americas,Dominican Red Cross,Dominican Republic,DOM,,10527592.0,75704647877.6559,,6780.0,72.987,35.1,93.78,79.436,102.0,,,,188.0,,,,,,20000.0,,,,,634.0,5566485.0,250044259.0,5238799.0,235324730.0,,,,,,,,,,,,,,,,,,,,,,,,,,,,,,,,,,,,,
2017,Americas,Dominican Red Cross,Dominican Republic,DOM,,10647244.0,79998046305.79,25.6,7000.0,73.063,35.1,,80.277,104.0,0.0,1.0,12.0,188.0,,,,,,20000.0,,,,,,,,,,,,,,,,,,,,,,,,,,,,,,,,,,,,,,,,,,,,,,
2018,Americas,Dominican Red Cross,Dominican Republic,DOM,,10765531.0,85555390139.118,22.8,7680.0,73.232,34.8,,81.074,109.0,0.0,1.0,12.0,188.0,,,,,,20000.0,,,,,,,,,,,,,,,,,,,,,,,,,,,,,,,,,,,,,,,,,,,,,,
2019,Americas,Dominican Red Cross,Dominican Republic,DOM,,10881882.0,88941372558.2397,21.0,7990.0,73.577,34.3,,81.828,103.0,,,,178.0,,,,,,,,,,,,,,,,,,,,,,,,,,,,,,,,,,,,,,,,,,,,,,,,,,,,
2020,Americas,Dominican Red Cross,Dominican Republic,DOM,,10999664.0,78844656298.1776,23.4,7170.0,72.889,33.7,,82.54,107.0,,,12.0,170.0,,7893.0,6800.0,,,14693.0,437.0,431.0,,,868.0,12155234.0,766311544.0,10430501.0,657577918.0,,,171310.0,10800000.0,0.0,0.0,,,,,,,10549478.0,665078658.0,,,26648.0,1680000.0,341985.0,21560000.0,8883.0,560000.0,,,354.0,147.0,2.0,205.0,18976.0,11121.0,11121.0,1035533.0,,,,,
2021,Americas,Dominican Red Cross,Dominican Republic,DOM,,11117873.0,94243425938.3647,23.9,8100.0,72.615,33.0,,83.213,,1.0,1.0,12.0,125.0,,7094.0,6910.0,,,14004.0,485.0,495.0,,,980.0,12318896.0,761648101.0,11715741.0,724356452.0,26383.0,1631210.0,20267.0,1253051.0,,,,,,,,,11515942.0,712003318.0,,,65166.0,4029082.0,30515.0,1886644.0,3141.0,194174.0,,,1609.0,625.0,2.0,982.0,,4134.0,4134.0,3517845.0,,,,,
2022,Americas,Dominican Red Cross,Dominican Republic,DOM,,11228821.0,113537368176.13,,9050.0,,,95.5,83.848,,1.0,1.0,13.0,145.0,,7955.0,6909.0,,,14864.0,692.0,483.0,,,1175.0,17315647.0,989804900.0,15369162.0,878539054.0,2724810.0,155756847.0,36944.0,2111800.0,0.0,,9822.0,561471.0,,,37035.0,2117022.0,12469946.0,712812751.0,223930.0,12800380.0,72159.0,4124762.0,410906.0,23488398.0,3397.0,194174.0,172958.0,9886676.0,4308.0,2004.0,,2304.0,543495.0,1326.0,1326.0,2253037.0,,,,,
2023,Americas,Dominican Red Cross,Dominican Republic,DOM,,,,,,,,,,,0.0,0.0,12.0,157.0,157.0,,,,,11252.0,,,,,1300.0,12478739.0,881889710.0,12183432.0,861019914.0,53770.0,3800000.0,,,,,,,,,,,10398852.0,734901208.0,,,2199.0,155435.0,17114.0,1209497.0,,,,,1020.0,,,,396047.0,375184.0,1033398.0,73766.0,,,,,
2024,Americas,Dominican Red Cross,Dominican Republic,DOM,,,,,,,,,,,0.0,0.0,12.0,157.0,157.0,,,,,11252.0,,,,,1300.0,14683683.0,977764890.0,13866639.0,923359133.0,,,,,,,73160.0,4871602.0,,,,,13332621.0,887799661.0,,,4058.0,270205.0,312143.0,20785125.0,11801.0,785805.0,,,,,,,,,,,,,,,
2010,Middle East and North Africa,Algerian Red Crescent,Algeria,DZA,DDZ001,35856344.0,161207307027.185,,4490.0,73.808,27.8,,67.54,112.0,,,,,,,,,,16000.0,,,,,,0.0,,0.0,,,,,,,,,,,,,,,,,,0.0,,,,,,,,,,,,,,,,,,,,
2012,Middle East and North Africa,Algerian Red Crescent,Algeria,DZA,DDZ001,37260563.0,209059080929.499,,5220.0,74.202,26.5,,68.915,99.0,,,,48.0,,,,,,76.0,,,,,75.0,0.0,,0.0,,,,,,,,,,,,,,,,,,0.0,,,,,,,,,,,,,,,,,,,,
2013,Middle East and North Africa,Algerian Red Crescent,Algeria,DZA,DDZ001,38000626.0,209755003250.664,,5540.0,74.615,26.1,,69.576,94.0,,,,48.0,,,,,,25000.0,,,,,78.0,0.0,,0.0,,,,,,,,,,,,,,,,,,0.0,,,,,,,,,,,,,,,,,,,,
2014,Middle East and North Africa,Algerian Red Crescent,Algeria,DZA,DDZ001,38760168.0,213809979836.314,,5510.0,75.11,25.7,,70.221,86.0,,,,48.0,,,,,,,,,,,,0.0,,0.0,,,,,,,,,,,,,,,,,,0.0,,,,,,,,,,,,,,,,,,,,
2015,Middle East and North Africa,Algerian Red Crescent,Algeria,DZA,DDZ001,39543154.0,165979224866.131,,4880.0,75.622,25.3,,70.848,89.0,,,,48.0,,,,,,,,,,,,0.0,,0.0,,,,,,,,,,,,,,,,,,0.0,,,,,,,,,,,,,,,,,,,,
2016,Middle East and North Africa,Algerian Red Crescent,Algeria,DZA,,40339329.0,160034212126.018,,4400.0,75.732,24.9,,71.459,89.0,,,,48.0,,,,,,,,,,,,,,,,,,,,,,,,,,,,,,,,,,,,,,,,,,,,,,,,,,,,
2017,Middle East and North Africa,Algerian Red Crescent,Algeria,DZA,,41136546.0,170096988531.906,,3970.0,75.743,24.5,,72.052,89.0,1.0,1.0,8.0,48.0,,,,,,,,,,,,,,,,,,,,,,,,,,,,,,,,,,,,,,,,,,,,,,,,,,,,
2018,Middle East and North Africa,Algerian Red Crescent,Algeria,DZA,,41927007.0,174910684781.571,,4010.0,76.066,24.0,81.41,72.629,79.0,0.0,0.0,,248.0,,,,,,,,,,,,,,,,,,,,,,,,,,,,,,,,,,,,,,,,,,,,,,,,,,,,
2019,Middle East and North Africa,Algerian Red Crescent,Algeria,DZA,,42705368.0,171760275466.61,,4050.0,76.474,23.5,,73.189,77.0,,,,36.0,,,,,,,,,,,,,,,,,,,,,,,,,,,,,,,,,,,,,,,,,,,,,,,,,,,,
2020,Middle East and North Africa,Algerian Red Crescent,Algeria,DZA,,43451666.0,145743542982.628,,3610.0,74.453,22.9,,73.733,78.0,,,4.0,48.0,,,,,20000.0,20000.0,,,,,,,,,,,,,,,,,,,,,,,,,,,,,,,,,,,,,,11663.0,,,,,,,,
2021,Middle East and North Africa,Algerian Red Crescent,Algeria,DZA,,44177969.0,163472387986.768,,3680.0,76.377,22.3,,74.261,,1.0,1.0,25.0,107.0,,20733.0,15634.0,,,36367.0,67.0,43.0,,,110.0,3807749.0,561614886.0,1631063.0,240569728.0,27670.0,4081112.0,37290.0,5500000.0,9858.0,1453935.0,390687.0,57623382.0,,,9858.0,1453935.0,,,,,49637.0,7321019.0,493185.0,72741169.0,,,1417.0,209000.0,6675.0,3151.0,,3524.0,12000.0,3000.0,6000.0,4000.0,,,,,
2022,Middle East and North Africa,Algerian Red Crescent,Algeria,DZA,,44903225.0,194998449769.085,,3920.0,,,,74.772,,,,,,,,,,,,,,,,,,,,,,,,,,,,,,,,,,,,,,,,,,,,,,,,,,,,,,,,,
2023,Middle East and North Africa,Algerian Red Crescent,Algeria,DZA,,,,,,,,,,,1.0,1.0,9.0,592.0,55.0,11184.0,8936.0,,,20120.0,70.0,61.0,,,131.0,4361050.0,4361050.0,2442992.0,2442992.0,,,,,,,,,,,,,,,,,,,,,,,,,,,,,,,,,,,,,
2024,Middle East and North Africa,Algerian Red Crescent,Algeria,DZA,,,,,,,,,,,,,,,,,,,,,,,,,,,,,,,,,,,,,,,,,,,,,,,,,,,,,,,,,,,,,,,,,,
2010,Americas,Ecuadorian Red Cross,Ecuador,ECU,DEC001,14989585.0,69555367000.0,32.8,4400.0,75.43,19.0,91.85,62.69,76.0,,,,24.0,,2350.0,2650.0,,,5000.0,92.0,154.0,,,246.0,8267027.0,8694432.0,7525110.0,7914158.0,,,,,,,,,,,,,,,,,1033065.0,1086474.0,,,,,,,,,,,21873.0,,,,,,,,
2011,Americas,Ecuadorian Red Cross,Ecuador,ECU,DEC001,15237728.0,79276664000.0,28.6,4880.0,75.743,18.1,91.59,62.851,73.0,,,,24.0,,2540.0,2765.0,,,5305.0,77.0,99.0,,,176.0,9298889.0,9857752.0,10010273.0,10611890.0,,,,,,,,,,,,,,,,,614344.0,651266.0,,,,,,,,,,,11099.0,,,,,,,,
2012,Americas,Ecuadorian Red Cross,Ecuador,ECU,DEC001,15483883.0,87924544000.0,27.3,5380.0,76.062,17.3,92.06,62.988,72.0,,,,24.0,,3112.0,2798.0,,,5910.0,328.0,376.0,,,704.0,12997943.0,14222349.0,12656098.0,13848302.0,,,,,,,,,,,,,,,,,1637490.0,1791742.0,,,,,,,,,,,70827.0,,,,,,,,
2013,Americas,Ecuadorian Red Cross,Ecuador,ECU,DEC001,15722989.0,95129659000.0,25.6,5800.0,76.369,16.6,93.29,63.125,72.0,,,,24.0,,2872.0,3237.0,,,6109.0,106.0,148.0,,,254.0,16174241.0,18131324.0,13614134.0,15261444.0,,,,,,,,,,,,,,,,,437760.0,490729.0,,,,,,,,,,,77516.0,,,,,,,,
2014,Americas,Ecuadorian Red Cross,Ecuador,ECU,DEC001,15957994.0,101726331000.0,22.5,6100.0,76.622,16.0,94.22,63.261,65.0,,,,110.0,,3318.0,3896.0,,,7214.0,340.0,389.0,,,729.0,20584084.0,20846119.0,19083297.0,19326227.0,,,,,,,,,,,,,,,,,433921.0,439445.0,,,,,,,,,,,9529.0,,,,,,,,
2015,Americas,Ecuadorian Red Cross,Ecuador,ECU,DEC001,16195902.0,99290381000.0,23.3,5980.0,76.789,15.4,94.46,63.398,66.0,,,,110.0,,3655.0,4288.0,,,7943.0,344.0,395.0,,,739.0,20881181.0,21103357.0,20308541.0,20524624.0,,,,,,,,,,,,,,,,,237910.0,240441.0,,,,,,,,,,,87320.0,,,,,,,,
2016,Americas,Ecuadorian Red Cross,Ecuador,ECU,,16439585.0,99937696000.0,22.9,5820.0,76.763,14.8,94.35,63.534,70.0,,,,110.0,,3713.0,4210.0,,,7923.0,357.0,395.0,,,752.0,26804298.0,26138804.0,26920531.0,26252151.0,21701.0,21162.0,4391755.0,4282717.0,20437.0,19930.0,781565.0,762160.0,0.0,0.0,0.0,0.0,1090716.0,1063636.0,14436137.0,14077718.0,1650428.0,1609451.0,2698394.0,2631399.0,120010.0,117030.0,1593157.0,1553602.0,600.0,340.0,,260.0,0.0,14992.0,14992.0,1387.0,,,,,
2017,Americas,Ecuadorian Red Cross,Ecuador,ECU,,16696944.0,104295862000.0,21.5,5890.0,76.972,14.4,92.83,63.67,69.0,1.0,1.0,18.0,106.0,,3693.0,4210.0,,0.0,7903.0,336.0,373.0,,0.0,709.0,23547966.0,24118637.0,22835623.0,23389031.0,1430.0,1465.0,1639525.0,1679258.0,0.0,0.0,953719.0,976832.0,0.0,0.0,0.0,0.0,14455113.0,14805424.0,2865657.0,2935105.0,1466928.0,1502478.0,1482497.0,1518424.0,107217.0,109815.0,575880.0,589836.0,492.0,374.0,0.0,118.0,14401.0,12973.0,60677.0,37429.0,,,,,
2018,Americas,Ecuadorian Red Cross,Ecuador,ECU,,17015672.0,107562008000.0,23.2,6110.0,77.094,13.9,,63.821,71.0,1.0,1.0,18.0,110.0,,3536.0,4178.0,,0.0,7714.0,360.0,382.0,,0.0,742.0,26126278.0,26534107.0,29845559.0,30311446.0,1287546.0,1307645.0,2121573.0,2154691.0,0.0,0.0,257082.0,261095.0,0.0,0.0,0.0,0.0,16535098.0,16793210.0,3473872.0,3528099.0,967336.0,982436.0,1261591.0,1281284.0,58355.0,59266.0,163824.0,166381.0,1450.0,800.0,0.0,650.0,16743.0,20149.0,48698.0,555323.0,,,,,
2019,Americas,Ecuadorian Red Cross,Ecuador,ECU,,17343740.0,108108009000.0,25.0,6100.0,77.297,13.4,,63.986,74.0,,,7.0,110.0,,3289.0,3932.0,,0.0,7221.0,368.0,390.0,,0.0,758.0,22879016.0,23455241.0,23390766.0,23979880.0,3865.0,3962.0,1599341.0,1639622.0,0.0,0.0,5247.0,5379.0,0.0,0.0,0.0,0.0,17740744.0,18187558.0,2207203.0,2262793.0,1119011.0,1147194.0,118658.0,121646.0,84948.0,87087.0,0.0,0.0,15000.0,8249.0,0.0,6751.0,208826.0,38497.0,192485.0,437238.0,,,,,
2020,Americas,Ecuadorian Red Cross,Ecuador,ECU,,17588595.0,99291124000.0,33.0,5530.0,72.153,12.9,93.63,64.166,66.0,,,15.0,102.0,,3203.0,3861.0,,,7064.0,99.0,132.0,,,231.0,20978474.0,22779785.0,21348699.0,23181800.0,568949.0,617802.0,2191572.0,2379751.0,,,60790.0,66010.0,,,,,12831621.0,13933405.0,1891491.0,2053903.0,1381197.0,1499793.0,1964270.0,2132932.0,88583.0,96189.0,,,13400.0,7133.0,,6267.0,86491.0,15192.0,15192.0,576433.0,,,,,
2021,Americas,Ecuadorian Red Cross,Ecuador,ECU,,17797737.0,106165866000.0,27.7,5960.0,73.67,12.5,94.48,64.361,,1.0,1.0,15.0,106.0,,3522.0,4603.0,,,8125.0,88.0,121.0,,,209.0,25043629.0,27395446.0,24034200.0,26291223.0,41920.0,45857.0,702747.0,768741.0,3501.0,3830.0,,,,,,,675724.0,739180.0,17724881.0,19389403.0,1590681.0,1740060.0,3170502.0,3468240.0,144084.0,157615.0,901361.0,986007.0,5412.0,2828.0,,2584.0,124135.0,17219.0,86095.0,705140.0,,,,,
2022,Americas,Ecuadorian Red Cross,Ecuador,ECU,,18001000.0,115049476000.0,25.2,6300.0,,,93.95,64.57,,1.0,1.0,13.0,106.0,,3406.0,4743.0,7.0,,8156.0,89.0,116.0,,,205.0,25262080.0,27395446.0,24243847.0,26291223.0,42286.0,45857.0,708877.0,768741.0,3532.0,3830.0,,,,,,,681618.0,739180.0,17879492.0,19389403.0,1604556.0,1740060.0,3198158.0,3468240.0,145341.0,157615.0,909224.0,986007.0,10500.0,5565.0,,4935.0,201259.0,17248.0,86240.0,356480.0,,,,,
2023,Americas,Ecuadorian Red Cross,Ecuador,ECU,,,,,,,,,,,1.0,1.0,50.0,138.0,24.0,3197.0,4648.0,,,7845.0,130.0,97.0,,,227.0,22148297.0,22148297.0,24424666.0,24424666.0,,,,,26081.0,26081.0,374633.0,374633.0,,,,,,,16803883.0,16803883.0,3520419.0,3520419.0,1106069.0,1106069.0,317212.0,317212.0,,,10700.0,5457.0,,5243.0,,25161.0,25161.0,79896.0,,,,,
2024,Americas,Ecuadorian Red Cross,Ecuador,ECU,,,,,,,,,,,1.0,1.0,51.0,200.0,24.0,2915.0,4393.0,106.0,0.0,7414.0,,,,,829.0,25286556.0,25286556.0,19914852.0,19914852.0,,,,,270666.0,270666.0,,,,,,,,,18996405.0,18996405.0,4436467.0,4436467.0,1094540.0,1094540.0,451586.0,451586.0,,,3210.0,1637.0,,1573.0,43574.0,28795.0,28795.0,30663.0,,,,,
2009,Europe and Central Asia,Estonian Red Cross,Estonia,EST,DEE001,1334515.0,19744110864.1289,15.8,14620.0,74.8244,5.0,,68.223,14.0,,,,16.0,,,,,,641.0,,,,,40.0,0.0,,0.0,,,,,,,,,,,,,,,,,,0.0,,,,,,,,,,,,,,,,,,,,
2010,Europe and Central Asia,Estonian Red Cross,Estonia,EST,DEE001,1331475.0,19523477325.6235,17.5,14580.0,75.4293,4.6,,68.094,8.0,,,,,,,,,,729.0,,,,,,0.0,,0.0,,,,,,,,,,,,,,,,,,0.0,,,,,,,,,,,,,,,,,,,,
2012,Europe and Central Asia,Estonian Red Cross,Estonia,EST,DEE001,1322696.0,23019150071.1867,18.6,16760.0,76.3268,3.9,,67.974,8.0,,,,16.0,,,,,,432.0,30.0,7.0,,,37.0,1091681.0,903912.0,1091681.0,903912.0,,,,,,,,,,,,,,,,,0.0,,,,,,,,,,,,0.0,,,,,,,,
2013,Europe and Central Asia,Estonian Red Cross,Estonia,EST,DEE001,1317997.0,25115753366.1114,21.8,18140.0,77.1415,3.6,,68.122,7.0,,,,16.0,,149.0,348.0,,,497.0,7.0,29.0,,,36.0,1161022.0,947046.0,1161022.0,947046.0,,,,,,,,,,,,,,,,,0.0,,,,,,,,,,,,0.0,,,,,,,,
2014,Europe and Central Asia,Estonian Red Cross,Estonia,EST,DEE001,1314545.0,26634083965.0987,21.6,18880.0,77.0341,3.4,,68.269,7.0,,,,16.0,,137.0,325.0,,,462.0,7.0,29.0,,,36.0,1206308.0,1002700.0,1206308.0,1002700.0,,,,,,,,,,,,,,,,,0.0,,,,,,,,,,,,0.0,,,,,,,,
2015,Europe and Central Asia,Estonian Red Cross,Estonia,EST,DEE001,1315407.0,22890762090.1508,21.7,18570.0,77.5902,3.1,,68.416,6.0,,,,16.0,,,,,,500.0,7.0,29.0,,,36.0,1139348.0,1050652.0,1139348.0,1050652.0,,,,,,,,,,,,,,,,,0.0,0.0,,,,,,,,,,,0.0,,,,,,,,
2016,Europe and Central Asia,Estonian Red Cross,Estonia,EST,,1315790.0,24072829276.7744,21.0,18290.0,77.6415,2.9,,68.563,6.0,,,,16.0,,88.0,250.0,,,338.0,7.0,28.0,,,35.0,1469979.0,1371211.0,1546855.0,1442921.0,77033.0,71857.0,0.0,0.0,0.0,0.0,0.0,0.0,0.0,0.0,0.0,0.0,172290.0,160714.0,0.0,0.0,0.0,0.0,0.0,0.0,0.0,0.0,30154.0,28128.0,19709.0,,,,0.0,0.0,0.0,3059.0,,,,,
2017,Europe and Central Asia,Estonian Red Cross,Estonia,EST,,1317384.0,26924385103.0659,21.9,18760.0,78.0927,2.7,,68.717,6.0,1.0,1.0,8.0,16.0,,,,,,459.0,7.0,28.0,,0.0,35.0,1661378.0,1420434.0,1605248.0,1372444.0,59864.0,51182.0,0.0,0.0,0.0,0.0,0.0,0.0,0.0,0.0,0.0,0.0,12471.0,10662.0,207697.0,177575.0,0.0,0.0,0.0,0.0,0.0,0.0,9895.0,8460.0,19834.0,,,,0.0,0.0,0.0,3600.0,,,,,
2018,Europe and Central Asia,Estonian Red Cross,Estonia,EST,,1321977.0,30624720196.229,21.7,21180.0,78.2439,2.5,,68.88,5.0,1.0,1.0,8.0,16.0,,,,,,490.0,7.0,28.0,,,35.0,1399494.0,1241864.0,,,63326.0,56193.0,,,,,,,,,,,,,,,,,,,,,136972.0,121544.0,17404.0,,,,0.0,0.0,0.0,3390.0,,,,,
2019,Europe and Central Asia,Estonian Red Cross,Estonia,EST,,1326898.0,31081901909.2156,20.7,23150.0,78.6463,2.3,,69.051,5.0,,,8.0,17.0,,0.0,0.0,,519.0,519.0,6.0,22.0,,0.0,28.0,1154663.0,1059409.0,1363690.0,1251193.0,87864.0,80616.0,,,,,,,,,,,259300.0,237909.0,,,,,,,,,,,13261.0,0.0,13261.0,0.0,0.0,0.0,0.0,0.0,,,,,
2020,Europe and Central Asia,Estonian Red Cross,Estonia,EST,,1329522.0,31370395572.7658,20.6,23470.0,78.5951,2.1,,69.229,5.0,,,8.0,17.0,,,,,316.0,316.0,6.0,23.0,,,29.0,1378599.0,1278054.0,1314466.0,1218599.0,23804.0,22068.0,51211.0,47476.0,,,,,,,,,135849.0,125941.0,158175.0,146639.0,,,,,,,300394.0,278486.0,6679.0,,6679.0,,0.0,0.0,0.0,12593.0,,,,,
2021,Europe and Central Asia,Estonian Red Cross,Estonia,EST,,1330932.0,37191166151.98,22.8,26270.0,76.7415,2.0,99.87,69.415,,1.0,1.0,5.0,17.0,,,,,,331.0,7.0,23.0,,,30.0,1647970.0,1534120.0,1519032.0,1414090.0,81016.0,75419.0,96925.0,90229.0,,,,,,,,,151881.0,141388.0,227855.0,212114.0,,,,,,,224656.0,209136.0,12113.0,,,,,,,14506.0,,,,,
2022,Europe and Central Asia,Estonian Red Cross,Estonia,EST,,1348840.0,38100812958.5196,,27120.0,,,,69.609,,1.0,1.0,5.0,17.0,,100.0,388.0,,,488.0,8.0,22.0,,,30.0,7427612.0,7196573.0,6378137.0,6179743.0,1965319.0,1904187.0,3723048.0,3607241.0,,,,,,,,,76638.0,74254.0,361013.0,349784.0,,,363838.0,352521.0,,,36358.0,35227.0,21059.0,,,,,,,1400.0,,,,,
2023,Europe and Central Asia,Estonian Red Cross,Estonia,EST,,,,,,,,,,,0.0,0.0,,,16.0,,,,,553.0,,,,,29.0,2201802.0,2367267.0,,,,,,,,,,,,,,,,,,,,,,,,,,,22159.0,,,,,,,,,,,,
2024,Europe and Central Asia,Estonian Red Cross,Estonia,EST,,,,,,,,,,,1.0,1.0,3.0,17.0,16.0,,,,,811.0,5.0,24.0,,,29.0,1770037.0,1881098.0,2220553.0,2359882.0,45494.0,48349.0,226654.0,240875.0,0.0,0.0,0.0,0.0,0.0,0.0,0.0,0.0,306822.0,326074.0,0.0,0.0,0.0,0.0,501803.0,533289.0,0.0,0.0,23777.0,25269.0,11243.0,,,,0.0,0.0,0.0,9000.0,,,,,
2010,Middle East and North Africa,Egyptian Red Crescent Society,Egypt,EGY,DEG001,87252413.0,218983666061.706,,2250.0,69.664,28.8,72.05,43.019,38.0,,,,79.0,,,,,,15000.0,,,,,2284.0,0.0,,0.0,,,,,,,,,,,,,,,,,,0.0,,,,,,,,,,,,,,,,,,,,
2011,Middle East and North Africa,Egyptian Red Crescent Society,Egypt,EGY,DEG001,89200054.0,235989672977.625,,2430.0,69.88,27.6,,43.0,34.0,,,,79.0,,,,,,16000.0,,,,,2284.0,2606145.0,16611049.0,2094170.0,13347822.0,,,,,,,,,,,,,,,,,0.0,,,,,,,,,,,,,,,,,,,,
2012,Middle East and North Africa,Egyptian Red Crescent Society,Egypt,EGY,DEG001,91240376.0,279116666666.667,,2690.0,70.085,26.4,73.87,42.946,31.0,,,,79.0,,5500.0,4500.0,,,10000.0,,,,,2284.0,4816649.0,32530686.0,2057998.0,13899305.0,,,,,,,,,,,,,,,,,0.0,,,,,,,,,,,,,,,,,,,,
2013,Middle East and North Africa,Egyptian Red Crescent Society,Egypt,EGY,DEG001,93377890.0,288434108527.132,,2870.0,70.052,25.3,72.44,42.893,28.0,,,,79.0,,,,,,12000.0,,,,,2284.0,4650625.0,36065594.0,2320594.0,17996210.0,,,,,,,,,,,,,,,,,0.0,,,,,,,,,,,,,,,,,,,,
2014,Middle East and North Africa,Egyptian Red Crescent Society,Egypt,EGY,DEG001,95592324.0,305595408895.265,,3060.0,70.415,24.3,,42.839,25.0,,,,79.0,,,,,,12000.0,,,,,2285.0,3758463.0,27146291.0,2532653.0,18292615.0,,,,,,,,,,,,,,,,,0.0,,,,,,,,,,,,,,,,,,,,
2015,Middle East and North Africa,Egyptian Red Crescent Society,Egypt,EGY,DEG001,97723799.0,329366576819.407,,3160.0,70.483,23.4,,42.785,24.0,,,,79.0,,,,,,12000.0,,,,,2300.0,4648062.0,4648062.0,2703277.0,2703277.0,,,,,,,,,,,,,,,,,0.0,,,,,,,,,,,,,,,,,,,,
2016,Middle East and North Africa,Egyptian Red Crescent Society,Egypt,EGY,,99784030.0,332441717791.411,,3260.0,70.844,22.6,,42.732,21.0,,,,32.0,,18111.0,15776.0,,,33887.0,248.0,311.0,,,559.0,1811463.0,32785482.0,1513010.0,27383806.0,,,,,,,,,,,,,,,,,,,,,,,,,18723.0,8426.0,,10297.0,42005.0,19677.0,19677.0,8551.0,,,,,
2017,Middle East and North Africa,Egyptian Red Crescent Society,Egypt,EGY,,101789386.0,248362771739.13,,2940.0,71.302,21.8,71.17,42.705,20.0,1.0,1.0,15.0,32.0,,13705.0,16416.0,,0.0,30121.0,186.0,262.0,,0.0,448.0,3124044.0,56791505.0,2986681.0,54294411.0,25117.0,456604.0,43581.0,792250.0,192535.0,3500058.0,0.0,0.0,0.0,0.0,306660.0,5574731.0,392769.0,7140084.0,1278776.0,23246676.0,183937.0,3343754.0,518011.0,9416844.0,86540.0,1573204.0,0.0,0.0,19373.0,7688.0,0.0,11685.0,45603.0,86448.0,86448.0,53979.0,,,,,
2018,Middle East and North Africa,Egyptian Red Crescent Society,Egypt,EGY,,103740765.0,262588632526.73,,2760.0,71.367,21.0,,42.704,19.0,1.0,1.0,15.0,32.0,,14767.0,15473.0,,,30240.0,141.0,213.0,,,354.0,4490909.0,81450000.0,4139537.0,75077300.0,18008.0,326600.0,20092.0,364400.0,12682.0,230000.0,257181.0,4664400.0,,,6616.0,120000.0,413004.0,7490500.0,1813102.0,32883580.0,914547.0,16586820.0,48135.0,873000.0,72781.0,1320000.0,,,20096.0,7908.0,,12188.0,44871.0,85494.0,85494.0,51260.0,,,,,
2019,Middle East and North Africa,Egyptian Red Crescent Society,Egypt,EGY,,105618671.0,318678815489.749,29.7,2690.0,71.358,20.3,,42.73,18.0,,,15.0,38.0,,14623.0,16417.0,,,31040.0,174.0,225.0,,,399.0,6193820.0,101639676.0,4775169.0,78359826.0,15235.0,250000.0,42962.0,705000.0,15235.0,250000.0,1453151.0,23846000.0,,,,,500297.0,8209806.0,1774422.0,29118000.0,579774.0,9514000.0,,,179526.0,2946000.0,,,20278.0,7601.0,,12677.0,41272.0,104345.0,104345.0,103546.0,,,,,
2020,Middle East and North Africa,Egyptian Red Crescent Society,Egypt,EGY,,107465134.0,383817841547.099,,3010.0,70.99,19.6,,42.783,17.0,,,14.0,38.0,,16473.0,16959.0,,0.0,33432.0,173.0,222.0,,0.0,395.0,8147791.0,139047922.0,7321568.0,124947836.0,78418.0,1338262.0,436415.0,7447735.0,0.0,0.0,1555813.0,26551075.0,0.0,0.0,673866.0,11500000.0,522973.0,8924909.0,752137.0,12835763.0,443983.0,7576891.0,971362.0,16576984.0,207195.0,3535940.0,,,8942.0,2415.0,0.0,6527.0,128248.0,77746.0,77746.0,274872.0,,,,,
2021,Middle East and North Africa,Egyptian Red Crescent Society,Egypt,EGY,,109262178.0,424671765455.704,,3520.0,70.221,19.0,,42.862,,1.0,1.0,12.0,36.0,,14047.0,16179.0,,,30226.0,170.0,221.0,,,391.0,9780921.0,167682521.0,8872693.0,152112000.0,408595.0,7004888.0,23648.0,405412.0,570345.0,9777900.0,1297862.0,22250337.0,0.0,0.0,799121.0,13700000.0,551297.0,9451350.0,748927.0,12839478.0,549867.0,9426837.0,1343001.0,23024183.0,423062.0,7252914.0,0.0,0.0,9416.0,2492.0,0.0,6924.0,212190.0,77746.0,77746.0,383052.0,,,,,
2022,Middle East and North Africa,Egyptian Red Crescent Society,Egypt,EGY,,110990103.0,476747720364.742,,4100.0,,,74.5,42.967,,1.0,1.0,12.0,38.0,,15357.0,16380.0,,,31737.0,172.0,243.0,,,415.0,9678031.0,164869957.0,9615012.0,163796393.0,2927039.0,49863524.0,80251.0,1367109.0,295766.0,5038523.0,742469.0,12648312.0,,,135012.0,2300000.0,591592.0,10078051.0,1349626.0,22991537.0,56032.0,954525.0,864718.0,14730890.0,587252.0,10004120.0,,,11787.0,3351.0,,8436.0,33457.0,832.0,832.0,235572.0,,,,,
2023,Middle East and North Africa,Egyptian Red Crescent Society,Egypt,EGY,,,,,,,,,,,1.0,1.0,10.0,38.0,27.0,17332.0,17708.0,,,35040.0,203.0,270.0,,,473.0,13422893.0,493107999.0,13066080.0,480000000.0,1905470.0,70000000.0,0.0,0.0,113049.0,4152994.0,4955769.0,182056836.0,0.0,0.0,179598.0,6597790.0,115145.0,4230000.0,183470.0,6740000.0,2520209.0,92583270.0,1045352.0,38402417.0,846729.0,31105720.0,,,12350.0,3537.0,,8813.0,1017321.0,2572.0,2572.0,1072038.0,,,,,
2024,Middle East and North Africa,Egyptian Red Crescent Society,Egypt,EGY,,,,,,,,,,,,,,,,,,,,,,,,,,,,,,,,,,,,,,,,,,,,,,,,,,,,,,,,,,,,,,,,,,
2010,Europe and Central Asia,Spanish Red Cross,Spain,ESP,DES001,46576897.0,1422108199783.34,20.6,31970.0,81.6268,3.8,97.75,78.442,4.0,,,,,,,,,,119210.0,,,,,,0.0,,0.0,,,,,,,,,,,,,,,,,,0.0,,,,,,,,,,,,,,,,,,,,
2012,Europe and Central Asia,Spanish Red Cross,Spain,ESP,DES001,46773055.0,1324750738725.0,20.4,29540.0,82.4268,3.6,97.89,78.902,4.0,,,,795.0,,97672.0,107161.0,,,204833.0,2821.0,6474.0,,,9295.0,643736715.0,533014000.0,608231884.0,503616000.0,,,,,,,,,,,,,,,,,0.0,0.0,,,,,,,,,,,,,,,,,,,
2013,Europe and Central Asia,Spanish Red Cross,Spain,ESP,DES001,46620045.0,1355579535912.55,22.2,29230.0,83.078,3.5,98.08,79.133,4.0,,,,783.0,,102446.0,106629.0,,,209075.0,2790.0,6510.0,,,9300.0,648522741.0,529000000.0,622777982.0,508000000.0,,,,,,,,,,,,,,,,,0.0,0.0,,,,,,,,,,,435950.0,,,,,,,,
2014,Europe and Central Asia,Spanish Red Cross,Spain,ESP,DES001,46480882.0,1371820537888.62,22.1,29160.0,83.2293,3.4,98.09,79.366,4.0,,,,740.0,,96650.0,115403.0,,,212053.0,2867.0,6845.0,,,9712.0,652058315.0,542000000.0,624387943.0,519000000.0,,,,,,,,,,,,,,,,,0.0,0.0,,,,,,,,,,,400500.0,,,,,,,,
2015,Europe and Central Asia,Spanish Red Cross,Spain,ESP,DES001,46444832.0,1196156971279.69,22.3,28460.0,82.8317,3.3,98.14,79.602,4.0,,,,640.0,,93338.0,115812.0,,,209150.0,2990.0,6978.0,,,9968.0,603417875.0,556443000.0,576118688.0,531269000.0,,,,,,,,,,,,,,,,,0.0,0.0,,,,,,,,,,,338948.0,,,,,,,,
2016,Europe and Central Asia,Spanish Red Cross,Spain,ESP,,46484062.0,1233554967011.68,21.6,27570.0,83.3293,3.3,98.25,79.84,4.0,,,,665.0,,88978.0,113512.0,,,202490.0,3062.0,7643.0,,,10705.0,617058324.0,575598000.0,586027344.0,546652000.0,117923300.0,110000000.0,22512630.0,21000000.0,0.0,0.0,0.0,0.0,0.0,0.0,0.0,0.0,189525256.0,176791000.0,97506489.0,90955000.0,0.0,0.0,0.0,0.0,0.0,0.0,22497622.0,20986000.0,50326.0,28685.0,,21640.0,1290748.0,333156.0,333156.0,1998815.0,,,,,
2017,Europe and Central Asia,Spanish Red Cross,Spain,ESP,,46593236.0,1313245330197.65,21.5,27120.0,83.2829,3.2,,80.08,4.0,0.0,1.0,48.0,669.0,,84229.0,112832.0,,0.0,197061.0,3296.0,8512.0,,,11808.0,723413130.0,618499000.0,691143121.0,590909000.0,44221258.0,37808000.0,232091425.0,198432000.0,,,,,,,,,208893043.0,178598000.0,,,,,,,,,,,53947.0,,,,661480.0,183458.0,183458.0,1454431.0,,,,,
2018,Europe and Central Asia,Spanish Red Cross,Spain,ESP,,46797754.0,1421702715218.04,20.7,29330.0,83.4317,3.2,98.44,80.321,4.0,1.0,1.0,48.0,680.0,,86111.0,119516.0,,,205627.0,3121.0,8155.0,,,11276.0,706079118.0,626551000.0,741595444.0,658067000.0,,,,,,,,,,,,,,,,,,,,,,,,,120395.0,,,,4813880.0,1196956.0,1196956.0,2446781.0,,,,,
2019,Europe and Central Asia,Spanish Red Cross,Spain,ESP,,47134837.0,1394320055129.41,21.0,30360.0,83.8317,3.2,,80.565,3.0,0.0,0.0,40.0,740.0,,90670.0,130519.0,,,221189.0,3652.0,9690.0,,,13342.0,789599827.0,724462000.0,772640797.0,708902000.0,157559859.0,144562000.0,48153402.0,44181000.0,,,,,,,,,139957780.0,128412000.0,37365453.0,34283000.0,,,,,,,63622523.0,58374000.0,248094.0,,248094.0,,1559806.0,,,248094.0,,,,,
2020,Europe and Central Asia,Spanish Red Cross,Spain,ESP,,47365655.0,1278128867875.49,21.7,27180.0,82.3317,3.1,98.59,80.81,3.0,,,24.0,1362.0,,103203.0,152726.0,,,255929.0,,,,,,930926727.0,863032000.0,908256320.0,842015000.0,162587929.0,150730000.0,72979576.0,67657000.0,,,27919216.0,25883000.0,,,,,,,47597392.0,44126000.0,,,,,,,259906615.0,240951000.0,113432.0,48620.0,,64812.0,2699490.0,518667.0,518667.0,1059860.0,,,,,
2021,Europe and Central Asia,Spanish Red Cross,Spain,ESP,,47415794.0,1445651653604.63,20.4,30090.0,83.178,3.0,,81.056,,0.0,0.0,24.0,1362.0,,101398.0,154982.0,,,256380.0,3711.0,9953.0,,,13664.0,928689575.0,864531000.0,898571893.0,836494000.0,53214314.0,49538000.0,172603830.0,160679484.0,,,,,,,,,,,,,,,,,,,,,,,,,311670.0,,,338005.0,,,,,
2022,Europe and Central Asia,Spanish Red Cross,Spain,ESP,,47778340.0,1417800466262.65,,32090.0,,,,81.304,,0.0,1.0,45.0,1144.0,,,,,,263531.0,3828.0,10833.0,,,14661.0,1041004345.0,1008623496.0,1014485985.0,982930000.0,166021666.0,160857497.0,,,,,,,,,,,233148165.0,225896000.0,56932920.0,55161999.0,,,0.0,0.0,,,168130774.0,162901000.0,4513.0,,,,159045.0,364500.0,364500.0,323659.0,,,,,
2023,Europe and Central Asia,Spanish Red Cross,Spain,ESP,,,,,,,,,,,0.0,0.0,47.0,1263.0,,95352.0,153428.0,,,248780.0,3806.0,10977.0,,,14783.0,930156016.0,1000057000.0,913409511.0,982052000.0,145869914.0,156832000.0,9970704.0,10720000.0,,,,,,,,,192363902.0,206820000.0,93917150.0,100975000.0,,,,,,,62249003.0,66927000.0,112983.0,,,,229181.0,,,,,,,,
2024,Europe and Central Asia,Spanish Red Cross,Spain,ESP,,,,,,,,,,,0.0,0.0,46.0,1277.0,,,,,,231236.0,,,,,15589.0,1048359368.0,1114139000.0,1019510499.0,1083480000.0,148537941.0,157858000.0,10249869.0,10893000.0,,,,,,,,,247023438.0,262523000.0,109097635.0,115943000.0,,,,,,,76232752.0,81016000.0,,,,,301769.0,,,,,,,,
2012,Africa,Ethiopian Red Cross Society,Ethiopia,ETH,DET001,94451280.0,43310721414.0829,,400.0,61.543,73.6,,18.16,543.0,,,,32.0,,,,,,45136.0,1002.0,336.0,,,1338.0,5353415.0,105627153.0,4304481.0,84930848.0,,,,,,,,,,,,,,,,,345011.0,6807334.0,,,,,,,,,,,179923.0,,,,,,,,
2013,Africa,Ethiopian Red Cross Society,Ethiopia,ETH,DET001,97084366.0,47648276605.0123,,460.0,62.373,69.6,,18.575,498.0,,,,43.0,,,,,,27241.0,810.0,304.0,,,1114.0,5168716.0,110845702.0,3908840.0,83827024.0,,,,,,,,,,,,,,,,,4763152.0,102148180.0,,,,,,,,,,,,,,,,,,,
2014,Africa,Ethiopian Red Cross Society,Ethiopia,ETH,DET001,99746766.0,55612228233.5179,,540.0,62.905,65.9,,18.998,447.0,,,,134.0,,,,,,42303.0,1194.0,376.0,,,1570.0,13953687.0,282562161.0,13854312.0,280549814.0,,,,,,,,,,,,,,,,,0.0,,,,,,,,,,,,127410.0,,,,,,,,
2015,Africa,Ethiopian Red Cross Society,Ethiopia,ETH,DET001,102471895.0,64589328550.5953,23.5,590.0,63.649,62.4,,19.428,399.0,,,,202.0,,,,,,38355.0,,,,,1594.0,16165350.0,342309368.0,12788190.0,270796314.0,,,,,,,,,,,,,,,,,0.0,,,,,,,,,,,,321308.0,,,,,,,,
2016,Africa,Ethiopian Red Cross Society,Ethiopia,ETH,,105293228.0,74296745207.8721,,650.0,64.392,59.0,,19.866,356.0,,,,219.0,,,,,,45572.0,1453.0,429.0,,,1882.0,19986814.0,445855573.0,16994016.0,379093781.0,0.0,0.0,0.0,0.0,0.0,0.0,0.0,0.0,0.0,0.0,106465.0,2374977.0,0.0,0.0,15885687.0,354369749.0,2926078.0,65273454.0,355286.0,7925533.0,713297.0,15911860.0,0.0,0.0,57200.0,,,,107332.0,412226.0,412226.0,63500.0,,,,,
2017,Africa,Ethiopian Red Cross Society,Ethiopia,ETH,,108197950.0,81770886825.6048,,720.0,64.838,56.0,51.77,20.31,348.0,1.0,1.0,9.0,251.0,,,,,,19607.0,1397.0,690.0,,,2087.0,,524474385.0,,380172353.0,,73077131.0,,3034897.0,,0.0,,19071816.0,,0.0,,0.0,,96744015.0,,132988076.0,,65221779.0,,66406728.0,,19152173.0,,9598275.0,13749.0,,,,2998365.0,50000.0,50000.0,585400.0,,,,,
2018,Africa,Ethiopian Red Cross Society,Ethiopia,ETH,,111129438.0,84269196625.8784,,780.0,65.412,53.2,,20.763,312.0,0.0,1.0,7.0,177.0,,,,,,44138.0,1397.0,690.0,,,2087.0,22702291.0,623227043.0,19238231.0,528131083.0,2584803.0,70958427.0,175362.0,4814080.0,,,52998.0,1454900.0,,,,,4211738.0,115621317.0,9299228.0,255283928.0,2686349.0,73746086.0,513204.0,14088573.0,540975.0,14850944.0,640898.0,17594026.0,13749.0,,,,1826808.0,116247.0,116247.0,39325.0,,,,,
2019,Africa,Ethiopian Red Cross Society,Ethiopia,ETH,,114120594.0,95912607722.3032,,830.0,65.838,50.9,,21.225,294.0,,,9.0,177.0,,,,,361676.0,53060.0,,,,2087.0,2087.0,20559847.0,728659173.0,15172654.0,537732264.0,,,,,,,,,,,,,,,,,,,,,,,,,59394.0,,59394.0,,40000000.0,6260117.0,6260117.0,3816670.0,,,,,
2020,Africa,Ethiopian Red Cross Society,Ethiopia,ETH,,117190911.0,107657734392.446,,880.0,65.371,48.7,,21.695,267.0,,,8.0,178.0,,,,,22783.0,185769.0,,,,2000.0,2000.0,,,,,,,,,,,,,,,,,,,,,,,,,,,,,,,,,,,,,,,,,
2021,Africa,Ethiopian Red Cross Society,Ethiopia,ETH,,120283026.0,111261882958.426,,940.0,64.975,46.8,,22.174,,1.0,1.0,9.0,180.0,,,,,,258000.0,1550.0,605.0,,,2155.0,15152940.0,822858536.0,13100726.0,711416010.0,1775304.0,96405315.0,166760.0,9055667.0,,,,,,,13096.0,711152.0,1496961.0,81290325.0,1303540.0,70786841.0,5021896.0,272706798.0,399672.0,21703624.0,1676794.0,91055876.0,316480.0,17186000.0,8884.0,,,,14259100.0,739304.0,739304.0,1381848.0,,,,,
2022,Africa,Ethiopian Red Cross Society,Ethiopia,ETH,,123379924.0,126783471597.671,,1020.0,,,,22.661,,,,,,,,,,,,,,,,,,,,,,,,,,,,,,,,,,,,,,,,,,,,,,,,,,,,,,,,,
2023,Africa,Ethiopian Red Cross Society,Ethiopia,ETH,,,,,,,,,,,0.0,1.0,9.0,190.0,12.0,,,,,25863.0,1280.0,921.0,,,2201.0,23075524.0,1407387418.0,18170803.0,1108246117.0,1319529.0,80478700.0,,,,,1580363.0,96387103.0,,,,,,,1058456.0,64555773.0,9374882.0,571778586.0,1228484.0,74925848.0,2231953.0,136127920.0,5932915.0,361851396.0,13450.0,,,,1325476.0,104804.0,104804.0,1496682.0,,,,,
2024,Africa,Ethiopian Red Cross Society,Ethiopia,ETH,,,,,,,,,,,0.0,1.0,9.0,222.0,53.0,,,,,48000.0,,,,,2485.0,24792254.0,24792254.0,19668822.0,19668822.0,,,,,,,,,,,,,,,,,,,,,,,,,8000.0,3100.0,,4900.0,1009869.0,672525.0,672525.0,1500000.0,,,,,
2012,Europe and Central Asia,Finnish Red Cross,Finland,FIN,DFI001,5413971.0,258290060227.734,11.8,48970.0,80.6268,2.8,,84.841,7.0,,,,519.0,,,,,,26078.0,,,,,877.0,206643720.0,171101000.0,206892908.0,171307328.0,,,,,,,,,,,,,,,,,0.0,,,,,,,,,,,,860.0,,,,,,,,
2013,Europe and Central Asia,Finnish Red Cross,Finland,FIN,DFI001,5438972.0,271362405890.589,12.8,49510.0,80.9756,2.7,,85.125,7.0,,,,519.0,,12150.0,32850.0,,,45000.0,395.0,446.0,,,841.0,160487982.0,130910047.0,168159457.0,137167669.0,,,,,,,,,,,,,,,,,0.0,,,,,,,,,,,,,,,,,,,,
2014,Europe and Central Asia,Finnish Red Cross,Finland,FIN,DFI001,5461512.0,274862826772.156,12.4,49420.0,81.1805,2.6,,85.175,7.0,,,,505.0,,11880.0,32120.0,,,44000.0,347.0,407.0,,,754.0,180313497.0,149879103.0,164164950.0,136456205.0,,,,,,,,,,,,,,,,,0.0,,,,,,,,,,,,,,,,,,,,
2015,Europe and Central Asia,Finnish Red Cross,Finland,FIN,DFI001,5479531.0,234534382384.766,11.6,47180.0,81.4805,2.5,,85.225,7.0,,,,12.0,,,,,,27903.0,,,,,833.0,114738134.0,105806000.0,109907044.0,101351000.0,,,,,,,,,,,,,,,,,0.0,0.0,,,,,,,,,,,,,,,,,,,
2016,Europe and Central Asia,Finnish Red Cross,Finland,FIN,,5495303.0,240771351298.833,11.5,45530.0,81.4293,2.4,,85.275,8.0,,,,506.0,,,,,,30000.0,52.0,199.0,,,251.0,155483342.0,145036372.0,151034491.0,140886441.0,20903429.0,19498922.0,0.0,0.0,4507041.0,4204212.0,0.0,0.0,0.0,0.0,0.0,0.0,0.0,0.0,9213503.0,8594445.0,0.0,0.0,0.0,0.0,0.0,0.0,0.0,0.0,43987.0,,,,462.0,0.0,0.0,0.0,,,,,
2017,Europe and Central Asia,Finnish Red Cross,Finland,FIN,,5508214.0,255647979916.471,12.0,44840.0,81.6317,2.4,,85.325,7.0,1.0,1.0,10.0,481.0,,,,,,24487.0,53.0,166.0,,0.0,219.0,125191514.0,107035417.0,133400310.0,114053720.0,22839062.0,19526791.0,0.0,0.0,0.0,0.0,2766168.0,2365000.0,0.0,0.0,11755.0,10050.0,0.0,0.0,1919198.0,1640863.0,0.0,0.0,0.0,0.0,0.0,0.0,1242144.0,1062000.0,93866.0,,,,,0.0,0.0,0.0,,,,,
2018,Europe and Central Asia,Finnish Red Cross,Finland,FIN,,5515525.0,275708001767.843,11.6,48210.0,81.7341,2.3,,85.382,8.0,1.0,1.0,10.0,467.0,,,,,,24508.0,47.0,148.0,,,195.0,121551596.0,107860822.0,128924942.0,114403683.0,13703410.0,12159948.0,,,,,3442502.0,3054761.0,,,180596.0,160255.0,,,16387539.0,14541754.0,,,,,,,1213704.0,1077000.0,63071.0,,,,0.0,0.0,0.0,0.0,,,,,
2019,Europe and Central Asia,Finnish Red Cross,Finland,FIN,,5521606.0,268514916972.549,12.2,49940.0,81.9829,2.3,,85.446,9.0,,,10.0,447.0,,,,,24779.0,24779.0,,,,426.0,426.0,118964762.0,109150796.0,137127081.0,125814819.0,14303470.0,13123509.0,,,,,5670035.0,5202287.0,,,179786.0,164955.0,,,9996369.0,9171721.0,,,,,,,,,56803.0,,56803.0,,,,,,,,,,
2020,Europe and Central Asia,Finnish Red Cross,Finland,FIN,,5529543.0,271886077382.102,10.8,50030.0,81.9317,2.2,,85.517,8.0,,,10.0,446.0,,,,,20966.0,20966.0,,,,213.0,213.0,154398666.0,143138000.0,142365472.0,131982415.0,15097759.0,13996643.0,,,,,2135497.0,1979750.0,,,272858.0,252958.0,,,,,,,,,,,9141340.0,8474640.0,89008.0,,89008.0,,,,,,,,,,
2021,Europe and Central Asia,Finnish Red Cross,Finland,FIN,,5541017.0,296776746825.577,12.7,53350.0,81.9341,2.2,,85.596,,1.0,1.0,10.0,436.0,,,,,,25000.0,,,,,192.0,160650692.0,149552129.0,149784595.0,139436717.0,13693825.0,12747786.0,,,,,3860428.0,3593730.0,,,230324.0,214412.0,,,111017408.0,103347764.0,,,,,,,,,73067.0,,,,,,,,,,,,
2022,Europe and Central Asia,Finnish Red Cross,Finland,FIN,,5556106.0,282896251391.052,,54930.0,,,,85.681,,1.0,1.0,10.0,445.0,,4487.0,13760.0,,3071.0,21318.0,43.0,187.0,,,230.0,187549347.0,181715551.0,186010333.0,180224409.0,55135869.0,53420846.0,,,,,5475231.0,5304922.0,,,381411.0,369547.0,,,,,,,,,,,,,89276.0,,,,,,,,,,,,
2023,Europe and Central Asia,Finnish Red Cross,Finland,FIN,,,,,,,,,,,1.0,1.0,10.0,412.0,12.0,,,,,33000.0,111.0,383.0,,529.0,1023.0,342637130.0,351402875.0,337822264.0,346464829.0,48193199.0,49426134.0,3069656.0,3148188.0,393868.0,403944.0,,,,,17351.0,17795.0,57716832.0,59193412.0,9398002.0,9638433.0,589837.0,604927.0,55505.0,56925.0,,,15956113.0,16364321.0,94000.0,,,,,,,,,,,,
2024,Europe and Central Asia,Finnish Red Cross,Finland,FIN,,,,,,,,,,,1.0,1.0,10.0,412.0,12.0,,,,,35753.0,148.0,799.0,,,947.0,247316076.0,262833999.0,245112026.0,260491656.0,42567382.0,45238285.0,1992021.0,2117011.0,699676.0,743577.0,0.0,0.0,0.0,0.0,16490.0,17525.0,55921566.0,59430382.0,5914327.0,6285423.0,639677.0,679814.0,16938.0,18001.0,0.0,0.0,21381782.0,22723388.0,100000.0,,,,,,,,,,,,
2012,Asia Pacific,Fiji Red Cross Society,Fiji,FJI,DFJ001,911059.0,3972028104.4733,,3930.0,67.552,23.6,,53.196,39.0,,,,15.0,,2.0,4.0,,,6.0,17.0,14.0,,,31.0,1030321.0,2005623.0,1032770.0,2010391.0,,,,,,,,,,,,,,,,,0.0,,,,,,,,,,,,,,,,,,,,
2013,Asia Pacific,Fiji Red Cross Society,Fiji,FJI,DFJ001,913453.0,4189967998.5142,,4470.0,67.428,23.8,,53.706,39.0,,,,15.0,,134.0,180.0,,,314.0,16.0,14.0,,,30.0,1645641.0,3466378.0,1666831.0,3511012.0,,,,,,,,,,,,,,,,,0.0,,,,,,,,,,,,,,,,,,,,
2014,Asia Pacific,Fiji Red Cross Society,Fiji,FJI,DFJ001,915560.0,4857104791.0039,,4750.0,67.376,24.1,,54.216,38.0,,,,15.0,,,,,,1200.0,,,,,30.0,1005152.0,2014144.0,1129137.0,2262588.0,,,,,,,,,,,,,,,,,0.0,,,,,,,,,,,,,,,,,,,,
2015,Asia Pacific,Fiji Red Cross Society,Fiji,FJI,DFJ001,917200.0,4682479912.052,,4830.0,66.844,24.5,,54.726,39.0,,,,15.0,,,,,,1700.0,18.0,14.0,,,32.0,649626.0,1384100.0,813771.0,1733829.0,,,,,,,,,,,,,,,,,0.0,,,,,,,,,,,,,,,,,,,,
2016,Asia Pacific,Fiji Red Cross Society,Fiji,FJI,,918371.0,4930213634.3569,,5010.0,67.24,25.0,,55.235,40.0,,,,15.0,,529.0,427.0,,,956.0,35.0,21.0,,,56.0,2659894.0,5488527.0,2678066.0,5526025.0,,,,,,,,,,,,,,,,,,,,,,,,,,,,,,,,,,,,,
2017,Asia Pacific,Fiji Red Cross Society,Fiji,FJI,,919019.0,5353469171.0611,,5120.0,67.79,25.6,,55.742,37.0,1.0,1.0,8.0,16.0,,,,,,1080.0,31.0,19.0,,,50.0,2237605.0,4657263.0,2255547.0,4694606.0,7006.0,14583.0,2450.0,5100.0,9538.0,19851.0,,,,,,,147423.0,306841.0,5782.0,12034.0,241690.0,503045.0,1106763.0,2303573.0,17048.0,35482.0,316561.0,658877.0,3864.0,,,,77032.0,773.0,773.0,2150.0,,,,,
2018,Asia Pacific,Fiji Red Cross Society,Fiji,FJI,,918996.0,5581425324.9119,,5680.0,67.81,26.3,,56.248,37.0,1.0,1.0,8.0,16.0,,312.0,319.0,,149.0,780.0,28.0,24.0,,,52.0,1950162.0,4168803.0,1971124.0,4213614.0,4493.0,9605.0,3183.0,6805.0,,,,,,,,,160036.0,342105.0,63456.0,135649.0,342257.0,731632.0,278914.0,596227.0,32630.0,69752.0,1065191.0,2277028.0,4424.0,2143.0,,2281.0,20163.0,3668.0,3668.0,1624.0,,,,,
2019,Asia Pacific,Fiji Red Cross Society,Fiji,FJI,,918465.0,5444407214.3176,24.1,5590.0,67.893,26.9,,56.75,38.0,,,9.0,18.0,,256.0,282.0,,,538.0,21.0,16.0,,,37.0,1225991.0,2692149.0,1247403.0,2739167.0,4339.0,9527.0,2565.0,5632.0,,,,,,,,,,,374332.0,821993.0,389396.0,855073.0,,,24830.0,54525.0,247845.0,544242.0,4306.0,2055.0,,2251.0,0.0,264.0,264.0,8631.0,,,,,
2020,Asia Pacific,Fiji Red Cross Society,Fiji,FJI,,920422.0,4432466237.0959,,4650.0,67.924,27.5,,57.247,38.0,,,12.0,18.0,,176.0,220.0,,,396.0,23.0,17.0,,,40.0,1256915.0,2879439.0,1244750.0,2851570.0,3418.0,7830.0,21804.0,49950.0,,,,,,,,,,,188379.0,431553.0,126562.0,289938.0,593204.0,1358958.0,18221.0,41741.0,305328.0,699469.0,3195.0,1449.0,,1746.0,12369.0,12629.0,12629.0,4886.0,,,,,
2021,Asia Pacific,Fiji Red Cross Society,Fiji,FJI,,924610.0,4305031630.8181,,4490.0,67.114,27.7,,57.74,,1.0,1.0,10.0,16.0,,352.0,432.0,,54.0,838.0,19.0,12.0,,,31.0,2267127.0,5180347.0,2207493.0,5044085.0,4807.0,10985.0,2692.0,6151.0,94130.0,215086.0,,,,,,,,,136851.0,312703.0,162036.0,370250.0,1613828.0,3687570.0,20335.0,46465.0,232447.0,531137.0,1004.0,336.0,,668.0,789292.0,,,9083.0,,,,,
2022,Asia Pacific,Fiji Red Cross Society,Fiji,FJI,,929766.0,4979979546.0123,,5390.0,,,,58.229,,1.0,1.0,8.0,16.0,,256.0,283.0,,,539.0,14.0,14.0,,,28.0,,,,,,,,,,,,,,,,,,,,,,,,,,,,,,,,,,,,,,,,,
2023,Asia Pacific,Fiji Red Cross Society,Fiji,FJI,,,,,,,,,,,1.0,1.0,8.0,16.0,16.0,206.0,314.0,,,520.0,,,,,28.0,1157563.0,2999364.0,1147532.0,2973374.0,3025.0,7837.0,23352.0,60507.0,13543.0,35092.0,16975.0,43984.0,,,,,,,209198.0,542054.0,307920.0,797852.0,171371.0,444039.0,31679.0,82083.0,380500.0,985916.0,796.0,416.0,,380.0,6119.0,402825.0,402825.0,6350.0,,,,,
2024,Asia Pacific,Fiji Red Cross Society,Fiji,FJI,,,,,,,,,,,,,,,,,,,,,,,,,,,,,,,,,,,,,,,,,,,,,,,,,,,,,,,,,,,,,,,,,,
2011,Asia Pacific,Micronesia Red Cross,"Micronesia, Federated States of",FSM,DFM001,107887.0,311301600.0,,2950.0,71.318,33.7,,22.305,46.0,,,,3.0,,,,,,31.0,,,,,7.0,340507.0,360972.0,288709.0,306060.0,,,,,,,,,,,,,,,,,0.0,,,,,,,,,,,,,,,,,,,,
2012,Asia Pacific,Micronesia Red Cross,"Micronesia, Federated States of",FSM,DFM001,108232.0,327248700.0,,3050.0,71.398,33.0,,22.324,42.0,,,,3.0,,18.0,16.0,,,34.0,5.0,2.0,,,7.0,213476.0,233585.0,213476.0,233585.0,,,,,,,,,,,,,,,,,0.0,,,,,,,,,,,,,,,,,,,,
2013,Asia Pacific,Micronesia Red Cross,"Micronesia, Federated States of",FSM,DFM001,108609.0,317214400.0,41.2,3100.0,71.499,32.0,,22.355,66.0,,,,3.0,,100.0,37.0,,,137.0,6.0,1.0,,,7.0,229710.0,257505.0,229710.0,257505.0,,,,,,,,,,,,,,,,,0.0,,,,,,,,,,,,,,,,,,,,
2014,Asia Pacific,Micronesia Red Cross,"Micronesia, Federated States of",FSM,DFM001,109024.0,319271200.0,,3100.0,71.529,31.1,,22.399,61.0,,,,3.0,,,,,,182.0,,,,,7.0,188608.0,191009.0,187498.0,189885.0,,,,,,,,,,,,,,,,,0.0,,,,,,,,,,,,,,,,,,,,
2015,Asia Pacific,Micronesia Red Cross,"Micronesia, Federated States of",FSM,DFM001,109462.0,316489900.0,,3470.0,71.408,30.2,,22.456,64.0,,,,4.0,,,,,,150.0,,,,,8.0,190968.0,190968.0,99983.0,99983.0,,,,,,,,,,,,,,,,,0.0,,,,,,,,,,,,,,,,,,,,
2016,Asia Pacific,Micronesia Red Cross,"Micronesia, Federated States of",FSM,,109925.0,332265200.0,,3420.0,71.595,29.2,,22.526,64.0,,,,3.0,,67.0,44.0,,,111.0,6.0,5.0,,,11.0,301951.0,305541.0,294218.0,297716.0,222.0,225.0,,,,,110603.0,111918.0,,,,,4826.0,4883.0,,,69687.0,70516.0,46612.0,47166.0,,,207.0,209.0,533.0,213.0,,320.0,831.0,100.0,5986.0,800.0,,,,,
2017,Asia Pacific,Micronesia Red Cross,"Micronesia, Federated States of",FSM,,110430.0,366666800.0,,3490.0,71.467,28.2,,22.608,63.0,1.0,1.0,9.0,4.0,,,,,,131.0,,,,,10.0,468634.0,479991.0,468634.0,479991.0,,,,,,,,,,,,,,,,,,,,,,,,,730.0,,,,19863.0,,,,,,,,
2018,Asia Pacific,Micronesia Red Cross,"Micronesia, Federated States of",FSM,,110929.0,401932300.0,,3450.0,71.318,27.3,,22.703,69.0,0.0,1.0,9.0,4.0,,303.0,237.0,,,540.0,,,,,10.0,469340.0,479991.0,427671.0,437376.0,,,,,,,,,,,,,39929.0,40835.0,6113.0,6252.0,301862.0,308712.0,52717.0,53913.0,,,271.0,277.0,807.0,366.0,,441.0,11916.0,31756.0,31756.0,8265.0,,,,,
2019,Asia Pacific,Micronesia Red Cross,"Micronesia, Federated States of",FSM,,111379.0,416000000.0,,4040.0,71.077,26.4,,22.812,65.0,,,9.0,4.0,,,,,540.0,540.0,7.0,6.0,,,13.0,362419.0,365530.0,351796.0,354815.0,427.0,431.0,,,,,,,,,,,6038.0,6090.0,7883.0,7951.0,251667.0,253827.0,18515.0,18674.0,8363.0,8435.0,59.0,60.0,878.0,569.0,,309.0,10129.0,2138.0,2138.0,334.0,,,,,
2020,Asia Pacific,Micronesia Red Cross,"Micronesia, Federated States of",FSM,,112106.0,408000000.0,,4050.0,70.674,25.6,,22.933,74.0,,,9.0,4.0,,,,,425.0,425.0,5.0,4.0,,,9.0,906190.0,977672.0,939287.0,1013380.0,,,,,,,,,,,,,,,,,,,,,,,,,24.0,,24.0,,13000.0,,,30634.0,,,,,
2021,Asia Pacific,Micronesia Red Cross,"Micronesia, Federated States of",FSM,,113131.0,406000000.0,,4020.0,70.71,24.9,,23.068,,0.0,1.0,9.0,4.0,,,,,,425.0,4.0,4.0,,,8.0,499639.0,538279.0,455385.0,490603.0,194.0,209.0,,,,,5569.0,6000.0,,,,,,,5493.0,5918.0,119796.0,129061.0,136862.0,147446.0,14092.0,15182.0,37558.0,40463.0,131.0,43.0,,88.0,,,,,,,,,
2022,Asia Pacific,Micronesia Red Cross,"Micronesia, Federated States of",FSM,,114164.0,424000000.0,,4140.0,,,,23.217,,1.0,1.0,9.0,4.0,,156.0,119.0,,,275.0,5.0,4.0,,,9.0,530810.0,538279.0,317224.0,321688.0,207.0,210.0,,,,,5917.0,6000.0,,,,,23667.0,24000.0,45737.0,46381.0,127270.0,129061.0,145400.0,147446.0,14970.0,15181.0,,,256.0,,,,,,,,,,,,
2023,Asia Pacific,Micronesia Red Cross,"Micronesia, Federated States of",FSM,,,,,,,,,,,,,,,,,,,,,,,,,,,,,,,,,,,,,,,,,,,,,,,,,,,,,,,,,,,,,,,,,,
2024,Asia Pacific,Micronesia Red Cross,"Micronesia, Federated States of",FSM,,,,,,,,,,,,,,,,,,,,,,,,,,,,,,,,,,,,,,,,,,,,,,,,,,,,,,,,,,,,,,,,,,
2010,Europe and Central Asia,French Red Cross,France,FRA,DFR001,65030575.0,2645187882116.67,,43970.0,81.6634,4.2,,78.369,9.0,,,,900.0,,,,,,52000.0,,,,,17500.0,0.0,,0.0,,,,,,,,,,,,,,,,,,0.0,,,,,,,,,,,,,,,,,,,,
2012,Europe and Central Asia,French Red Cross,France,FRA,DFR001,65662240.0,2683671716967.19,,43410.0,81.9683,4.1,,78.878,9.0,,,,900.0,,18851.0,35009.0,,,53860.0,3318.0,14804.0,,,18122.0,1368699877.0,1133283498.0,1392727921.0,1153178718.0,,,,,,,,,,,,,,,,,0.0,,,,,,,,,,,,,,,,,,,,
2013,Europe and Central Asia,French Red Cross,France,FRA,DFR001,66002289.0,2811876903329.03,,43800.0,82.2195,4.1,,79.135,9.0,,,,1034.0,,22454.0,33682.0,,,56136.0,3328.0,14697.0,,,18025.0,1421776389.0,1159743000.0,1436783131.0,1171984000.0,,,,,,,,,,,,,,,,,0.0,,,,,,,,,,,,,,,,,,,,
2014,Europe and Central Asia,French Red Cross,France,FRA,DFR001,66312067.0,2855964488590.19,,43340.0,82.7195,4.1,,79.394,9.0,,,,1034.0,,21464.0,36548.0,,,58012.0,3394.0,15048.0,,,18442.0,1483459133.0,1233072000.0,1501614506.0,1248163000.0,,,,,,,,,,,,,,,,,0.0,,,,,,,,,,,,,,,,,,,,
2015,Europe and Central Asia,French Red Cross,France,FRA,DFR001,66548272.0,2439188643162.5,,41130.0,82.322,4.2,,79.655,8.0,,,,1016.0,,20724.0,36843.0,,,57567.0,3314.0,15099.0,,,18413.0,1356979110.0,1251341000.0,1371235978.0,1264488000.0,,,,,,,,,,,,,,,,,0.0,,,,,,,,,,,,,,,,,,,,
2016,Europe and Central Asia,French Red Cross,France,FRA,,66724104.0,2472964344587.17,,39100.0,82.5732,4.2,,79.917,8.0,,,,1687.0,,23474.0,41081.0,,,64555.0,3329.0,14093.0,,,17422.0,1341423635.0,1251293000.0,1337910592.0,1248016000.0,,,,,,,,,,,,,,,,,,,,,,,,,158092.0,,,,,98794.0,98794.0,100000.0,,,,,
2017,Europe and Central Asia,French Red Cross,France,FRA,,66918020.0,2595151045197.65,,38320.0,82.5756,4.3,,80.18,8.0,1.0,1.0,31.0,1037.0,,21549.0,38308.0,,,59857.0,,,,,17217.0,1544151765.0,1320500000.0,1544151765.0,1320500000.0,,,,,,,,,,,,,,,,,,,,,,,,,,,,,,,,,,,,,
2018,Europe and Central Asia,French Red Cross,France,FRA,,67158348.0,2790956878746.66,,41170.0,82.6756,4.3,,80.444,8.0,0.0,0.0,31.0,1747.0,,,,,,60571.0,,,,,16719.0,1805905325.0,1602500000.0,1805905325.0,1602500000.0,,,,,,,,,,,,,,,,,,,,,,,,,135154.0,,,,91959.0,1033120.0,1033120.0,,,,,,
2019,Europe and Central Asia,French Red Cross,France,FRA,,67388001.0,2728870246705.88,14.2,42460.0,82.8268,4.3,,80.709,8.0,,,31.0,1056.0,,23562.0,41888.0,,0.0,65450.0,,,,16703.0,16703.0,1457641050.0,1337393340.0,1454782641.0,1334770735.0,,,,,,,,,,,,,,,,,,,,,,,,,166057.0,,166057.0,,86672.0,,,,,,,,
2020,Europe and Central Asia,French Red Cross,France,FRA,,67571107.0,2647418691598.45,14.3,39250.0,82.1756,4.4,,80.975,8.0,,,31.0,1177.0,,21659.0,38305.0,,,59964.0,3809.0,15133.0,,,18942.0,1667804833.0,1546167811.0,1566728429.0,1452463153.0,,,,,,,,,,,,,,,,,,,,,,,,,168057.0,,168057.0,,901599.0,,,,,,,,
2021,Europe and Central Asia,French Red Cross,France,FRA,,67764304.0,2959355819170.5,15.6,43810.0,82.3244,4.4,,81.242,,1.0,1.0,24.0,1183.0,,,,,,65196.0,,,,,17266.0,1658783613.0,1544186448.0,1633628048.0,1520768757.0,,,,,,,,,,,,,,,,,,,,,,,,,68093.0,,,,0.0,360076.0,360076.0,0.0,,,,,
2022,Europe and Central Asia,French Red Cross,France,FRA,,67971311.0,2779092236505.85,,45290.0,,,,81.509,,1.0,1.0,25.0,1186.0,,25236.0,45228.0,0.0,0.0,70464.0,4134.0,15761.0,0.0,0.0,19895.0,1746208501.0,1691892000.0,1754055587.0,1699495000.0,,,,,,,,,,,,,,,,,,,,,,,,,71618.0,,,,,,,,,,,,
2023,Europe and Central Asia,French Red Cross,France,FRA,,,,,,,,,,,1.0,1.0,23.0,1061.0,121.0,27184.0,48766.0,0.0,,75950.0,4050.0,15630.0,0.0,,19680.0,1567671561.0,1685481673.0,1570604496.0,1688635018.0,,,,,,,,,,,,,,,,,,,,,,,,,71618.0,,,,64430.0,,,,,,,,
2024,Europe and Central Asia,French Red Cross,France,FRA,,,,,,,,,,,1.0,1.0,23.0,1061.0,1061.0,61631.0,34947.0,,,96578.0,4076.0,15778.0,,,19854.0,1661577371.0,1765833556.0,1666634883.0,1771208403.0,,,,,,,,,,,,,,,,,,,,,,,,,88847.0,,,,,,,,,,,,
2012,Africa,Gabonese Red Cross Society,Gabon,GAB,DGA001,1836705.0,17170464016.0593,,8660.0,64.587,56.8,82.28,86.634,178.0,,,,14.0,,1458.0,998.0,,,2456.0,23.0,14.0,,,37.0,1570805.0,853160917.0,847848.0,460496943.0,,,,,,,,,,,,,,,,,0.0,0.0,,,,,,,,,,,7095.0,,,,,,,,
2013,Africa,Gabonese Red Cross Society,Gabon,GAB,DGA001,1902226.0,17595744798.3398,,8920.0,64.776,54.2,,87.156,194.0,,,,14.0,,1458.0,998.0,,,2456.0,,,,,37.0,2791819.0,1493950072.0,2365223.0,1265671283.0,,,,,,,,,,,,,,,,,0.0,,,,,,,,,,,,,,,,,,,,
2014,Africa,Gabonese Red Cross Society,Gabon,GAB,DGA001,1966855.0,18203966895.8433,,8930.0,64.974,52.2,,87.651,216.0,,,,15.0,,1386.0,1089.0,,,2475.0,23.0,15.0,,,38.0,1537778.0,838047814.0,1378201.0,751082560.0,,,,,,,,,,,,,,,,,0.0,,,,,,,,,,,,,,,,,,,,
2015,Africa,Gabonese Red Cross Society,Gabon,GAB,DGA001,2028517.0,14383107762.6952,,7660.0,65.46,50.4,,88.118,212.0,,,,15.0,,1456.0,1286.0,,,2742.0,23.0,18.0,,,41.0,102679.0,62022622.0,1522185.0,919469505.0,,,,,,,,,,,,,,,,,0.0,,,,,,,,,,,,2160.0,,,,,,,,
2016,Africa,Gabonese Red Cross Society,Gabon,GAB,,2086206.0,14023890265.3665,,6810.0,65.802,48.4,,88.559,216.0,,,,15.0,,1278.0,1197.0,,,2475.0,18.0,13.0,,,31.0,1161684.0,711816278.0,1494227.0,915580406.0,0.0,0.0,45367.0,27798576.0,45292.0,27752600.0,155168.0,95078330.0,0.0,0.0,56139.0,34399045.0,57403.0,35173208.0,21122.0,12942200.0,0.0,0.0,108124.0,66252442.0,109637.0,67179488.0,133926.0,82062359.0,1738.0,694.0,,1044.0,2191.0,1898.0,15184.0,150616.0,,,,,
2017,Africa,Gabonese Red Cross Society,Gabon,GAB,,2140215.0,14929487485.1623,33.4,6280.0,66.189,46.6,,88.976,218.0,1.0,1.0,7.0,15.0,,1499.0,976.0,,0.0,2475.0,10.0,10.0,,0.0,20.0,1089074.0,610809977.0,667686.0,374473562.0,29979.0,16814050.0,85586.0,48001300.0,33451.0,18761175.0,270698.0,151821763.0,0.0,0.0,45921.0,25754917.0,188105.0,105499214.0,0.0,0.0,0.0,0.0,0.0,0.0,29950.0,16797793.0,81265.0,45577750.0,680.0,214.0,0.0,466.0,1470.0,3526.0,3526.0,2462.0,,,,,
2018,Africa,Gabonese Red Cross Society,Gabon,GAB,,2192012.0,16867326401.9626,,6610.0,66.306,44.9,,89.37,229.0,1.0,1.0,7.0,15.0,,3300.0,,,,3300.0,18.0,13.0,,,31.0,881255.0,512953984.0,1047839.0,609918099.0,,,82466.0,48001301.0,,,254087.0,147896973.0,,,,,111225.0,64740806.0,43122.0,25100000.0,,,1908.0,1110776.0,43507.0,25323983.0,1315.0,765145.0,516.0,86.0,,430.0,484.0,4748.0,4748.0,0.0,,,,,
2019,Africa,Gabonese Red Cross Society,Gabon,GAB,,2242785.0,16874405465.391,,6950.0,66.603,43.2,,89.741,225.0,,,,,,,,,,,,,,,,,,,,,,,,,,,,,,,,,,,,,,,,,,,,,,,,,,,,,,,,
2020,Africa,Gabonese Red Cross Society,Gabon,GAB,,2292573.0,15314577154.8076,,6830.0,66.531,41.0,,90.092,227.0,,,,,,,,,,,,,,,,,,,,,,,,,,,,,,,,,,,,,,,,,,,,,,,,,,,,,,,,
2021,Africa,Gabonese Red Cross Society,Gabon,GAB,,2341179.0,20217946922.4528,,6440.0,65.821,39.7,,90.423,,1.0,1.0,7.0,9.0,,882.0,618.0,,,1500.0,24.0,15.0,,,39.0,970025.0,592200881.0,1028551.0,627931278.0,,,,,,,64543.0,39403278.0,,,264639.0,161562400.0,,,,,,,204152.0,124635203.0,9500.0,5800000.0,,,288.0,139.0,,149.0,139.0,104.0,104.0,0.0,,,,,
2022,Africa,Gabonese Red Cross Society,Gabon,GAB,,2388992.0,21071739224.8918,,7530.0,,,85.69,90.735,,1.0,1.0,7.0,9.0,,1865.0,1690.0,,,3555.0,29.0,19.0,,,48.0,1526958.0,970729617.0,1181235.0,750944277.0,,,,,,,,,107247.0,68179838.0,,,,,55588.0,35338611.0,,,25482.0,16199579.0,31144.0,19798940.0,,,,,,,532.0,267.0,271.0,550.0,,,,,
2023,Africa,Gabonese Red Cross Society,Gabon,GAB,,,,,,,,,,,0.0,0.0,,54.0,9.0,,,,,3000.0,,,,,52.0,992296.0,992296.0,924265.0,924265.0,,,,,196815860.0,196815860.0,,,,,,,,,,,,,160008239.0,160008239.0,13167853.0,13167853.0,93934036.0,93934036.0,,,,,,,,,,,,,
2024,Africa,Gabonese Red Cross Society,Gabon,GAB,,,,,,,,,,,,,,,,,,,,,,,,,,,,,,,,,,,,,,,,,,,,,,,,,,,,,,,,,,,,,,,,,,
2010,Europe and Central Asia,British Red Cross,United Kingdom,GBR,DGB001,62766365.0,2485482596184.71,,41770.0,80.4024,5.2,,81.302,10.0,,,,388.0,,,,,,32135.0,,,,,3364.0,301436108.0,205700000.0,291910903.0,199200000.0,,,,,,,,,,,,,,,,,1554317.0,1060666.0,,,,,,,,,,,64765.0,,,,,,,,
2012,Europe and Central Asia,British Red Cross,United Kingdom,GBR,DGB001,63700215.0,2707089726614.64,,41800.0,80.9049,4.8,,81.837,8.0,,,,1207.0,,12058.0,19801.0,,,31859.0,,,,,3624.0,295481394.0,200100000.0,302421737.0,204800000.0,,,,,,,,,,,,,,,,,0.0,,,,,,,,,,,,96712.0,,,,,,,,
2013,Europe and Central Asia,British Red Cross,United Kingdom,GBR,DGB001,64128273.0,2784853502534.29,,42790.0,81.0049,4.6,,82.102,8.0,,,,1207.0,,8500.0,18500.0,,,27000.0,1200.0,2500.0,,,3700.0,335783593.0,228400000.0,340635107.0,231700000.0,,,,,,,,,,,,,,,,,410071.0,278930.0,,,,,,,,,,,65733.0,,,,,,,,
2014,Europe and Central Asia,British Red Cross,United Kingdom,GBR,DGB001,64602298.0,3064708247921.43,,44580.0,81.3049,4.5,,82.365,8.0,,,,1200.0,,7840.0,16660.0,,,24500.0,1287.0,2613.0,,,3900.0,401304817.0,261300000.0,395775933.0,257700000.0,,,,,,,,,,,,,,,,,0.0,,,,,,,,,,,,84357.0,,,,,,,,
2015,Europe and Central Asia,British Red Cross,United Kingdom,GBR,DGB001,65116219.0,2927911140916.73,,44380.0,80.9561,4.5,,82.626,8.0,,,,1100.0,,,,,,24000.0,,,,,3900.0,404479712.0,275100000.0,381837082.0,259700000.0,,,,,,,,,,,,,,,,,0.0,,,,,,,,,,,,76206.0,,,,,,,,
2016,Europe and Central Asia,British Red Cross,United Kingdom,GBR,,65611593.0,2689106566899.61,17.0,42960.0,81.1561,4.4,,82.886,9.0,,,,600.0,,6204.0,13353.0,,,19557.0,1220.0,2555.0,,,3775.0,316017153.0,251700000.0,297058635.0,236600000.0,150204792.0,119634475.0,12797438.0,10192849.0,7255127.0,5778533.0,41370.0,32950.0,4384780.0,3492371.0,419734.0,334308.0,66961175.0,53332952.0,39001506.0,31063754.0,687588.0,547647.0,30104.0,23977.0,156813.0,124898.0,8760.0,6977.0,172580.0,,,,44179.0,0.0,0.0,0.0,,,,,
2017,Europe and Central Asia,British Red Cross,United Kingdom,GBR,,66058859.0,2680148052335.3,18.6,41660.0,81.2561,4.4,,83.143,9.0,1.0,1.0,14.0,,,4407.0,10605.0,,0.0,15012.0,992.0,2053.0,,0.0,3045.0,374812818.0,284500000.0,363746288.0,276100000.0,,,,,,,,,,,,,,,,,,,,,,,,,,,,,36329.0,0.0,0.0,0.0,,,,,
2018,Europe and Central Asia,British Red Cross,United Kingdom,GBR,,66460344.0,2871340347581.79,,42020.0,81.2561,4.4,,83.398,9.0,1.0,1.0,13.0,,,5337.0,11135.0,,,16472.0,1232.0,2661.0,,,3893.0,304329372.0,243300000.0,305079876.0,243900000.0,143251819.0,114524495.0,7998037.0,6394133.0,8651610.0,6916640.0,25017.0,20000.0,4119085.0,3293055.0,885273.0,707743.0,63175698.0,50506618.0,39531080.0,31603626.0,1002941.0,801814.0,16459.0,13158.0,126113.0,100823.0,4967345.0,3971207.0,293734.0,,,,29528.0,0.0,0.0,0.0,,,,,
2019,Europe and Central Asia,British Red Cross,United Kingdom,GBR,,66836327.0,2851407164907.81,,43240.0,81.4049,4.3,,83.652,9.0,,,12.0,0.0,,4896.0,10298.0,,635.0,15829.0,1238.0,2696.0,,2.0,3936.0,312527176.0,244900000.0,315334688.0,247100000.0,125910693.0,98665112.0,7156006.0,5607531.0,12784134.0,10017799.0,0.0,0.0,5917567.0,4637076.0,1766357.0,1384138.0,41948208.0,32871113.0,62258249.0,48786302.0,3476.0,2724.0,466440.0,365508.0,101014.0,79156.0,3983101.0,3121205.0,271561.0,,271561.0,,24812.0,7200.0,7200.0,0.0,,,,,
2020,Europe and Central Asia,British Red Cross,United Kingdom,GBR,,67081234.0,2697806592293.86,,38750.0,80.3512,4.3,,83.903,10.0,,,13.0,0.0,,,,,11190.0,11190.0,1191.0,2751.0,,,3942.0,363268725.0,305000000.0,351358275.0,295000000.0,123868680.0,104000000.0,36922395.0,31000000.0,13101495.0,11000000.0,0.0,0.0,4764180.0,4000000.0,1191045.0,1000000.0,44068665.0,37000000.0,30967170.0,26000000.0,0.0,0.0,1191045.0,1000000.0,0.0,0.0,4764180.0,4000000.0,108857.0,,108857.0,,195362.0,,,,,,,,
2021,Europe and Central Asia,British Red Cross,United Kingdom,GBR,,67026292.0,3141506156618.7,,45550.0,80.7,4.2,,84.152,,1.0,1.0,13.0,524.0,,,,,,14218.0,1212.0,2714.0,,11.0,3937.0,284318655.0,226500000.0,294611869.0,234700000.0,119568676.0,95253353.0,8881072.0,7075029.0,9908048.0,7893161.0,0.0,0.0,3849902.0,3066991.0,2318318.0,1846868.0,41614697.0,33151989.0,49829783.0,39696466.0,0.0,0.0,373157.0,297272.0,189701.0,151124.0,6563277.0,5228578.0,231701.0,,,,127000.0,0.0,0.0,6700.0,,,,,
2022,Europe and Central Asia,British Red Cross,United Kingdom,GBR,,66971395.0,3089072722400.14,,49240.0,,,,84.398,,1.0,1.0,11.0,520.0,,2534.0,6106.0,33.0,12721.0,21394.0,1533.0,3184.0,,41.0,4758.0,542056998.0,439039817.0,452743221.0,366700000.0,221529634.0,179428234.0,72363334.0,58610783.0,21819908.0,17673065.0,0.0,0.0,38909134.0,31514507.0,3727369.0,3018988.0,47868046.0,38770790.0,45852444.0,37138251.0,70797.0,57342.0,366001.0,296443.0,290140.0,234999.0,32104222.0,26002859.0,137213.0,,,,115858.0,,,,,,,,
2023,Europe and Central Asia,British Red Cross,United Kingdom,GBR,,,,,,,,,,,1.0,1.0,13.0,481.0,5.0,,,,,10500.0,1451.0,3059.0,11.0,5.0,4526.0,354416952.0,330816503.0,345721418.0,322700000.0,139482362.0,130194301.0,29788540.0,27804936.0,13424834.0,12530881.0,0.0,0.0,20302142.0,18950232.0,2263686.0,2112948.0,37244894.0,34764775.0,61964703.0,57838504.0,300810.0,280779.0,336540.0,314130.0,496629.0,463559.0,10138704.0,9463573.0,115068.0,,,,31265.0,,,,,,,,
2024,Europe and Central Asia,British Red Cross,United Kingdom,GBR,,,,,,,,,,,1.0,1.0,13.0,444.0,5.0,,,,,10279.0,1252.0,2740.0,12.0,80.0,4084.0,324471926.0,287184609.0,350588561.0,310300000.0,116203129.0,102849422.0,17478461.0,15469890.0,12203267.0,10800905.0,0.0,0.0,5598096.0,4954780.0,1555330.0,1376596.0,38751077.0,34297922.0,63960543.0,56610394.0,928112.0,821456.0,278213.0,246242.0,278213.0,246242.0,6865027.0,6076119.0,106511.0,,106511.0,,18930.0,,,,,,,,
2012,Americas,Grenada Red Cross Society,Grenada,GRD,DGD001,115912.0,799881481.4815,,6520.0,75.042,15.7,,35.869,26.0,,,,,,200.0,600.0,,,800.0,2.0,1.0,,,3.0,33520.0,98600.0,27620.0,81244.0,,,,,,,,,,,,,,,,,0.0,,,,,,,,,,,,,,,,,,,,
2013,Americas,Grenada Red Cross Society,Grenada,GRD,DGD001,116945.0,842618518.5185,,6840.0,75.116,15.9,,35.896,25.0,,,,2.0,,300.0,700.0,,,1000.0,1.0,2.0,,,3.0,0.0,,0.0,,,,,,,,,,,,,,,,,,0.0,,,,,,,,,,,,,,,,,,,,
2014,Americas,Grenada Red Cross Society,Grenada,GRD,DGD001,117972.0,911496296.2963,,6940.0,74.985,16.1,,35.938,24.0,,,,2.0,,,,,,1500.0,,,,,3.0,32985.0,89800.0,31994.0,87100.0,,,,,,,,,,,,,,,,,0.0,,,,,,,,,,,,,,,,,,,,
2015,Americas,Grenada Red Cross Society,Grenada,GRD,DGD001,118980.0,997007407.4074,,7140.0,75.013,16.2,,35.997,23.0,,,,2.0,,,,,,1570.0,,,,,2.0,31692.0,86100.0,32604.0,88580.0,,,,,,,,,,,,,,,,,0.0,,,,,,,,,,,,,,,,,,,,
2016,Americas,Grenada Red Cross Society,Grenada,GRD,,119966.0,1061640740.7407,,7670.0,74.762,16.3,,36.072,23.0,,,,2.0,,,,,,1600.0,,,,,7.0,31700.0,83100.0,26474.0,69400.0,,,,,,,,,,,,,,,,,,,,,,,,,630.0,,,,50.0,,,,,,,,
2017,Americas,Grenada Red Cross Society,Grenada,GRD,,120921.0,1125685185.1852,,8020.0,74.765,16.4,,36.164,24.0,1.0,1.0,18.0,2.0,,,,,,,,,,,,,,,,,,,,,,,,,,,,,,,,,,,,,,,,,,,,,,,,,,,,
2018,Americas,Grenada Red Cross Society,Grenada,GRD,,121838.0,1166514814.8148,,8740.0,74.808,16.5,,36.272,21.0,1.0,1.0,16.0,2.0,,,,,,600.0,1.0,8.0,,0.0,9.0,,,,,,,,,,,,,,,,,,,,,,,,,,,,,,,,,,,,,,,,,
2019,Americas,Grenada Red Cross Society,Grenada,GRD,,122724.0,1213485185.1852,,8900.0,74.863,16.5,,36.396,20.0,,,16.0,2.0,,,,,645.0,645.0,,,,11.0,11.0,,,,,,,,,,,,,,,,,,,,,,,,,,,,,,,,,,,,,,,,,
2020,Americas,Grenada Red Cross Society,Grenada,GRD,,123663.0,1043411111.1111,,7860.0,74.924,16.4,,36.537,21.0,,,12.0,1.0,,,,,89.0,89.0,1.0,12.0,,,13.0,255017.0,747668.0,245516.0,719812.0,,,,,,,,,,,,,,,,,,,,,,,,,49.0,18.0,,31.0,257.0,9.0,9.0,850.0,,,,,
2021,Americas,Grenada Red Cross Society,Grenada,GRD,,124610.0,1122800000.0,,8410.0,74.936,16.2,,36.694,,,,,,,,,,,,,,,,,273206.0,806930.0,376316.0,1111471.0,,,,,,,,,,,,,,,,,,,,,,,,,,,,,,,,,,,,,
2022,Americas,Grenada Red Cross Society,Grenada,GRD,,125438.0,1215379155.6728,,9070.0,,,,36.868,,,,,,,,,,,,,,,,,37792.0,110654.0,58855.0,172328.0,,,,,,,,,,,,,,,,,,,,,,,,,,,,,,,,,,,,,
2023,Americas,Grenada Red Cross Society,Grenada,GRD,,,,,,,,,,,0.0,0.0,9.0,1.0,1.0,,,,,78.0,,,,,1.0,44790.0,143804.0,79031.0,253737.0,,,,,,,,,,,,,,,,,,,,,,,,,208.0,124.0,,84.0,,26.0,26.0,,,,,,
2024,Americas,Grenada Red Cross Society,Grenada,GRD,,,,,,,,,,,,,,,,,,,,,,,,,,,,,,,,,,,,,,,,,,,,,,,,,,,,,,,,,,,,,,,,,,
2010,Europe and Central Asia,Red Cross Society of Georgia,Georgia,GEO,DGE001,3786695.0,12243217070.5734,37.3,3210.0,72.128,14.1,,55.535,41.0,,,,,,,,,,774.0,,,,,,0.0,,0.0,,,,,,,,,,,,,,,,,,0.0,,,,,,,,,,,,,,,,,,,,
2011,Europe and Central Asia,Red Cross Society of Georgia,Georgia,GEO,DGE001,3756441.0,15107486236.2474,34.1,3520.0,72.39,13.0,,55.919,39.0,,,,34.0,,,,,,12500.0,,,,,54.0,981075.0,1747000.0,771045.0,1373000.0,,,,,,,,,,,,,,,,,0.0,,,,,,,,,,,,,,,,,,,,
2012,Europe and Central Asia,Red Cross Society of Georgia,Georgia,GEO,DGE001,3728874.0,16488822461.4203,30.0,4150.0,72.412,12.1,,56.303,36.0,,,,34.0,,6000.0,9000.0,,,15000.0,19.0,50.0,,,69.0,1308870.0,2372720.0,1135114.0,2057734.0,,,,,,,,,,,,,,,,,0.0,,,,,,,,,,,,,,,,,,,,
2013,Europe and Central Asia,Red Cross Society of Georgia,Georgia,GEO,DGE001,3717668.0,17190068235.7892,26.2,4530.0,72.628,11.4,,56.685,33.0,,,,36.0,,,,,,10000.0,,,,,98.0,1329650.0,2590025.0,1091046.0,2125248.0,,,,,,,,,,,,,,,,,0.0,,,,,,,,,,,,,,,,,,,,
2014,Europe and Central Asia,Red Cross Society of Georgia,Georgia,GEO,DGE001,3719414.0,17627332900.2581,23.5,4740.0,73.099,10.9,99.59,57.067,29.0,,,,37.0,,3185.0,5915.0,,,9100.0,36.0,79.0,,,115.0,1566975.0,2967068.0,945754.0,1790786.0,,,,,,,,,,,,,,,,,677810.0,1283434.0,,,,,,,,,,,2528.0,,,,,,,,
2015,Europe and Central Asia,Red Cross Society of Georgia,Georgia,GEO,DGE001,3725276.0,14953673796.1929,21.6,4410.0,73.297,10.5,,57.448,30.0,,,,37.0,,4329.0,7371.0,,,11700.0,32.0,80.0,,,112.0,1379901.0,3356348.0,1293202.0,3145467.0,,,,,,,,,,,,,,,,,615229.0,1496427.0,,,,,,,,,,,5108.0,,,,,,,,
2016,Europe and Central Asia,Red Cross Society of Georgia,Georgia,GEO,,3727505.0,15141598622.5692,22.0,4080.0,73.569,10.2,,57.837,25.0,,,,39.0,,3460.0,5183.0,,,8643.0,32.0,96.0,,,128.0,756025.0,1958294.0,711964.0,1844165.0,15521.0,40202.0,0.0,0.0,0.0,0.0,0.0,0.0,0.0,0.0,0.0,0.0,4377.0,11337.0,4377.0,11337.0,413014.0,1069811.0,25345.0,65651.0,128708.0,333386.0,1235.0,3200.0,2568.0,1239.0,,1329.0,0.0,222394.0,222394.0,0.0,,,,,
2017,Europe and Central Asia,Red Cross Society of Georgia,Georgia,GEO,,3728004.0,16242645072.2881,21.9,4040.0,73.57,10.0,99.36,58.231,26.0,1.0,1.0,9.0,38.0,,3459.0,5184.0,,0.0,8643.0,26.0,108.0,,0.0,134.0,94214257.0,249315300.0,76373485.0,202104000.0,9289681.0,24582900.0,0.0,0.0,0.0,0.0,0.0,0.0,0.0,0.0,0.0,0.0,566838.0,1500000.0,6419818.0,16988500.0,31427842.0,83166200.0,5685612.0,15045600.0,10871537.0,28768900.0,0.0,0.0,4933.0,1973.0,,2960.0,0.0,137781.0,688905.0,0.0,,,,,
2018,Europe and Central Asia,Red Cross Society of Georgia,Georgia,GEO,,3726549.0,17596922469.9152,20.1,4460.0,73.341,9.8,,58.632,26.0,1.0,1.0,9.0,39.0,,3905.0,6541.0,,,10446.0,32.0,120.0,,,152.0,1220811.0,3297369.0,1201628.0,3245556.0,19715.0,53250.0,0.0,0.0,152912.0,413009.0,0.0,0.0,0.0,0.0,0.0,0.0,11963.0,32311.0,49853.0,134650.0,578394.0,1562222.0,68389.0,184716.0,69851.0,188664.0,0.0,0.0,4793.0,2700.0,,2093.0,1143.0,27174.0,108696.0,0.0,,,,,
2019,Europe and Central Asia,Red Cross Society of Georgia,Georgia,GEO,,3720161.0,17470436258.5131,19.5,4690.0,73.47,9.7,,59.039,26.0,,,9.0,39.0,,4896.0,6162.0,,,11058.0,31.0,149.0,,,180.0,1099169.0,3211530.0,975843.0,2851200.0,582.0,1700.0,5016.0,14655.0,95505.0,279046.0,,,,,,,,,62439.0,182433.0,254825.0,744542.0,181913.0,531511.0,57556.0,168165.0,258443.0,755114.0,4604.0,3058.0,,1546.0,1259.0,182152.0,182152.0,,,,,,
2020,Europe and Central Asia,Red Cross Society of Georgia,Georgia,GEO,,3722716.0,15842922532.7202,21.3,4260.0,72.765,9.6,,59.453,28.0,,,9.0,39.0,,4801.0,5498.0,,,10299.0,36.0,154.0,,,190.0,3242998.0,11233456.0,3232268.0,11196291.0,295.0,1022.0,,,,,190684.0,660512.0,,,,,,,30802.0,106697.0,250245.0,866827.0,1839506.0,6371885.0,397672.0,1377500.0,214672.0,743604.0,31611.0,18356.0,,13255.0,1339.0,135278.0,135278.0,931.0,,,,,
2021,Europe and Central Asia,Red Cross Society of Georgia,Georgia,GEO,,3708610.0,18629365612.096,17.5,4700.0,71.694,9.5,,59.872,,0.0,0.0,9.0,39.0,,,,,,10299.0,,,,,195.0,1833721.0,6203112.0,1899778.0,6426570.0,263.0,888.0,0.0,0.0,62386.0,211040.0,0.0,0.0,0.0,0.0,0.0,0.0,2369.0,8014.0,48578.0,164329.0,535007.0,1809822.0,557124.0,1884640.0,85856.0,290433.0,198115.0,670182.0,16871.0,,,,1400.0,136000.0,136000.0,1000.0,,,,,
2022,Europe and Central Asia,Red Cross Society of Georgia,Georgia,GEO,,3712502.0,24780791063.7131,15.6,5600.0,,,99.57,60.297,,1.0,1.0,9.0,39.0,,4900.0,5498.0,,,10398.0,37.0,157.0,,,194.0,3938256.0,13170105.0,2825776.0,9449809.0,990655.0,3312896.0,,,,,,,,,,,,,4484.0,14996.0,238540.0,797712.0,2054312.0,6869920.0,101413.0,339140.0,46145.0,154315.0,8198.0,4684.0,,3514.0,12450.0,,,28084.0,,,,,
2023,Europe and Central Asia,Red Cross Society of Georgia,Georgia,GEO,,,,,,,,,,,1.0,1.0,9.0,39.0,39.0,8581.0,5699.0,,,14280.0,42.0,172.0,,,214.0,2838442.0,8978120.0,2464191.0,7794347.0,267.0,844.0,183593.0,580712.0,,,,,,,,,,,28752.0,90943.0,839729.0,2656101.0,1071308.0,3388596.0,86888.0,274830.0,,,5559.0,2605.0,,2954.0,9923.0,730.0,3930.0,30592.0,,,,,
2024,Europe and Central Asia,Red Cross Society of Georgia,Georgia,GEO,,,,,,,,,,,,,,,,,,,,,,,,,,,,,,,,,,,,,,,,,,,,,,,,,,,,,,,,,,,,,,,,,,
2012,Africa,Ghana Red Cross Society,Ghana,GHA,DGH001,26858762.0,41271701060.954,24.2,1480.0,62.081,63.4,,52.073,305.0,,,,10.0,,39200.0,16800.0,,,56000.0,24.0,16.0,,,40.0,571587.0,1187643.0,618972.0,1286099.0,,,,,,,,,,,,,,,,,303593.0,630805.0,,,,,,,,,,,,,,,,,,,
2013,Africa,Ghana Red Cross Society,Ghana,GHA,DGH001,27525597.0,62824629066.0408,,1780.0,62.42,60.5,,52.748,305.0,,,,10.0,,25000.0,15000.0,,,40000.0,25.0,16.0,,,41.0,869141.0,2306440.0,771834.0,2048215.0,,,,,,,,,,,,,,,,,717724.0,1904624.0,,,,,,,,,,,,,,,,,,,
2014,Africa,Ghana Red Cross Society,Ghana,GHA,DGH001,28196358.0,54783320576.8882,,1820.0,63.045,57.8,,53.419,286.0,,,,10.0,,31594.0,28656.0,,,60250.0,20.0,27.0,,,47.0,754845.0,2427567.0,780039.0,2508589.0,,,,,,,,,,,,,,,,,348441.0,1120578.0,,,,,,,,,,,217.0,,,,,,,,
2015,Africa,Ghana Red Cross Society,Ghana,GHA,DGH001,28870939.0,49406009811.9819,,1870.0,63.175,55.4,,54.086,286.0,,,,10.0,,34578.0,31642.0,,,66220.0,27.0,29.0,,,56.0,1239749.0,4764019.0,1324087.0,5088109.0,,,,,,,,,,,,,,,,,399247.0,1534197.0,,,,,,,,,,,264.0,,,,,,,,
2016,Africa,Ghana Red Cross Society,Ghana,GHA,,29554303.0,56164928691.0359,23.4,1750.0,63.89,53.1,,54.749,258.0,,,,3200.0,,32300.0,33900.0,,,66200.0,46.0,25.0,,,71.0,1086517.0,4505994.0,1062728.0,4407339.0,2411.0,10000.0,50396.0,209000.0,0.0,0.0,0.0,0.0,0.0,0.0,0.0,0.0,612.0,2540.0,87173.0,361525.0,231567.0,960353.0,677856.0,2811199.0,36501.0,151376.0,0.0,0.0,4331.0,923.0,,3408.0,3800.0,9400.0,185400.0,72842.0,,,,,
2017,Africa,Ghana Red Cross Society,Ghana,GHA,,30222262.0,60405920071.5652,,1820.0,64.013,51.0,,55.407,274.0,1.0,1.0,7.0,3270.0,,32405.0,34175.0,,0.0,66580.0,46.0,25.0,,0.0,71.0,778123.0,3602606.0,778123.0,3602606.0,0.0,0.0,0.0,0.0,0.0,0.0,185740.0,859952.0,0.0,0.0,0.0,0.0,0.0,0.0,39843.0,184468.0,106820.0,494560.0,417354.0,1932292.0,28335.0,131188.0,32.0,146.0,11740.0,4516.0,0.0,7224.0,5989.0,11450.0,188950.0,192842.0,,,,,
2018,Africa,Ghana Red Cross Society,Ghana,GHA,,30870641.0,67298913752.0241,,2050.0,64.122,49.1,,56.06,273.0,1.0,1.0,7.0,3270.0,,41635.0,35990.0,,,77625.0,40.0,31.0,,,71.0,1024657.0,5030768.0,955243.0,4689965.0,,,1159.0,5691.0,,,,,,,,,,,52400.0,257270.0,451407.0,2216278.0,473442.0,2324463.0,46248.0,227066.0,,,4439.0,2207.0,,2232.0,2043.0,7540.0,7540.0,113238.0,,,,,
2019,Africa,Ghana Red Cross Society,Ghana,GHA,,31522290.0,68337974418.3315,,2150.0,64.74,47.2,,56.707,244.0,,,7.0,3270.0,,32405.0,34175.0,,0.0,66580.0,31.0,16.0,,0.0,47.0,759223.0,4415115.0,817631.0,4754777.0,1892.0,11001.0,0.0,0.0,0.0,0.0,44386.0,258120.0,0.0,0.0,0.0,0.0,0.0,0.0,143181.0,832644.0,80413.0,467629.0,450146.0,2617735.0,32557.0,189329.0,3638.0,21157.0,2967.0,1415.0,,1552.0,15116.0,37582.0,37582.0,1116488.0,,,,,
2020,Africa,Ghana Red Cross Society,Ghana,GHA,,32180401.0,70043095503.6675,,2230.0,64.114,45.5,80.38,57.349,263.0,,,,,,,,,,,,,,,,,,,,,,,,,,,,,,,,,,,,,,,,,,,,906.0,456.0,0.0,450.0,16539.0,32223.0,32223.0,1029700.0,,,,,
2021,Africa,Ghana Red Cross Society,Ghana,GHA,,32833031.0,79524421861.2743,,2280.0,63.795,44.0,,57.985,,,,,,,,,,,,,,,,,,,,,,,,,,,,,,,,,,,,,,,,,,,,,,,,,,,,,,,,,
2022,Africa,Ghana Red Cross Society,Ghana,GHA,,33475870.0,73766052451.5256,,2380.0,,,,58.615,,1.0,1.0,7.0,3266.0,,53191.0,30871.0,,,84062.0,46.0,19.0,,,65.0,827172.0,6031104.0,545293.0,3975856.0,,,14139.0,103090.0,,,3292.0,24000.0,,,,,,,59499.0,433818.0,,,517806.0,3775445.0,3641328.0,26549774.0,,,3485.0,1865.0,,1620.0,2000.0,3005.0,3005.0,21200.0,,,,,
2023,Africa,Ghana Red Cross Society,Ghana,GHA,,,,,,,,,,,0.0,0.0,,261.0,10.0,,,,,66000.0,,,,,50.0,,,,,,,,,,,,,,,,,,,,,,,,,,,,,,,,,,,,,,,,,
2024,Africa,Ghana Red Cross Society,Ghana,GHA,,,,,,,,,,,0.0,0.0,12.0,3200.0,10.0,,,,,66524.0,,,,,58.0,802512.0,802512.0,840217.0,840217.0,0.0,0.0,0.0,0.0,0.0,0.0,0.0,0.0,0.0,0.0,0.0,0.0,15939.0,15939.0,58750.0,58750.0,0.0,0.0,562510.0,562510.0,144065.0,144065.0,21250.0,21250.0,8500.0,,,,15000.0,850.0,425850.0,360170.0,,,,,
2010,Africa,Gambia Red Cross Society,Gambia,GMB,DGM001,1937275.0,1543294926.873,48.1,820.0,60.717,74.0,,55.662,620.0,,,,,,,,,,13500.0,,,,,,0.0,,0.0,,,,,,,,,,,,,,,,,,0.0,,,,,,,,,,,,,,,,,,,,
2012,Africa,Gambia Red Cross Society,Gambia,GMB,DGM001,2061014.0,1415004738.2662,,700.0,62.096,68.0,,57.105,575.0,,,,7.0,,1812.0,1374.0,,,3186.0,13.0,8.0,,,21.0,1961598.0,59593156.0,1787531.0,54305021.0,,,,,,,,,,,,,,,,,796369.0,24193610.0,,,,,,,,,,,800.0,,,,,,,,
2013,Africa,Gambia Red Cross Society,Gambia,GMB,DGM001,2124869.0,1375609453.4375,,670.0,62.114,65.2,41.95,57.82,598.0,,,,8.0,,,,,,4374.0,,,,,26.0,878080.0,36667499.0,665869.0,27805808.0,,,,,,,,,,,,,,,,,0.0,,,,,,,,,,,,,,,,,,,,
2014,Africa,Gambia Red Cross Society,Gambia,GMB,DGM001,2189019.0,1229461721.4086,,600.0,62.269,62.6,,58.528,543.0,,,,7.0,,400.0,250.0,,,650.0,22.0,9.0,,,31.0,284688.0,12258461.0,562354.0,24214585.0,,,,,,,,,,,,,,,,,0.0,,,,,,,,,,,,44800.0,,,,,,,,
2015,Africa,Gambia Red Cross Society,Gambia,GMB,DGM001,2253133.0,1378176608.932,48.6,580.0,62.494,60.1,50.78,59.228,535.0,,,,7.0,,4.0,9.0,,,13.0,21.0,8.0,,,29.0,1288180.0,50252941.0,1199106.0,46778101.0,,,,,,,,,,,,,,,,,0.0,,,,,,,,,,,,44800.0,,,,,,,,
2016,Africa,Gambia Red Cross Society,Gambia,GMB,,2317206.0,1484578885.9713,,580.0,63.013,57.7,,59.918,505.0,,,,7.0,,200.0,150.0,,,350.0,22.0,8.0,,,30.0,393494.0,16066236.0,495750.0,20241318.0,5461.0,222984.0,0.0,0.0,0.0,0.0,0.0,0.0,0.0,0.0,0.0,0.0,8272.0,337727.0,36247.0,1479943.0,180458.0,7368022.0,71552.0,2921440.0,59432.0,2426580.0,32073.0,1309540.0,512.0,110.0,,402.0,,,,0.0,,,,,
2017,Africa,Gambia Red Cross Society,Gambia,GMB,,2381182.0,1504909462.6952,,610.0,62.995,55.5,,60.599,494.0,1.0,1.0,18.0,7.0,,,,,,1870.0,17.0,11.0,,0.0,28.0,434826.0,21057969.0,439228.0,21271156.0,,,,,,,,,,,,,,,,,,,,,,,,,407.0,259.0,,148.0,150.0,210.0,210.0,458703.0,,,,,
2018,Africa,Gambia Red Cross Society,Gambia,GMB,,2444916.0,1670671327.8165,,670.0,63.04,53.4,,61.27,512.0,1.0,1.0,18.0,7.0,,4130.0,7318.0,,,11448.0,22.0,9.0,,,31.0,396364.0,19696067.0,267720.0,13303520.0,6275.0,311816.0,0.0,0.0,0.0,0.0,48401.0,2405138.0,0.0,0.0,0.0,0.0,36809.0,1829125.0,13881.0,689764.0,210015.0,10436033.0,7500.0,372694.0,55448.0,2755316.0,18035.0,896183.0,538.0,268.0,,270.0,67.0,12000.0,12000.0,1886.0,,,,,
2019,Africa,Gambia Red Cross Society,Gambia,GMB,,2508883.0,1813609692.4999,,700.0,63.755,51.5,,61.931,474.0,,,,,,,,,,,,,,,,,,,,,,,,,,,,,,,,,,,,,,,,,,,,,,,,,,,,,,,,
2020,Africa,Gambia Red Cross Society,Gambia,GMB,,2573995.0,1812170891.1907,53.4,700.0,62.612,49.6,,62.582,458.0,,,16.0,7.0,,4390.0,6760.0,,0.0,11150.0,39.0,11.0,,0.0,50.0,1612920.0,90187855.0,1207937.0,67542885.0,4277.0,239130.0,0.0,0.0,10443.0,583907.0,209093.0,11691629.0,19400.0,1084746.0,3005.0,168000.0,2332.0,130400.0,29164.0,1630751.0,738269.0,41280965.0,431864.0,24148092.0,30971.0,1731781.0,134102.0,7498454.0,1581.0,670.0,0.0,911.0,,185.0,185.0,1182000.0,,,,,
2021,Africa,Gambia Red Cross Society,Gambia,GMB,,2639916.0,2038414968.6068,,740.0,62.083,47.9,,63.222,,,,,,,,,,,,,,,,,,,,,,,,,,,,,,,,,,,,,,,,,,,,,,,,,,,,,,,,,
2022,Africa,Gambia Red Cross Society,Gambia,GMB,,2705992.0,2187194563.4861,,800.0,,,58.67,63.852,,1.0,1.0,17.0,7.0,,7491.0,8445.0,,,15936.0,49.0,11.0,,,60.0,2063190.0,118519642.0,2204873.0,126658587.0,1203.0,69085.0,1506.0,86500.0,8882.0,510249.0,256106.0,14711968.0,48538.0,2788273.0,79963.0,4593455.0,1852.0,106400.0,28759.0,1652035.0,467975.0,26882732.0,1064121.0,61128283.0,78397.0,4503482.0,769.0,44180.0,32175.0,17054.0,,15121.0,12842.0,33502.0,33502.0,1242893.0,,,,,
2023,Africa,Gambia Red Cross Society,Gambia,GMB,,,,,,,,,,,1.0,1.0,17.0,459.0,7.0,7302.0,9938.0,0.0,0.0,17240.0,33.0,12.0,0.0,0.0,45.0,480668.0,38111926.0,660994.0,52409935.0,2288.0,181445.0,441.0,35000.0,97426.0,7724900.0,118921.0,9429188.0,17209.0,1364500.0,,,8139.0,645350.0,21817.0,1729876.0,29724.0,2356786.0,147654.0,11707431.0,36696.0,2909614.0,351.0,27836.0,719.0,323.0,,396.0,3271.0,8236.0,9286.0,12492.0,,,,,
2024,Africa,Gambia Red Cross Society,Gambia,GMB,,,,,,,,,,,,,,,,,,,,,,,,,,,,,,,,,,,,,,,,,,,,,,,,,,,,,,,,,,,,,,,,,,
2010,Africa,Red Cross Society of Guinea,Guinea,GIN,DGN001,10270728.0,6853467832.4941,,690.0,56.72,121.9,25.31,33.678,741.0,,,,,,,,,,11000.0,,,,,,0.0,,0.0,,,,,,,,,,,,,,,,,,0.0,,,,,,,,,,,,,,,,,,,,
2012,Africa,Red Cross Society of Guinea,Guinea,GIN,DGN001,10788692.0,7638045226.0442,,690.0,57.406,117.7,,34.255,679.0,,,,240.0,,2900.0,2100.0,,,5000.0,15.0,5.0,,,20.0,148654.0,1131358274.0,95425.0,726247344.0,,,,,,,,,,,,,,,,,0.0,0.0,,,,,,,,,,,77799.0,,,,,,,,
2013,Africa,Red Cross Society of Guinea,Guinea,GIN,DGN001,11055430.0,8376613880.8493,,690.0,57.791,115.7,,34.545,677.0,,,,240.0,,11987.0,5137.0,,,17124.0,,,,,37.0,193262.0,1502372448.0,241729.0,1879139220.0,,,,,,,,,,,,,,,,,0.0,,,,,,,,,,,,,,,,,,,,
2014,Africa,Red Cross Society of Guinea,Guinea,GIN,DGN001,11333365.0,8778473643.3185,,730.0,57.886,114.5,32.0,34.836,661.0,,,,250.0,,12825.0,4299.0,,,17124.0,155.0,37.0,,,192.0,99767.0,697146973.0,79410.0,554898880.0,,,,,,,,,,,,,,,,,0.0,,,,,,,,,,,,51343.0,,,,,,,,
2015,Africa,Red Cross Society of Guinea,Guinea,GIN,DGN001,11625998.0,8794202394.2908,,750.0,58.134,112.6,,35.141,649.0,,,,213.0,,12823.0,4297.0,,,17120.0,381.0,217.0,,,598.0,51025.0,395435230.0,49053.0,380155281.0,,,,,,,,,,,,,,,,,0.0,,,,,,,,,,,,9027.0,,,,,,,,
2016,Africa,Red Cross Society of Guinea,Guinea,GIN,,11930985.0,8595955600.366,,760.0,58.763,110.1,,35.46,626.0,,,,251.0,,12651.0,4473.0,,,17124.0,104.0,24.0,,,128.0,734946.0,6621133547.0,677977.0,6107904790.0,0.0,0.0,0.0,0.0,0.0,0.0,0.0,0.0,0.0,0.0,124943.0,1125613005.0,8750.0,78825000.0,55836.0,503030000.0,259357.0,2336553542.0,146910.0,1323517000.0,123624.0,1113728000.0,0.0,0.0,763.0,317.0,,446.0,101169.0,551.0,551.0,5425.0,,,,,
2017,Africa,Red Cross Society of Guinea,Guinea,GIN,,12240789.0,10324668271.1032,,810.0,59.109,108.3,,35.793,572.0,1.0,1.0,9.0,302.0,,,,,,9264.0,105.0,24.0,,0.0,129.0,2543152.0,23331666278.0,1363261.0,12506982893.0,0.0,0.0,0.0,0.0,0.0,0.0,41004.0,376185190.0,0.0,0.0,0.0,0.0,14388.0,132000000.0,86639.0,794852545.0,1120059.0,10275767513.0,227319.0,2085491699.0,176514.0,1619398797.0,877229.0,8047970534.0,2510.0,1009.0,0.0,1501.0,3274.0,63000.0,63000.0,3274.0,,,,,
2018,Africa,Red Cross Society of Guinea,Guinea,GIN,,12554864.0,11857030367.2441,43.7,850.0,59.349,106.2,39.62,36.14,568.0,1.0,1.0,9.0,304.0,,1913.0,525.0,,,2438.0,152.0,44.0,,,196.0,1472843.0,13512322254.0,1458060.0,13376692888.0,0.0,0.0,0.0,0.0,0.0,0.0,0.0,0.0,0.0,0.0,0.0,0.0,0.0,0.0,152027.0,1394745489.0,1162347.0,10663737020.0,0.0,0.0,158469.0,1453839745.0,0.0,0.0,159.0,51.0,,108.0,38337.0,112000.0,112000.0,13330.0,,,,,
2019,Africa,Red Cross Society of Guinea,Guinea,GIN,,12877539.0,13442861496.4128,,940.0,59.72,104.0,,36.5,556.0,,,9.0,321.0,,5423.0,2857.0,,0.0,8280.0,271.0,88.0,,0.0,359.0,2491043.0,23952337285.0,1438017.0,13827089772.0,0.0,0.0,0.0,0.0,0.0,0.0,0.0,0.0,0.0,0.0,0.0,0.0,17935.0,172450000.0,297488.0,2860459881.0,1669002.0,16048095235.0,341958.0,3288059250.0,135564.0,1303503126.0,29096.0,279769793.0,2006.0,592.0,0.0,1414.0,7125.0,197798.0,197798.0,197798.0,,,,,
2020,Africa,Red Cross Society of Guinea,Guinea,GIN,,13205153.0,14177835841.3923,,950.0,59.327,101.6,,36.875,553.0,,,4.0,329.0,,,,,6210.0,6210.0,,,,123.0,123.0,3832263.0,3832263.0,3551982.0,3551982.0,,,,,,,409989.0,409989.0,,,13058.0,13058.0,,,394696.0,394696.0,1582926.0,1582926.0,766312.0,766312.0,127976.0,127976.0,,,1986.0,,1986.0,,21327.0,1309620.0,1309620.0,158512.0,,,,,
2021,Africa,Red Cross Society of Guinea,Guinea,GIN,,13531906.0,16091817842.1318,,990.0,58.892,98.7,45.33,37.264,,1.0,1.0,4.0,434.0,,12420.0,7980.0,,,20400.0,79.0,44.0,,,123.0,2950987.0,31393480019.0,2794473.0,29728439532.0,70500.0,750000000.0,,,,,135532.0,1441825000.0,,,18300.0,194682162.0,19295.0,205266424.0,14739.0,156800000.0,1012151.0,10767564808.0,993443.0,10568542055.0,102696.0,1092506000.0,282000.0,3000000000.0,4959.0,1321.0,,3638.0,0.0,90362.0,90362.0,69464.0,,,,,
2022,Africa,Red Cross Society of Guinea,Guinea,GIN,,13859341.0,20999229260.4955,,1190.0,,,,37.668,,1.0,1.0,4.0,341.0,,12420.0,8631.0,,159.0,21210.0,91.0,44.0,,,135.0,1687450.0,16225484690.0,1449796.0,13940345394.0,,,,,,,125474.0,1206484350.0,,,,,12698.0,122100000.0,234391.0,2253763500.0,247972.0,2384343806.0,894035.0,8596490034.0,172880.0,1662303000.0,,,5256.0,1534.0,,3722.0,100623.0,8320.0,8320.0,24615.0,,,,,
2023,Africa,Red Cross Society of Guinea,Guinea,GIN,,,,,,,,,,,1.0,1.0,4.0,303.0,38.0,17176.0,12824.0,,,30000.0,77.0,44.0,,,121.0,1743226.0,1743226.0,1690481.0,1690481.0,,,,,,,318692.0,318692.0,,,,,,,,,29655.0,29655.0,1241264.0,1241264.0,136344.0,136344.0,,,3125.0,938.0,,2187.0,20533.0,22001.0,73412.0,137524.0,,,,,
2024,Africa,Red Cross Society of Guinea,Guinea,GIN,,,,,,,,,,,1.0,1.0,4.0,303.0,38.0,17176.0,13424.0,,,30600.0,77.0,44.0,,,121.0,4161661.0,4161661.0,4102407.0,4102407.0,,,,,,,1255346.0,1255346.0,,,,,17855.0,17855.0,286191.0,286191.0,33158.0,33158.0,1362680.0,1362680.0,147975.0,147975.0,,,4948.0,2375.0,,2573.0,21336.0,22104.0,86315.0,40478.0,,,,,
2012,Africa,Red Cross of Equatorial Guinea,Equatorial Guinea,GNQ,DGQ001,1193636.0,22388344143.9131,,11980.0,58.865,103.6,,69.0,179.0,,,,9.0,,,,,,32.0,,,,,,25841.0,14035400.0,25648.0,13930360.0,,,,,,,,,,,,,,,,,0.0,,,,,,,,,,,,,,,,,,,,
2013,Africa,Red Cross of Equatorial Guinea,Equatorial Guinea,GNQ,DGQ001,1243941.0,21948834283.7856,,12140.0,59.224,100.2,,69.544,187.0,,,,1.0,,,,,,,,,,,,0.0,,0.0,,,,,,,,,,,,,,,,,,0.0,,,,,,,,,,,,,,,,,,,,
2014,Africa,Red Cross of Equatorial Guinea,Equatorial Guinea,GNQ,DGQ001,1295183.0,21765453081.9826,,11460.0,59.595,96.8,,70.083,207.0,,,,10.0,,226.0,116.0,,,342.0,15.0,9.0,,,24.0,0.0,,0.0,,,,,,,,,,,,,,,,,,0.0,,,,,,,,,,,,21.0,,,,,,,,
2015,Africa,Red Cross of Equatorial Guinea,Equatorial Guinea,GNQ,DGQ001,1346973.0,13185496881.4055,,9410.0,60.103,93.7,,70.616,201.0,,,,10.0,,,,,,400.0,,,,,18.0,0.0,,0.0,,,,,,,,,,,,,,,,,,0.0,,,,,,,,,,,,,,,,,,,,
2016,Africa,Red Cross of Equatorial Guinea,Equatorial Guinea,GNQ,,1398927.0,11240808846.6928,,7180.0,60.479,90.6,,71.138,182.0,,,,17.0,,,,,,400.0,,,,,20.0,,,,,,,,,,,,,,,,,,,,,,,,,,,,,,,,,,,,,,,,,
2017,Africa,Red Cross of Equatorial Guinea,Equatorial Guinea,GNQ,,1450694.0,12200913887.6419,,5660.0,60.821,87.6,,71.646,197.0,0.0,0.0,,,,,,,,,,,,,,,,,,,,,,,,,,,,,,,,,,,,,,,,,,,,,,,,,,,,,,
2018,Africa,Red Cross of Equatorial Guinea,Equatorial Guinea,GNQ,,1502091.0,13097012124.2267,,5860.0,61.191,84.7,,72.143,219.0,0.0,0.0,11.0,13.0,,,,,,502.0,,,,,22.0,,,,,,,,,,,,,,,,,,,,,,,,,,,,,1047.0,,,,,,,,,,,,
2019,Africa,Red Cross of Equatorial Guinea,Equatorial Guinea,GNQ,,1553031.0,11364133546.2488,,5520.0,61.644,81.9,,72.627,216.0,,,,,,,,,,,,,,,,,,,,,,,,,,,,,,,,,,,,,,,,,,,,,,,,,,,,,,,,
2020,Africa,Red Cross of Equatorial Guinea,Equatorial Guinea,GNQ,,1596049.0,9893816016.147,,5150.0,60.708,79.3,,73.1,212.0,,,,,,,,,,,,,,,,,,,,,,,,,,,,,,,,,,,,,,,,,,,,,,,,,,,,,,,,
2021,Africa,Red Cross of Equatorial Guinea,Equatorial Guinea,GNQ,,1634466.0,12104994084.4108,,5190.0,60.594,76.8,,73.561,,,,,,,,,,,,,,,,,307566.0,187769143.0,101697.0,62086377.0,,,,,,,,,,,,,,,,,,,,,,,,,,,,,,,,,,,,,
2022,Africa,Red Cross of Equatorial Guinea,Equatorial Guinea,GNQ,,1674908.0,12029633746.519,,5240.0,,,,74.01,,1.0,1.0,7.0,17.0,,48.0,82.0,,,130.0,8.0,9.0,,,17.0,265200.0,168595168.0,102032.0,64864402.0,,,,,,,,,,,,,,,11087.0,7048625.0,,,,,,,,,15.0,3.0,,12.0,20.0,,,,,,,,
2023,Africa,Red Cross of Equatorial Guinea,Equatorial Guinea,GNQ,,,,,,,,,,,0.0,1.0,21.0,18.0,8.0,252.0,248.0,,,500.0,15.0,12.0,,,27.0,202408.0,142741820.0,120063.0,84670546.0,,,,,,,,,,,,,92.0,65000.0,4066.0,2867750.0,,,,,,,,,,,,,,,,,,,,,
2024,Africa,Red Cross of Equatorial Guinea,Equatorial Guinea,GNQ,,,,,,,,,,,,,,,,,,,,,,,,,,,,,,,,,,,,,,,,,,,,,,,,,,,,,,,,,,,,,,,,,,
2010,Europe and Central Asia,Hellenic Red Cross,Greece,GRC,DGR001,11121341.0,297124961971.501,21.4,27610.0,80.3878,3.9,,76.292,3.0,,,,,,,,,,11120.0,,,,,,0.0,,0.0,,,,,,,,,,,,,,,,,,0.0,,,,,,,,,,,,,,,,,,,,
2012,Europe and Central Asia,Hellenic Red Cross,Greece,GRC,DGR001,11045011.0,242029307133.408,23.1,23180.0,80.6341,4.0,,77.004,4.0,,,,86.0,,,,,,24832.0,,,,,,0.0,,0.0,,,,,,,,,,,,,,,,,,0.0,,,,,,,,,,,,,,,,,,,,
2013,Europe and Central Asia,Hellenic Red Cross,Greece,GRC,DGR001,10965211.0,238907690051.13,22.1,22430.0,81.2854,4.2,,77.355,4.0,,,,86.0,,,,,,13227.0,,,,,485.0,0.0,,0.0,,,,,,,,,,,,,,,,,,0.0,,,,,,,,,,,,0.0,,,,,,,,
2014,Europe and Central Asia,Hellenic Red Cross,Greece,GRC,DGR001,10892413.0,235458133124.608,21.4,22010.0,81.3854,4.3,,77.702,5.0,,,,81.0,,,,,,8550.0,,,,,233.0,0.0,,0.0,,,,,,,,,,,,,,,,,,0.0,,,,,,,,,,,,,,,,,,,,
2015,Europe and Central Asia,Hellenic Red Cross,Greece,GRC,DGR001,10820883.0,195683527003.375,21.2,20190.0,81.0366,4.4,,78.046,5.0,,,,81.0,,,,,,12122.0,,,,,254.0,0.0,,0.0,,,,,,,,,,,,,,,,,,0.0,,,,,,,,,,,,,,,,,,,,
2016,Europe and Central Asia,Hellenic Red Cross,Greece,GRC,,10775971.0,193148146586.933,20.2,18640.0,81.3878,4.4,,78.387,5.0,,,,81.0,,1557.0,5443.0,,,10650.0,130.0,300.0,,,430.0,18643413.0,17390757.0,18099727.0,16883601.0,6067.0,5659.0,51403.0,47949.0,0.0,0.0,209421.0,195350.0,0.0,0.0,0.0,0.0,1097263.0,1023538.0,0.0,0.0,0.0,0.0,2124833.0,1982065.0,115092.0,107359.0,159909.0,149165.0,27420.0,,,,0.0,4000.0,4000.0,40512.0,,,,,
2017,Europe and Central Asia,Hellenic Red Cross,Greece,GRC,,10754679.0,199844406013.531,18.5,17960.0,81.2878,4.3,,78.724,6.0,1.0,1.0,21.0,,,,,,,,,,,,,19573833.0,16735107.0,18792956.0,16067478.0,,,,,965360.0,825357.0,1535097.0,1312467.0,,,,,63507.0,54297.0,197872.0,169175.0,,,2432910.0,2080073.0,83803.0,71649.0,105367.0,90086.0,,,,,,,,,,,,,
2018,Europe and Central Asia,Hellenic Red Cross,Greece,GRC,,10732882.0,212049447242.111,17.9,19080.0,81.7878,4.2,,79.058,6.0,0.0,1.0,21.0,86.0,,1765.0,4748.0,,,6513.0,147.0,324.0,,,471.0,19698939.0,17480180.0,19430462.0,17241942.0,674251.0,598308.0,1897750.0,1684000.0,10988.0,9750.0,671831.0,596160.0,,,,,2214.0,1965.0,284441.0,252403.0,105141.0,93299.0,1069570.0,949101.0,15833.0,14050.0,108185.0,96000.0,60074.0,22041.0,,38033.0,2751.0,74.0,74.0,8400.0,,,,,
2019,Europe and Central Asia,Hellenic Red Cross,Greece,GRC,,10721582.0,205252760889.364,17.7,19690.0,81.639,4.0,,79.388,6.0,,,21.0,88.0,,1229.0,3860.0,,,5089.0,131.0,297.0,,,428.0,17449491.0,16010000.0,17667474.0,16210000.0,653947.0,600000.0,217982.0,200000.0,10899.0,10000.0,,,,,653947.0,600000.0,5450.0,5000.0,272478.0,250000.0,98092.0,90000.0,1035416.0,950000.0,10899.0,10000.0,103542.0,95000.0,20536.0,,20536.0,,8846.0,886.0,886.0,0.0,,,,,
2020,Europe and Central Asia,Hellenic Red Cross,Greece,GRC,,10698599.0,188480337285.605,19.6,17920.0,81.2878,3.9,,79.715,8.0,,,21.0,86.0,,1150.0,3328.0,,0.0,4478.0,185.0,369.0,,0.0,554.0,17708494.0,16416971.0,18450418.0,17104785.0,184985.0,171494.0,234002.0,216936.0,,,103456.0,95911.0,33650.0,31196.0,,,4919.0,4560.0,314293.0,291371.0,,,3075946.0,2851610.0,370325.0,343316.0,8204.0,7606.0,6956.0,,6956.0,,82895.0,11576.0,11576.0,7000.0,,,,,
2021,Europe and Central Asia,Hellenic Red Cross,Greece,GRC,,10569207.0,214667807441.202,18.8,20010.0,80.1829,3.7,,80.038,,0.0,1.0,21.0,90.0,,461.0,2443.0,,2058.0,4962.0,239.0,422.0,,,661.0,17635307.0,16416971.0,18374165.0,17104785.0,184221.0,171494.0,233035.0,216936.0,0.0,0.0,103029.0,95911.0,33511.0,31196.0,0.0,0.0,4898.0,4560.0,312994.0,291371.0,0.0,0.0,3063234.0,2851610.0,368794.0,343316.0,8170.0,7606.0,9765.0,,,,4175.0,,,6967.0,,,,,
2022,Europe and Central Asia,Hellenic Red Cross,Greece,GRC,,10426919.0,217581324512.059,,21810.0,,,,80.357,,,,,,,,,,,,,,,,,,,,,,,,,,,,,,,,,,,,,,,,,,,,,,,,,,,,,,,,,
2023,Europe and Central Asia,Hellenic Red Cross,Greece,GRC,,,,,,,,,,,0.0,0.0,21.0,86.0,82.0,,,,,5600.0,,,,,500.0,20125569.0,21638000.0,17866296.0,19208943.0,340418.0,366000.0,2306655.0,2480000.0,,,,,,,,,,,658513.0,708000.0,,,1075199.0,1156000.0,24183.0,26000.0,3041437.0,3270000.0,18702.0,,,,15630.0,18878.0,18878.0,9386.0,,,,,
2024,Europe and Central Asia,Hellenic Red Cross,Greece,GRC,,,,,,,,,,,0.0,1.0,21.0,86.0,82.0,,,,,5680.0,,,,,517.0,15229425.0,16185000.0,16246602.0,17266000.0,188192.0,200000.0,,,112915.0,120000.0,,,,,,,,,329336.0,350000.0,9410.0,10000.0,282288.0,300000.0,,,2507656.0,2665000.0,66322.0,,,,13232.0,153648.0,153648.0,340.0,,,,,
2010,Americas,Guatemalan Red Cross,Guatemala,GTM,DGT001,14259687.0,40676578423.4871,,2730.0,70.878,34.8,,48.403,123.0,,,,,,,,,,557.0,,,,,,0.0,,0.0,,,,,,,,,,,,,,,,,,0.0,,,,,,,,,,,,,,,,,,,,
2011,Americas,Guatemalan Red Cross,Guatemala,GTM,DGT001,14521515.0,46876006272.2387,,2910.0,71.177,33.4,,48.701,120.0,,,,20.0,,,,,,1142.0,,,,,78.0,0.0,,0.0,,,,,,,,,,,,,,,,,,0.0,,,,,,,,,,,,,,,,,,,,
2012,Americas,Guatemalan Red Cross,Guatemala,GTM,DGT001,14781942.0,49593929487.1263,,3160.0,71.463,32.1,78.26,49.0,118.0,,,,21.0,,615.0,424.0,,,1039.0,,,,,125.0,5523574.0,6043895.0,5026503.0,5500000.0,,,,,,,,,,,,,,,,,363543228.0,397789000.0,,,,,,,,,,,,,,,,,,,
2013,Americas,Guatemalan Red Cross,Guatemala,GTM,DGT001,15043981.0,52996446269.442,,3380.0,71.728,30.8,77.04,49.311,109.0,,,,20.0,,722.0,530.0,,,1252.0,81.0,72.0,,,153.0,3249602.0,28307612.0,1538095.0,13398496.0,,,,,,,,,,,,,,,,,0.0,,,,,,,,,,,,,,,,,,,,
2014,Americas,Guatemalan Red Cross,Guatemala,GTM,DGT001,15306316.0,57852153058.502,59.3,3550.0,71.964,29.5,81.29,49.634,107.0,,,,22.0,,872.0,657.0,,,1529.0,129.0,137.0,,,266.0,4364914.0,32932929.0,4059290.0,30627019.0,,,,,,,,,,,,,,,,,0.0,,,,,,,,,,,,33644.0,,,,,,,,
2015,Americas,Guatemalan Red Cross,Guatemala,GTM,DGT001,15567419.0,62186064718.7424,,3700.0,72.103,28.4,,49.971,107.0,,,,21.0,,943.0,741.0,,,1684.0,103.0,111.0,,,214.0,4090766.0,30738463.0,3990422.0,29984469.0,,,,,,,,,,,,,,,,,0.0,,,,,,,,,,,,38455.0,,,,,,,,
2016,Americas,Guatemalan Red Cross,Guatemala,GTM,,15827690.0,66053403469.0024,,3870.0,72.355,27.3,,50.319,103.0,,,,21.0,,1044.0,818.0,,,1862.0,121.0,118.0,,,239.0,4541337.0,32390694.0,4096483.0,29217810.0,0.0,0.0,0.0,0.0,0.0,0.0,0.0,0.0,0.0,0.0,0.0,0.0,51876.0,370000.0,0.0,0.0,841598.0,6002624.0,707767.0,5048088.0,145628.0,1038679.0,691393.0,4931302.0,1867.0,1064.0,,803.0,9645.0,6638.0,6638.0,1513.0,,,,,
2017,Americas,Guatemalan Red Cross,Guatemala,GTM,,16087418.0,71653754066.2763,,4100.0,72.551,26.3,,50.68,95.0,1.0,1.0,11.0,20.0,,1053.0,859.0,,0.0,1912.0,94.0,106.0,,0.0,200.0,4453954.0,33108500.0,4407647.0,32764277.0,2799.0,20805.0,0.0,0.0,0.0,0.0,437477.0,3251991.0,0.0,0.0,0.0,0.0,510988.0,3798431.0,1323629.0,9839205.0,480248.0,3569926.0,60012.0,446098.0,24490.0,182043.0,0.0,0.0,2340.0,1273.0,0.0,1067.0,2297.0,18151.0,18151.0,14.0,,,,,
2018,Americas,Guatemalan Red Cross,Guatemala,GTM,,16346950.0,73328365862.4329,,4400.0,72.726,25.4,80.81,51.054,98.0,1.0,1.0,11.0,21.0,,1158.0,943.0,,0.0,2101.0,123.0,131.0,,0.0,254.0,6165152.0,47892860.0,5488708.0,42638027.0,134247.0,1042876.0,89403.0,694511.0,14418.0,112005.0,191805.0,1490000.0,0.0,0.0,808267.0,6278874.0,0.0,0.0,2333155.0,18124686.0,652977.0,5072530.0,22858.0,177571.0,69762.0,541936.0,1622.0,12600.0,2624.0,941.0,0.0,1683.0,73999.0,7375.0,7375.0,1490.0,,,,,
2019,Americas,Guatemalan Red Cross,Guatemala,GTM,,16604026.0,77172317258.6478,,4620.0,73.129,24.6,,51.439,100.0,,,11.0,21.0,,1102.0,898.0,,0.0,2000.0,129.0,145.0,,0.0,274.0,4957426.0,38229034.0,5437241.0,41929107.0,95384.0,735554.0,27450.0,211676.0,0.0,0.0,194716.0,1501543.0,0.0,0.0,0.0,0.0,2128540.0,16414166.0,0.0,0.0,476209.0,3672273.0,125895.0,970837.0,94598.0,729489.0,258510.0,1993493.0,2624.0,941.0,0.0,1683.0,9790.0,9790.0,9790.0,,,,,,
2020,Americas,Guatemalan Red Cross,Guatemala,GTM,,16858333.0,77715183063.2054,,4490.0,71.797,23.8,,51.836,96.0,,,11.0,21.0,,428.0,348.0,,,776.0,115.0,121.0,,,236.0,3409153.0,28177148.0,2800710.0,23148279.0,0.0,0.0,64479.0,532927.0,0.0,0.0,707936.0,5851193.0,0.0,0.0,0.0,0.0,0.0,0.0,0.0,0.0,124971.0,1032901.0,838030.0,6926443.0,34102.0,281855.0,0.0,0.0,402.0,228.0,,174.0,14498.0,12326.0,12326.0,76017.0,,,,,
2021,Americas,Guatemalan Red Cross,Guatemala,GTM,,17109746.0,86053083476.0294,,4930.0,69.237,23.0,,52.245,,1.0,1.0,10.0,21.0,,745.0,666.0,,,1411.0,120.0,139.0,,,259.0,7669337.0,63496301.0,8203876.0,67921877.0,,,,,18784.0,155517.0,645321.0,5342768.0,,,,,1736913.0,14380322.0,108505.0,898342.0,676873.0,5603994.0,2773797.0,22964939.0,65019.0,538312.0,194716.0,1612105.0,409.0,239.0,,170.0,8535.0,2780.0,2780.0,28050.0,,,,,
2022,Americas,Guatemalan Red Cross,Guatemala,GTM,,17357886.0,95003330315.8754,,5350.0,,,84.27,52.666,,1.0,1.0,11.0,21.0,,906.0,824.0,,,1730.0,120.0,139.0,,,259.0,9771815.0,79915397.0,7808452.0,63858714.0,437523.0,3578126.0,46216.0,377962.0,,,,,,,,,632154.0,5169853.0,1654809.0,13533281.0,1122757.0,9182075.0,2789573.0,22813552.0,83790.0,685248.0,300.0,2457.0,592.0,281.0,,311.0,49378.0,,,9936.0,,,,,
2023,Americas,Guatemalan Red Cross,Guatemala,GTM,,,,,,,,,,,0.0,0.0,11.0,21.0,21.0,,,,,650.0,,,,,242.0,7082522.0,7082522.0,6157309.0,6157309.0,346890.0,346890.0,71208.0,71208.0,,,,,,,,,1025606.0,1025606.0,,,1717164.0,1717164.0,894443.0,894443.0,107615.0,107615.0,1263869.0,1263869.0,737.0,,,,7960.0,,,23631.0,,,,,
2024,Americas,Guatemalan Red Cross,Guatemala,GTM,,,,,,,,,,,0.0,1.0,11.0,21.0,21.0,,,,,2000.0,,,,,197.0,,,,,,,,,,,,,,,,,,,,,,,,,,,,,,,,,,,,,,,,,
2010,Africa,Red Cross Society of Guinea-Bissau,Guinea-Bissau,GNB,DGW001,1567220.0,849878489.1184,48.7,570.0,56.23,114.4,,40.111,795.0,,,,,,,,,,872.0,,,,,,0.0,,0.0,,,,,,,,,,,,,,,,,,0.0,,,,,,,,,,,,,,,,,,,,
2012,Africa,Red Cross Society of Guinea-Bissau,Guinea-Bissau,GNB,DGW001,1652717.0,989271155.1351,,610.0,57.69,103.9,,40.908,758.0,,,,11.0,,,,,,1415.0,,,,,13.0,490562.0,266443300.0,455944.0,247641052.0,,,,,,,,,,,,,,,,,0.0,,,,,,,,,,,,,,,,,,,,
2013,Africa,Red Cross Society of Guinea-Bissau,Guinea-Bissau,GNB,DGW001,1697753.0,1046087367.4545,,620.0,58.232,99.4,,41.31,742.0,,,,11.0,,,,,,2071.0,,,,,17.0,519952.0,278235389.0,34435.0,18426763.0,,,,,,,,,,,,,,,,,0.0,,,,,,,,,,,,,,,,,,,,
2014,Africa,Red Cross Society of Guinea-Bissau,Guinea-Bissau,GNB,DGW001,1743309.0,1054915581.3577,,620.0,58.61,95.5,45.58,41.715,733.0,,,,11.0,,,,,,185.0,20.0,6.0,,,26.0,686129.0,373938325.0,662841.0,361246505.0,,,,,,,,,,,,,,,,,0.0,,,,,,,,,,,,555.0,,,,,,,,
2015,Africa,Red Cross Society of Guinea-Bissau,Guinea-Bissau,GNB,DGW001,1788919.0,1048229633.0019,,620.0,59.128,91.8,,42.123,713.0,,,,74.0,,,,,,174.0,,,,,579.0,198595.0,119958081.0,63711.0,38483804.0,,,,,,,,,,,,,,,,,0.0,,,,,,,,,,,,8030.0,,,,,,,,
2016,Africa,Red Cross Society of Guinea-Bissau,Guinea-Bissau,GNB,,1834552.0,1179004911.2668,,640.0,59.674,88.6,,42.533,673.0,,,,74.0,,,,,,,,,,,,274036.0,167503713.0,274036.0,167503713.0,0.0,0.0,0.0,0.0,0.0,0.0,80202.0,49023180.0,0.0,0.0,0.0,0.0,401.0,245000.0,0.0,0.0,27136.0,16586648.0,3186.0,1947648.0,74386.0,45468369.0,17320.0,10586648.0,125.0,,,,5200.0,,,180000.0,,,,,
2017,Africa,Red Cross Society of Guinea-Bissau,Guinea-Bissau,GNB,,1879826.0,1350177012.2427,,660.0,60.066,85.5,,42.945,705.0,1.0,1.0,13.0,11.0,,,,,,2500.0,5.0,5.0,,,10.0,,,,,,,,,,,10710.0,6000000.0,,,18.0,9884.0,3570.0,2000000.0,19278.0,10800000.0,2678.0,1500000.0,277.0,155285.0,49090.0,27501250.0,,,67.0,26.0,,41.0,0.0,0.0,0.0,824.0,,,,,
2018,Africa,Red Cross Society of Guinea-Bissau,Guinea-Bissau,GNB,,1924955.0,1504630233.6816,47.7,700.0,60.502,82.4,,43.36,648.0,1.0,1.0,12.0,74.0,,7.0,1.0,,,8.0,5.0,6.0,,,11.0,18554.0,10800000.0,17122.0,9966000.0,0.0,0.0,0.0,0.0,0.0,0.0,0.0,0.0,0.0,0.0,0.0,0.0,0.0,0.0,,,0.0,0.0,,,,,,,134.0,48.0,,86.0,2198.0,22599.0,22599.0,6618.0,,,,,
2019,Africa,Red Cross Society of Guinea-Bissau,Guinea-Bissau,GNB,,1970457.0,1439638410.9968,,780.0,60.882,79.5,,43.777,710.0,,,,,,,,,,,,,,,,,,,,,,,,,,,,,,,,,,,,,,,,,,,,,,,,,,,,,,,,
2020,Africa,Red Cross Society of Guinea-Bissau,Guinea-Bissau,GNB,,2015828.0,1431758231.6852,,740.0,59.999,77.0,,44.196,725.0,,,12.0,54.0,,25.0,15.0,,,40.0,8.0,8.0,,,16.0,415150.0,252524588.0,343085.0,208688933.0,,,,,,,187726.0,114188850.0,411.0,250000.0,2304.0,1401500.0,395.0,240000.0,19399.0,11800000.0,301.0,183012.0,169125.0,102874326.0,35489.0,21586900.0,,,136.0,70.0,,66.0,35718.0,36960.0,36960.0,980.0,,,,,
2021,Africa,Red Cross Society of Guinea-Bissau,Guinea-Bissau,GNB,,2060721.0,1638517606.895,,760.0,59.652,74.3,,44.617,,1.0,1.0,20.0,57.0,,,,,,1500.0,9.0,8.0,,,17.0,207207.0,126500000.0,208845.0,127500000.0,,,,,,,57330.0,35000000.0,,,,,2457.0,1500000.0,14742.0,9000000.0,47912.0,29250000.0,40950.0,25000000.0,33.0,20000.0,,,190.0,,,,,2500.0,2500.0,,,,,,
2022,Africa,Red Cross Society of Guinea-Bissau,Guinea-Bissau,GNB,,2105566.0,1633559092.0886,,820.0,,,53.9,45.041,,1.0,1.0,19.0,57.0,,13.0,2.0,,,15.0,8.0,10.0,0.0,0.0,18.0,780822.0,496390286.0,671883.0,427134668.0,,,,,,,,,,,,,,,,,,,,,,,,,970.0,566.0,,404.0,3462.0,31053.0,31053.0,181718.0,,,,,
2023,Africa,Red Cross Society of Guinea-Bissau,Guinea-Bissau,GNB,,,,,,,,,,,1.0,1.0,24.0,54.0,11.0,1709.0,1291.0,,,3000.0,,,,,16.0,1115052.0,786355726.0,464519.0,327587437.0,,,,,97564.0,68803874.0,589388.0,415647647.0,,,,,37810.0,26664000.0,191224.0,134855000.0,3349.0,2361445.0,,,35189.0,24815750.0,,,800.0,283.0,,517.0,4000.0,63350.0,63350.0,,,,,,
2024,Africa,Red Cross Society of Guinea-Bissau,Guinea-Bissau,GNB,,,,,,,,,,,0.0,1.0,24.0,52.0,11.0,,,,,5000.0,10.0,6.0,,,16.0,527376.0,367642174.0,527376.0,367642174.0,,,,,,,446427.0,311211220.0,,,,,,,23087.0,16094000.0,,,,,47104.0,32836954.0,,,550.0,,,,498.0,2030.0,2030.0,0.0,,,,,
2012,Americas,Guyana Red Cross Society,Guyana,GUY,DGY001,743966.0,4063088535.7633,,5360.0,67.23,35.9,,26.4,136.0,,,,102.0,,,,,,1234.0,16.0,39.0,,,55.0,130535.0,28567000.0,156677.0,34288000.0,,,,,,,,,,,,,,,,,0.0,,,,,,,,,,,,,,,,,,,,
2013,Americas,Guyana Red Cross Society,Guyana,GUY,DGY001,747420.0,4167800935.5988,,5630.0,67.473,35.0,,26.4,133.0,,,,305.0,,647.0,701.0,,,1348.0,6.0,49.0,,,55.0,155201.0,34797334.0,241651.0,54180042.0,,,,,,,,,,,,,,,,,0.0,,,,,,,,,,,,,,,,,,,,
2014,Americas,Guyana Red Cross Society,Guyana,GUY,DGY001,751115.0,4127660158.4726,,5660.0,67.882,34.1,85.64,26.414,131.0,,,,260.0,,832.0,860.0,,,1692.0,6.0,49.0,,,55.0,231611.0,46466971.0,215088.0,43152040.0,,,,,,,,,,,,,,,,,0.0,,,,,,,,,,,,,,,,,,,,
2015,Americas,Guyana Red Cross Society,Guyana,GUY,DGY001,755031.0,4279840193.7046,,5560.0,68.201,33.1,,26.441,128.0,,,,264.0,,645.0,1109.0,,,1754.0,6.0,49.0,,,55.0,190405.0,37948508.0,226708.0,45183858.0,,,,,,,,,,,,,,,,,0.0,,,,,,,,,,,,,,,,,,,,
2016,Americas,Guyana Red Cross Society,Guyana,GUY,,759087.0,4482697336.5617,,5690.0,68.384,32.2,,26.482,127.0,,,,7.0,,,,,,1754.0,,,,,45.0,268774.0,51747111.0,262647.0,50567458.0,,,,,,,,,,,,,,,,,,,,,,,,,801.0,,,,15000.0,2000.0,2000.0,156250.0,,,,,
2017,Americas,Guyana Red Cross Society,Guyana,GUY,,763252.0,4748174334.1404,,6000.0,68.667,31.3,,26.538,123.0,1.0,1.0,9.0,7.0,,,,,,350.0,,,,,40.0,,,,,,,,,,,,,,,,,,,,,,,,,,,,,,,,,,,,,,,,,
2018,Americas,Guyana Red Cross Society,Guyana,GUY,,785514.0,4787637005.5356,,6240.0,68.896,30.3,,26.606,118.0,1.0,1.0,9.0,7.0,,41.0,105.0,,0.0,146.0,3.0,37.0,,0.0,40.0,168564.0,34899362.0,172218.0,35656001.0,820.0,169741.0,12340.0,2554912.0,0.0,0.0,0.0,0.0,0.0,0.0,1701.0,352250.0,73164.0,15147776.0,44285.0,9168683.0,0.0,0.0,0.0,0.0,0.0,0.0,0.0,0.0,570.0,391.0,0.0,179.0,0.0,0.0,0.0,1730.0,,,,,
2019,Americas,Guyana Red Cross Society,Guyana,GUY,,798753.0,5173760191.8465,,6500.0,69.124,29.4,,26.689,110.0,,,5.0,3.0,,,,,150.0,150.0,6.0,5.0,,,11.0,,,,,,,,,,,,,,,,,,,,,,,,,,,,,714.0,498.0,,216.0,,,,,,,,,
2020,Americas,Guyana Red Cross Society,Guyana,GUY,,797202.0,5471256594.7242,,8110.0,68.486,28.5,,26.786,112.0,,,5.0,3.0,,,,,150.0,150.0,6.0,5.0,,,11.0,,,,,,,,,,,,,,,,,,,,,,,,,,,,,426.0,140.0,,286.0,,90.0,90.0,7095.0,,,,,
2021,Americas,Guyana Red Cross Society,Guyana,GUY,,804567.0,8041362110.3118,,9340.0,65.673,27.7,,26.897,,1.0,1.0,5.0,3.0,,,,,,150.0,6.0,5.0,,,11.0,,,,,,,,,,,,,,,,,,,,,,,,,,,,,36.0,36.0,,,8685.0,997.0,997.0,1212.0,,,,,
2022,Americas,Guyana Red Cross Society,Guyana,GUY,,808726.0,14718388489.2086,,14920.0,,,90.03,27.022,,1.0,1.0,5.0,3.0,,,,,,150.0,,,,,11.0,,,,,,,,,,,,,,,,,,,,,,,,,,,,,71.0,28.0,,43.0,3974.0,,,,,,,,
2023,Americas,Guyana Red Cross Society,Guyana,GUY,,,,,,,,,,,0.0,0.0,5.0,3.0,,,,,,100.0,,,,,11.0,,,,,,,,,,,,,,,,,,,,,,,,,,,,,743.0,339.0,,404.0,,1000.0,1000.0,271.0,,,,,
2024,Americas,Guyana Red Cross Society,Guyana,GUY,,,,,,,,,,,,,,,,,,,,,,,,,,,,,,,,,,,,,,,,,,,,,,,,,,,,,,,,,,,,,,,,,,
2010,Americas,Honduran Red Cross,Honduras,HND,DHN001,8450933.0,15839344591.9842,,1710.0,71.088,24.7,84.76,51.885,73.0,,,,51.0,,680.0,820.0,,,1500.0,79.0,97.0,,,176.0,0.0,,0.0,,,,,,,,,,,,,,,,,,0.0,,,,,,,,,,,,22000.0,,,,,,,,
2012,Americas,Honduran Red Cross,Honduras,HND,DHN001,8792367.0,18528554397.5695,,1930.0,71.734,22.9,85.36,53.202,65.0,,,,52.0,,1353.0,637.0,,,1990.0,48.0,112.0,,,160.0,3843280.0,81866478.0,4361448.0,92904079.0,,,,,,,,,,,,,,,,,0.0,,,,,,,,,,,,128108.0,,,,,,,,
2013,Americas,Honduran Red Cross,Honduras,HND,DHN001,8960657.0,18499729214.904,,1970.0,71.963,22.1,85.46,53.858,65.0,,,,52.0,,1187.0,738.0,,,1925.0,85.0,78.0,,,163.0,3807896.0,85871107.0,4187831.0,94438950.0,,,,,,,,,,,,,,,,,0.0,,,,,,,,,,,,,,,,,,,,
2014,Americas,Honduran Red Cross,Honduras,HND,DHN001,9127846.0,19756533971.8698,49.7,1970.0,72.259,21.3,87.2,54.514,68.0,,,,52.0,,981.0,1472.0,,,2453.0,88.0,132.0,,,220.0,4207313.0,87856275.0,4584199.0,95726326.0,,,,,,,,,,,,,,,,,45179.0,943413.0,,,,,,,,,,,27500.0,,,,,,,,
2015,Americas,Honduran Red Cross,Honduras,HND,DHN001,9294505.0,20979791685.416,51.5,2020.0,72.487,20.5,87.91,55.165,67.0,,,,52.0,,2072.0,1957.0,,,4029.0,163.0,150.0,,,313.0,4809068.0,103715730.0,4780568.0,103101082.0,,,,,,,,,,,,,,,,,0.0,,,,,,,,,,,,211761.0,,,,,,,,
2016,Americas,Honduran Red Cross,Honduras,HND,,9460798.0,21717604952.1835,49.7,2080.0,72.588,19.8,88.99,55.813,62.0,,,,52.0,,1407.0,941.0,,,2348.0,165.0,142.0,,,307.0,5911104.0,132550819.0,5412850.0,121377957.0,0.0,0.0,670840.0,15042944.0,0.0,0.0,0.0,0.0,0.0,0.0,0.0,0.0,4050770.0,90834627.0,507416.0,11378323.0,0.0,0.0,0.0,0.0,0.0,0.0,0.0,0.0,807.0,376.0,,431.0,0.0,160997.0,160997.0,1998.0,,,,,
2017,Americas,Honduran Red Cross,Honduras,HND,,9626842.0,23136247990.5977,49.8,2200.0,72.692,19.1,,56.457,64.0,1.0,1.0,17.0,52.0,,1992.0,2069.0,,0.0,4061.0,162.0,144.0,,0.0,306.0,4810881.0,115377142.0,4269284.0,102388285.0,137904.0,3307290.0,,,,,,,,,,,3739190.0,89675287.0,91903.0,2204078.0,,,,,,,165532.0,3969874.0,3414.0,1746.0,0.0,1668.0,1000.0,3968.0,3968.0,1445.0,,,,,
2018,Americas,Honduran Red Cross,Honduras,HND,,9792850.0,24067750760.499,50.4,2280.0,72.814,18.4,87.21,57.096,65.0,1.0,1.0,17.0,52.0,,2219.0,2500.0,,0.0,4719.0,159.0,156.0,,0.0,315.0,5045148.0,124163801.0,5034280.0,123896345.0,0.0,0.0,0.0,0.0,0.0,0.0,0.0,0.0,0.0,0.0,0.0,0.0,112062.0,2757911.0,3989468.0,98182950.0,0.0,0.0,0.0,0.0,0.0,0.0,537288.0,13222940.0,2097.0,1168.0,0.0,929.0,3009.0,88270.0,88270.0,,,,,,
2019,Americas,Honduran Red Cross,Honduras,HND,,9958829.0,25089937021.5418,48.0,2330.0,72.881,17.8,88.51,57.73,67.0,,,17.0,52.0,,2410.0,2698.0,,,5108.0,149.0,166.0,,,315.0,5971960.0,148982416.0,5955536.0,148572689.0,,,338942.0,8455582.0,,,,,,,,,4747150.0,118427089.0,364763.0,9099745.0,,,,,,,,,2508.0,1293.0,0.0,1215.0,2222.0,50295.0,50295.0,17058.0,,,,,
2020,Americas,Honduran Red Cross,Honduras,HND,,10121763.0,23827859226.8834,,2150.0,71.462,17.1,,58.359,72.0,,,17.0,52.0,,2420.0,2775.0,,,5195.0,180.0,193.0,,,373.0,5767799.0,152104400.0,5793413.0,152779890.0,4057.0,106986.0,201515.0,5314227.0,,,,,,,,,1054832.0,27817307.0,3574805.0,94272275.0,326569.0,8612041.0,133071.0,3509261.0,,,131670.0,3472303.0,366.0,201.0,,165.0,,158969.0,158969.0,,,,,,
2021,Americas,Honduran Red Cross,Honduras,HND,,10278345.0,28488721680.8502,,2480.0,70.123,16.6,,58.982,,1.0,1.0,17.0,53.0,,2601.0,2747.0,,,5348.0,184.0,209.0,,,393.0,8254854.0,217691294.0,6825139.0,179987841.0,738.0,19451.0,63071.0,1663265.0,,,,,,,,,1101599.0,29050610.0,5853337.0,154360150.0,113017.0,2980400.0,109195.0,2879619.0,,,126569.0,3337799.0,5348.0,2747.0,,2601.0,,3955.0,3955.0,131696.0,,,,,
2022,Americas,Honduran Red Cross,Honduras,HND,,10432860.0,31717699764.3621,,2750.0,,,,59.6,,1.0,1.0,18.0,53.0,,2931.0,3074.0,,,6005.0,226.0,265.0,,,491.0,9980063.0,288841836.0,7116595.0,205967662.0,14045462.0,406502156.0,,,,,,,,,,,287242.0,8313322.0,6405675.0,185392307.0,373940.0,10822542.0,160516.0,4645625.0,17743.0,513505.0,132632.0,3838613.0,3945.0,2901.0,,1044.0,2177.0,91828.0,91828.0,4620.0,,,,,
2023,Americas,Honduran Red Cross,Honduras,HND,,,,,,,,,,,1.0,1.0,18.0,53.0,7.0,2618.0,3467.0,,,6085.0,229.0,275.0,,,504.0,18930764.0,547891999.0,17571616.0,508555686.0,4811.0,139233.0,,,,,204978.0,5932445.0,,,883877.0,25581075.0,7476007.0,216369743.0,28743.0,831885.0,5074833.0,146875222.0,1019476.0,29505571.0,230570.0,6673125.0,712207.0,20612606.0,1276.0,431.0,,845.0,2891.0,6181.0,6181.0,991.0,,,,,
2024,Americas,Honduran Red Cross,Honduras,HND,,,,,,,,,,,,,,,,,,,,,,,,,,,,,,,,,,,,,,,,,,,,,,,,,,,,,,,,,,,,,,,,,,
2009,Europe and Central Asia,Croatian Red Cross,Croatia,HRV,DHR001,4305181.0,62600093958.9538,20.6,14110.0,76.1683,5.7,,54.987,9.0,,,,130.0,,,,,,24347.0,,,,,768.0,34694723.0,169900060.0,33104097.0,162110764.0,,,,,,,,,,,,,,,,,72919.0,357086.0,,,,,,,,,,,,,,,,,,,
2012,Europe and Central Asia,Croatian Red Cross,Croatia,HRV,DHR001,4267558.0,57354547991.2213,19.5,13450.0,76.9244,5.2,,55.506,6.0,,,,130.0,,9376.0,16168.0,,,25544.0,,,,,1213.0,29685710.0,184962753.0,28547785.0,177872684.0,,,,,,,,,,,,,,,,,0.0,,,,,,,,,,,,,,,,,,,,
2013,Europe and Central Asia,Croatian Red Cross,Croatia,HRV,DHR001,4255689.0,59491066217.9088,19.4,13780.0,77.1268,5.1,,55.706,6.0,,,,130.0,,6384.0,16418.0,,,22802.0,,,,,1073.0,5563796.0,34670794.0,5635988.0,35120662.0,,,,,,,,,,,,,,,,,0.0,,,,,,,,,,,,,,,,,,,,
2014,Europe and Central Asia,Croatian Red Cross,Croatia,HRV,DHR001,4238389.0,59342363988.804,20.0,13630.0,77.478,5.0,,55.923,6.0,,,,130.0,,,,,,28579.0,,,,,450.0,17168162.0,109312435.0,15526016.0,98856627.0,,,,,,,,,,,,,,,,,0.0,,,,,,,,,,,,,,,,,,,,
2015,Europe and Central Asia,Croatian Red Cross,Croatia,HRV,DHR001,4203604.0,50857353544.2847,19.5,13470.0,77.2756,4.9,,56.155,6.0,,,,131.0,,,,,,32133.0,,,,,504.0,6240567.0,43752364.0,5984835.0,41959439.0,,,,,,,,,,,,,,,,,0.0,,,,,,,,,,,,,,,,,,,,
2016,Europe and Central Asia,Croatian Red Cross,Croatia,HRV,,4174349.0,52512987755.9635,20.0,12860.0,78.022,4.9,,56.403,5.0,,,,131.0,,,,,,22450.0,157.0,364.0,,,521.0,6400682.0,45058088.0,5645951.0,39745106.0,44807.0,315419.0,61544.0,433245.0,0.0,0.0,558875.0,3934245.0,0.0,0.0,564789.0,3975875.0,0.0,0.0,1847559.0,13006036.0,84901.0,597666.0,705393.0,4965670.0,24962.0,175725.0,1927823.0,13571056.0,50278.0,,,,1702.0,3290.0,3290.0,3516.0,,,,,
2017,Europe and Central Asia,Croatian Red Cross,Croatia,HRV,,4124531.0,56061675144.3829,19.3,13070.0,77.8268,4.8,,56.667,5.0,1.0,1.0,23.0,131.0,,,,,,22033.0,37.0,59.0,,644.0,740.0,8997958.0,57368841.0,7186058.0,45816597.0,38254.0,243898.0,128203.0,817392.0,0.0,0.0,372211.0,2373130.0,0.0,0.0,0.0,0.0,0.0,0.0,1976989.0,12604814.0,59110.0,376871.0,252482.0,1609768.0,25137.0,160269.0,3468023.0,22111291.0,60194.0,,,,1250.0,593.0,593.0,1000.0,,,,,
2018,Europe and Central Asia,Croatian Red Cross,Croatia,HRV,,4087843.0,61481309636.1289,18.3,14370.0,78.0707,4.8,,56.947,5.0,1.0,1.0,23.0,131.0,,,,,,22898.0,372.0,1400.0,,,1772.0,6717675.0,44267457.0,6394681.0,42139022.0,283212.0,1866281.0,102685.0,676666.0,,,190351.0,1254354.0,,,,,1693490.0,11159587.0,408588.0,2692475.0,,,382510.0,2520629.0,,,166296.0,1095843.0,58719.0,,,,4049.0,5000.0,5000.0,5591.0,,,,,
2019,Europe and Central Asia,Croatian Red Cross,Croatia,HRV,,4065253.0,61470295887.8384,18.3,15410.0,78.4244,4.7,,57.242,5.0,,,23.0,131.0,,3621.0,6826.0,,,10447.0,328.0,1500.0,,,1828.0,7054630.0,48126874.0,6754664.0,46080502.0,39709.0,270896.0,478773.0,3266203.0,0.0,0.0,262467.0,1790558.0,0.0,0.0,0.0,0.0,1731960.0,11815477.0,287726.0,1962873.0,0.0,0.0,147342.0,1005168.0,51443.0,350947.0,60449.0,412386.0,62645.0,,62645.0,,754.0,160.0,160.0,2500.0,,,,,
2020,Europe and Central Asia,Croatian Red Cross,Croatia,HRV,,4047680.0,57760024673.9359,19.2,14700.0,77.7244,4.7,,57.553,5.0,,,23.0,131.0,,,,,10292.0,10292.0,289.0,1682.0,,0.0,1971.0,7814475.0,54704826.0,7701917.0,53916868.0,82353.0,576508.0,2011666.0,14082563.0,325841.0,2281035.0,153445.0,1074187.0,0.0,0.0,136964.0,958806.0,1435545.0,10049457.0,156111.0,1092846.0,147318.0,1031293.0,188494.0,1319539.0,100200.0,701448.0,724299.0,5070420.0,35546.0,,35546.0,,49735.0,301.0,301.0,2001826.0,,,,,
2021,Europe and Central Asia,Croatian Red Cross,Croatia,HRV,,3879000.0,69081236641.2469,18.0,17750.0,76.4244,4.6,99.45,57.878,,1.0,1.0,23.0,131.0,,3471.0,5473.0,,,8944.0,276.0,1463.0,,,1739.0,16024155.0,111601260.0,16410428.0,114291480.0,3926814.0,27348550.0,6463792.0,45017498.0,20157.0,140386.0,154856.0,1078507.0,0.0,0.0,1430.0,9959.0,1557949.0,10850437.0,128702.0,896350.0,584418.0,4070220.0,634413.0,4418413.0,57766.0,402318.0,864750.0,6022607.0,33453.0,,,,102493.0,5279.0,5279.0,2075129.0,,,,,
2022,Europe and Central Asia,Croatian Red Cross,Croatia,HRV,,3855600.0,71600049650.195,,19600.0,,,,58.219,,1.0,1.0,23.0,131.0,,2320.0,4613.0,,,6933.0,185.0,903.0,,,1088.0,8655509.0,63184434.0,8163110.0,59589961.0,192303.0,1403795.0,2726749.0,19905022.0,149624.0,1092243.0,128748.0,939852.0,0.0,0.0,0.0,0.0,1514381.0,11054842.0,124682.0,910170.0,156286.0,1140873.0,370474.0,2704425.0,53927.0,393662.0,1310943.0,9569767.0,47315.0,,,,25985.0,10396.0,10396.0,84135.0,,,,,
2023,Europe and Central Asia,Croatian Red Cross,Croatia,HRV,,,,,,,,,,,1.0,1.0,23.0,132.0,132.0,2186.0,4479.0,,,6665.0,,,,,1427.0,11649908.0,12525396.0,9339384.0,10041236.0,443663.0,477004.0,1285465.0,1382067.0,163402.0,175682.0,140372.0,150921.0,,,,,1389496.0,1493916.0,188048.0,202180.0,248557.0,267236.0,1165872.0,1253487.0,34282.0,36858.0,3528244.0,3793391.0,152222.0,,,,27835.0,25367.0,25367.0,84482.0,,,,,
2024,Europe and Central Asia,Croatian Red Cross,Croatia,HRV,,,,,,,,,,,0.0,1.0,23.0,132.0,132.0,2244.0,4650.0,,,6894.0,,,,,2026.0,7938265.0,8436354.0,7423364.0,7889145.0,157743.0,167641.0,1163470.0,1236472.0,79863.0,84874.0,126555.0,134496.0,0.0,0.0,0.0,0.0,1459666.0,1551253.0,286982.0,304989.0,117543.0,124918.0,549448.0,583923.0,50810.0,53998.0,212273.0,225592.0,103255.0,,,,18211.0,25164.0,25164.0,63159.0,,,,,
2012,Americas,Haiti Red Cross Society,Haiti,HTI,DHT001,10108539.0,13708925402.9447,58.5,1320.0,62.291,75.8,,49.477,384.0,,,,14.0,,,,,,15000.0,256.0,201.0,,,457.0,9186402.0,10051761.0,8077983.0,8838929.0,,,,,,,,,,,,,,,,,0.0,,,,,,,,,,,,,,,,,,,,
2013,Americas,Haiti Red Cross Society,Haiti,HTI,DHT001,10261206.0,14902488489.1696,,1410.0,62.605,73.9,,50.46,392.0,,,,25.0,,,,,,14700.0,220.0,190.0,,,410.0,6352781.0,305585284.0,6760676.0,325206105.0,,,,,,,,,,,,,,,,,56060.0,2696608.0,,,,,,,,,,,5430.0,,,,,,,,
2014,Americas,Haiti Red Cross Society,Haiti,HTI,DHT001,10412740.0,15146883647.3239,,1460.0,62.987,72.0,,51.444,389.0,,,,116.0,,6755.0,3245.0,,,10000.0,213.0,182.0,,,395.0,8140848.0,374718335.0,7621871.0,350830162.0,,,,,,,,,,,,,,,,,2674215.0,123092532.0,,,,,,,,,,,5700.0,,,,,,,,
2015,Americas,Haiti Red Cross Society,Haiti,HTI,DHT001,10563757.0,14849629407.8872,,1430.0,63.237,70.1,,52.427,391.0,,,,116.0,,6755.0,3245.0,,,10000.0,164.0,136.0,,,300.0,8240864.0,464614983.0,7862280.0,443270609.0,,,,,,,,,,,,,,,,,733264.0,41340999.0,,,,,,,,,,,1574.0,,,,,,,,
2016,Americas,Haiti Red Cross Society,Haiti,HTI,,10713849.0,14069277532.5199,,1370.0,63.392,68.2,61.69,53.396,388.0,,,,116.0,,,,,,10000.0,,,,,223.0,646819.0,43029456.0,657331.0,43728758.0,,,,,,,,,,,,,,,,,,,,,,,,,1912.0,817.0,,1095.0,223350.0,162.0,162.0,73300.0,,,,,
2017,Americas,Haiti Red Cross Society,Haiti,HTI,,10863543.0,15093357143.2889,,1360.0,63.854,66.3,,54.346,351.0,1.0,1.0,12.0,135.0,,,,,,8702.0,,,,,60.0,,,,,,,,,,,,,,,,,,,,,,,,,,,,,,,,,,,,,,,,,
2018,Americas,Haiti Red Cross Society,Haiti,HTI,,11012421.0,16403864522.0538,,1420.0,64.019,64.4,,55.278,359.0,0.0,0.0,,129.0,,,,,,,,,,,,,,,,,,,,,,,,,,,,,,,,,,,,,,,,,,,,,,,,,,,,
2019,Americas,Haiti Red Cross Society,Haiti,HTI,,11160438.0,15016090929.5125,,1410.0,64.255,62.5,,56.192,349.0,,,12.0,127.0,,,,,10000.0,10000.0,146.0,42.0,,,188.0,1023204.0,98508113.0,1268190.0,122093980.0,,,,,,,,,,,,,,,44664.0,4300004.0,532554.0,51271224.0,205233.0,19758633.0,11710.0,1127325.0,,,1028.0,478.0,,550.0,2250.0,1304730.0,1304730.0,16509.0,,,,,
2020,Americas,Haiti Red Cross Society,Haiti,HTI,,11306801.0,14508222518.3018,,1330.0,64.052,60.5,,57.088,350.0,,,12.0,127.0,,4320.0,4680.0,,,9000.0,130.0,40.0,,,170.0,3053780.0,345528455.0,3053780.0,345528455.0,,,,,,,,,,,,,,,,,,,,,,,,,,,,,,,,,,,,,
2021,Americas,Haiti Red Cross Society,Haiti,HTI,,11447569.0,20877414952.6375,,1440.0,63.192,58.6,,57.964,,0.0,1.0,12.0,129.0,,4054.0,5180.0,,,9234.0,76.0,22.0,,,98.0,1755484.0,185804806.0,1610790.0,170490080.0,,,,,,,,,,,,,173291.0,18341559.0,,,879978.0,93139062.0,682514.0,72239008.0,17849.0,1889177.0,1852.0,196000.0,1025.0,346.0,,679.0,4188.0,2398.0,556001.0,94507.0,,,,,
2022,Americas,Haiti Red Cross Society,Haiti,HTI,,11584996.0,20253551884.6055,,1610.0,,,,58.82,,,,,,,,,,,,,,,,,,,,,,,,,,,,,,,,,,,,,,,,,,,,,,,,,,,,,,,,,
2023,Americas,Haiti Red Cross Society,Haiti,HTI,,,,,,,,,,,0.0,0.0,12.0,122.0,14.0,,,,,9234.0,,,,,98.0,2528922.0,283447838.0,3928749.0,440344019.0,,,,,,,,,,,,,,,,,,,,,,,,,,,,,,42433.0,42433.0,4689.0,,,,,
2024,Americas,Haiti Red Cross Society,Haiti,HTI,,,,,,,,,,,,,,,,,,,,,,,,,,,,,,,,,,,,,,,,,,,,,,,,,,,,,,,,,,,,,,,,,,
2010,Europe and Central Asia,Hungarian Red Cross,Hungary,HUN,DHU001,10000023.0,132175349953.713,14.1,13260.0,74.2073,6.0,,68.911,15.0,,,,,,,,,,42564.0,,,,,,0.0,,0.0,,,,,,,,,,,,,,,,,,0.0,,,,,,,,,,,,,,,,,,,,
2012,Europe and Central Asia,Hungarian Red Cross,Hungary,HUN,DHU001,9920362.0,128814279315.132,15.0,13080.0,75.0634,5.7,,69.678,15.0,,,,2839.0,,15294.0,24960.0,,,40254.0,278.0,882.0,,,1160.0,19217227.0,4617054000.0,19310552.0,4639476000.0,,,,,,,,,,,,,,,,,26891.0,6460811.0,,,,,,,,,,,64674.0,,,,,,,,
2013,Europe and Central Asia,Hungarian Red Cross,Hungary,HUN,DHU001,9893082.0,135684315697.713,15.0,13520.0,75.5659,5.6,,69.953,15.0,,,,2669.0,,,,,,39709.0,,,,,1171.0,19862246.0,4799573000.0,19652954.0,4748999000.0,,,,,,,,,,,,,,,,,0.0,,,,,,,,,,,,,,,,,,,,
2014,Europe and Central Asia,Hungarian Red Cross,Hungary,HUN,DHU001,9866468.0,141033843265.669,14.9,13560.0,75.7634,5.4,,70.227,15.0,,,,2104.0,,13174.0,12160.0,,,25334.0,301.0,734.0,,,1035.0,18167450.0,4762888000.0,17909400.0,4695236000.0,,,,,,,,,,,,,,,,,67571.0,17714695.0,,,,,,,,,,,2500.0,,,,,,,,
2015,Europe and Central Asia,Hungarian Red Cross,Hungary,HUN,DHU001,9843028.0,125174166987.372,14.5,13230.0,75.5683,5.1,,70.5,15.0,,,,2054.0,,,,,,24322.0,,,,,795.0,18164043.0,5252696000.0,17919719.0,5182042000.0,,,,,,,,,,,,,,,,,0.0,,,,,,,,,,,,,,,,,,,,
2016,Europe and Central Asia,Hungarian Red Cross,Hungary,HUN,,9814023.0,128609822750.039,13.4,13100.0,76.0634,4.7,,70.779,14.0,,,,2114.0,,8024.0,10000.0,,,18024.0,454.0,762.0,,,1216.0,17151429.0,4952766000.0,17211276.0,4970048000.0,444054.0,128228000.0,197717.0,57094000.0,0.0,0.0,0.0,0.0,0.0,0.0,0.0,0.0,69416.0,20045000.0,4529067.0,1307845000.0,24719.0,7138000.0,251480.0,72619000.0,0.0,0.0,4014181.0,1159163000.0,113627.0,,,,610.0,780.0,780.0,0.0,,,,,
2017,Europe and Central Asia,Hungarian Red Cross,Hungary,HUN,,9787966.0,143112196040.326,12.8,13180.0,75.8171,4.5,,71.062,14.0,1.0,1.0,21.0,1971.0,,10806.0,7205.0,,0.0,18011.0,209.0,660.0,,0.0,869.0,19832221.0,5259141000.0,19335908.0,5127528000.0,,,,,,,,,,,,,,,,,,,,,,,,,,,,,1298.0,160.0,160.0,0.0,,,,,
2018,Europe and Central Asia,Hungarian Red Cross,Hungary,HUN,,9775564.0,160565642983.587,12.3,14980.0,76.0659,4.2,,71.351,15.0,1.0,1.0,21.0,1976.0,,,,,,16034.0,247.0,659.0,,,906.0,20779305.0,5901535000.0,18054026.0,5127528000.0,,,,,,,,,,,,,,,,,,,,,,,,,107531.0,,,,300.0,1220.0,6100.0,0.0,,,,,
2019,Europe and Central Asia,Hungarian Red Cross,Hungary,HUN,,9771141.0,164020460331.659,12.3,16570.0,76.3195,4.1,,71.644,14.0,,,21.0,1942.0,,,,,13176.0,13176.0,280.0,613.0,,,893.0,,,,,,,,,,,,,,,,,,,,,,,,,,,,,,,,,,,,,,,,,
2020,Europe and Central Asia,Hungarian Red Cross,Hungary,HUN,,9750149.0,157227094449.074,12.6,16030.0,75.5683,4.0,,71.942,15.0,,,21.0,1548.0,,,,,11540.0,11540.0,236.0,715.0,,,951.0,24610843.0,6965990000.0,23533525.0,6661060000.0,,,,,,,0.0,0.0,0.0,0.0,0.0,0.0,4974199.0,1407925000.0,199505.0,56469000.0,0.0,0.0,0.0,0.0,12542.0,3549990.0,16651739.0,4713201010.0,95787.0,,95787.0,,570217.0,300.0,1149.0,,,,,,
2021,Europe and Central Asia,Hungarian Red Cross,Hungary,HUN,,9709891.0,182090041757.269,12.1,17740.0,74.4659,4.0,99.1,72.245,,1.0,1.0,22.0,184.0,20.0,,,,,10723.0,,,,,942.0,25242476.0,7144771000.0,24741302.0,7002916000.0,,,1729184.0,489438000.0,,,,,,,,,5746778.0,1626600000.0,359207.0,101672000.0,,,,,,,5702612.0,1614099000.0,14819.0,,,,,,,,,,,,
2022,Europe and Central Asia,Hungarian Red Cross,Hungary,HUN,,9643048.0,177337436677.365,,19010.0,,,,72.552,,1.0,1.0,22.0,1503.0,20.0,,,,,10980.0,725.0,248.0,,,973.0,34213313.0,12254052000.0,30503424.0,10925295000.0,2508.0,898141.0,5191.0,1859180.0,196.0,70304.0,4322.0,1548112.0,62.0,22259.0,1135.0,406622.0,2834.0,1014981.0,2738.0,980730.0,0.0,0.0,2062.0,738651.0,160.0,57241.0,6087.0,2179981.0,101904.0,,,,160891.0,,,60896.0,,,,,
2023,Europe and Central Asia,Hungarian Red Cross,Hungary,HUN,,,,,,,,,,,1.0,1.0,22.0,1503.0,20.0,,,,,10980.0,248.0,725.0,,,973.0,32170092.0,13227834000.0,30855587.0,12687330000.0,,,3777474.0,1553237632.0,,,657360.0,270296000.0,,,,,5874871.0,2415654000.0,534624.0,219829000.0,,,704869.0,289830869.0,145128.0,59674499.0,8512360.0,3500148000.0,85381.0,,,,,,,27660.0,,,,,
2024,Europe and Central Asia,Hungarian Red Cross,Hungary,HUN,,,,,,,,,,,1.0,1.0,22.0,1443.0,20.0,,,,,8841.0,219.0,731.0,,,950.0,26732011.0,11650318000.0,26780862.0,11671608000.0,,,6560524.0,2859201114.0,,,,,986102.0,429762000.0,,,5680388.0,2475621000.0,423999.0,184787000.0,,,1330719.0,579952592.0,66565.0,29010294.0,,,81551.0,,,,18511.0,,,7108.0,,,,,
2009,Asia Pacific,Indonesian Red Cross Society,Indonesia,IDN,DID001,238620554.0,539580085612.401,14.1,2150.0,68.853,35.3,92.58,49.134,234.0,,,,3465.0,,,,,,1415666.0,,,,,2161.0,0.0,,0.0,,,,,,,,,,,,,,,,,,0.0,,,,,,,,,,,,,,,,,,,,
2012,Asia Pacific,Indonesian Red Cross Society,Indonesia,IDN,DID001,250222695.0,917869913332.649,12.0,3550.0,68.973,31.2,,51.276,207.0,,,,,,,,,,1422931.0,,,,,2390.0,0.0,,0.0,,,,,,,,,,,,,,,,,,0.0,,,,,,,,,,,,,,,,,,,,
2013,Asia Pacific,Indonesian Red Cross Society,Indonesia,IDN,DID001,253275918.0,912524136718.018,11.4,3710.0,69.264,30.0,,51.955,194.0,,,,33.0,,,,,,842607.0,,,,,2390.0,0.0,,0.0,,,,,,,,,,,,,,,,,,0.0,,,,,,,,,,,,,,,,,,,,
2014,Asia Pacific,Indonesian Red Cross Society,Indonesia,IDN,DID001,256229761.0,890814755533.537,11.3,3600.0,69.533,28.8,95.12,52.635,194.0,,,,507.0,,,,,,597120.0,1003.0,855.0,,,1858.0,7111682.0,89357326854.0,,,,,,,,,,,,,,,,,,,3959548.0,49751196034.0,,,,,,,,,,,,,,,,,,,
2015,Asia Pacific,Indonesian Red Cross Society,Indonesia,IDN,DID001,259091970.0,860854232686.214,11.2,3420.0,69.699,27.7,95.22,53.313,194.0,,,,508.0,,,,,,597120.0,978.0,833.0,,,1811.0,5421555.0,74143963568.0,5224796.0,71453131894.0,,,,,,,,,,,,,,,,,3847336.0,52615297221.0,,,,,,,,,,,52366.0,,,,,,,,
2016,Asia Pacific,Indonesian Red Cross Society,Indonesia,IDN,,261850182.0,931877364037.698,10.9,3400.0,69.798,26.6,95.38,53.989,194.0,,,,509.0,,154351.0,326280.0,,,480631.0,1876.0,1656.0,,,3532.0,6234334.0,82030713836.0,6132512.0,80690944128.0,,,1366762.0,17983708583.0,,,,,,,,,239400.0,3150000000.0,25184.0,331370000.0,,,3800934.0,50012293850.0,,,612054.0,8053341402.0,867.0,,,,214890.0,58734.0,58734.0,19996.0,,,,,
2017,Asia Pacific,Indonesian Red Cross Society,Indonesia,IDN,,264498852.0,1015618744159.73,10.6,3530.0,69.936,25.6,,54.659,194.0,1.0,1.0,17.0,511.0,,125024.0,227901.0,,,352925.0,,,,,7044.0,8611255.0,119600763952.0,6781705.0,94190348616.0,405395.0,5630486173.0,1441006.0,20013969516.0,,,,,,,,,406514.0,5646024425.0,179568.0,2494004666.0,4808733.0,66787961456.0,609666.0,8467586774.0,202064.0,2806449544.0,378326.0,5254523899.0,3019.0,,,,1588088.0,59216.0,2162262.0,31772.0,,,,,
2018,Asia Pacific,Indonesian Red Cross Society,Indonesia,IDN,,267066843.0,1042271532988.63,9.8,3850.0,70.338,24.6,95.66,55.325,181.0,1.0,1.0,17.0,511.0,,143994.0,240653.0,,,384647.0,2044.0,1957.0,,2736.0,6737.0,17409105.0,256016248254.0,7240757.0,106481719902.0,1099994.0,16176375881.0,9665064.0,142133287042.0,,,,,,,,,,,259920.0,3822347424.0,3283989.0,48293955195.0,1972238.0,29003505731.0,131048.0,1927175882.0,758853.0,11159601099.0,583.0,,,,1331482.0,387521.0,755296.0,435004.0,,,,,
2019,Asia Pacific,Indonesian Red Cross Society,Indonesia,IDN,,269582878.0,1119099871350.2,9.4,4070.0,70.518,23.8,,55.985,158.0,,,,511.0,,,,,,,,,,,,,,,,,,,,,,,,,,,,,,,,,,,,,,,,,,,,,,,,,,,,
2020,Asia Pacific,Indonesian Red Cross Society,Indonesia,IDN,,271857970.0,1059054842698.48,9.8,3900.0,68.808,22.9,96.0,56.641,173.0,,,,,,,,,,,,,,,,,,,,,,,,,,,,,,,,,,,,,,,,,,,,,,,,,,,,,,,,
2021,Asia Pacific,Indonesian Red Cross Society,Indonesia,IDN,,273753191.0,1186505455736.54,10.1,4170.0,67.57,22.2,,57.29,,0.0,0.0,,528.0,,,,,,316617.0,,,,,6658.0,,,,,,,,,,,,,,,,,,,,,,,,,,,,,,,,,5894635.0,,,236701.0,,,,,
2022,Asia Pacific,Indonesian Red Cross Society,Indonesia,IDN,,275501339.0,1319100220407.72,9.5,4580.0,,,,57.934,,0.0,0.0,21.0,531.0,,,,,,521351.0,,,,,8420.0,6118400.0,95600000000.0,7724800.0,120700000000.0,,,,,,,,,,,,,,,,,,,,,,,,,,,,,1968511.0,315196.0,315196.0,345870.0,,,,,
2023,Asia Pacific,Indonesian Red Cross Society,Indonesia,IDN,,,,,,,,,,,0.0,0.0,21.0,531.0,531.0,,,,,527247.0,,,,,8190.0,4895000.0,89000000000.0,4675000.0,85000000000.0,,,,,,,,,,,,,,,,,,,,,,,,,,,,,5743705.0,176020.0,176020.0,903225.0,,,,,
2024,Asia Pacific,Indonesian Red Cross Society,Indonesia,IDN,,,,,,,,,,,,,,,,,,,,,,,,,,,,,,,,,,,,,,,,,,,,,,,,,,,,,,,,,,,,,,,,,,
2012,Europe and Central Asia,Irish Red Cross Society,Ireland,IRL,DIE001,4599533.0,225118718207.156,,40940.0,80.8463,4.0,,61.942,7.0,,,,131.0,,2424.0,2872.0,,,5296.0,26.0,42.0,,,68.0,7367150.0,6100000.0,9420290.0,7800000.0,,,,,,,,,,,,,,,,,0.0,,,,,,,,,,,,2150.0,,,,,,,,
2013,Europe and Central Asia,Irish Red Cross Society,Ireland,IRL,DIE001,4623816.0,238112475390.796,,43580.0,80.9488,3.9,,62.141,6.0,,,,149.0,,650.0,350.0,,,1000.0,22.0,46.0,,,68.0,9953414.0,8119000.0,9621184.0,7848000.0,,,,,,,,,,,,,,,,,0.0,,,,,,,,,,,,135560.0,,,,,,,,
2014,Europe and Central Asia,Irish Red Cross Society,Ireland,IRL,DIE001,4657740.0,259681883575.706,,46430.0,81.3488,3.8,,62.34,6.0,,,,100.0,,,,,,5242.0,21.0,45.0,,,66.0,9553496.0,7941000.0,9690645.0,8055000.0,,,,,,,,,,,,,,,,,0.0,,,,,,,,,,,,,,,,,,,,
2015,Europe and Central Asia,Irish Red Cross Society,Ireland,IRL,DIE001,4701957.0,292364226871.756,,50280.0,81.4537,3.7,,62.538,6.0,,,,140.0,,,,,,4791.0,,,,,98.0,8458475.0,7800000.0,8566917.0,7900000.0,,,,,,,,,,,,,,,,,0.0,,,,,,,,,,,,,,,,,,,,
2016,Europe and Central Asia,Irish Red Cross Society,Ireland,IRL,,4755335.0,298559265006.398,,51850.0,81.6537,3.6,,62.737,5.0,,,,94.0,,1718.0,2140.0,,,3858.0,34.0,44.0,,,78.0,7445248.0,6945000.0,8161364.0,7613000.0,3179641.0,2966000.0,314105.0,293000.0,52529.0,49000.0,0.0,0.0,0.0,0.0,0.0,0.0,760069.0,709000.0,869416.0,811000.0,0.0,0.0,0.0,0.0,0.0,0.0,227270.0,212000.0,8749.0,,,,0.0,0.0,0.0,60450.0,,,,,
2017,Europe and Central Asia,Irish Red Cross Society,Ireland,IRL,,4807388.0,337241811320.896,,53490.0,82.1561,3.5,,62.947,6.0,1.0,1.0,14.0,90.0,,1318.0,1613.0,,0.0,2931.0,26.0,48.0,,,74.0,8437689.0,7214000.0,9476318.0,8102000.0,3470283.0,2967000.0,311121.0,266000.0,42107.0,36000.0,0.0,0.0,0.0,0.0,0.0,0.0,904122.0,773000.0,851488.0,728000.0,0.0,0.0,0.0,0.0,0.0,0.0,159069.0,136000.0,9887.0,,,,285.0,0.0,0.0,0.0,,,,,
2018,Europe and Central Asia,Irish Red Cross Society,Ireland,IRL,,4867316.0,386693357874.056,,59300.0,82.2049,3.4,,63.17,5.0,1.0,1.0,18.0,87.0,,,,,,2964.0,,,,,63.0,7989934.0,7090000.0,8355059.0,7414000.0,3027615.0,2686604.0,397416.0,352654.0,41628.0,36939.0,,,,,,,882383.0,782997.0,910988.0,808380.0,,,,,,,118568.0,105213.0,8248.0,,,,350.0,,258528.0,,,,,,
2019,Europe and Central Asia,Irish Red Cross Society,Ireland,IRL,,4934340.0,398933010007.356,13.8,63650.0,82.7024,3.3,,63.405,6.0,,,13.0,87.0,,1207.0,1450.0,,,2657.0,23.0,30.0,,,53.0,8135243.0,7464128.0,7595597.0,6969000.0,3003142.0,2755399.0,89855.0,82442.0,14276.0,13098.0,0.0,0.0,0.0,0.0,597237.0,547968.0,928006.0,851450.0,790308.0,725112.0,0.0,0.0,0.0,0.0,0.0,0.0,151074.0,138611.0,8386.0,,8386.0,,180.0,,,,,,,,
2020,Europe and Central Asia,Irish Red Cross Society,Ireland,IRL,,4985382.0,428608687830.239,12.9,65230.0,82.5561,3.2,,63.653,5.0,,,12.0,79.0,,1172.0,1428.0,,,2600.0,18.0,27.0,,,45.0,9020917.0,8363000.0,8280950.0,7677000.0,4366107.0,4047676.0,355614.0,329678.0,13792.0,12786.0,0.0,0.0,0.0,0.0,719324.0,666862.0,224782.0,208388.0,412129.0,382071.0,0.0,0.0,206064.0,191035.0,0.0,0.0,127489.0,118191.0,3550.0,,3550.0,,,,,,,,,,
2021,Europe and Central Asia,Irish Red Cross Society,Ireland,IRL,,5033164.0,513391778882.86,14.0,76120.0,82.1024,3.1,,63.912,,0.0,1.0,43.0,79.0,,,,,,2968.0,18.0,38.0,,,56.0,8190011.0,7624204.0,7813499.0,7273703.0,3387954.0,3153897.0,390767.0,363771.0,11945.0,11120.0,0.0,0.0,0.0,0.0,782844.0,728761.0,352016.0,327697.0,562506.0,523645.0,0.0,0.0,0.0,0.0,0.0,0.0,162736.0,151493.0,2786.0,,,,,,,,,,,,
2022,Europe and Central Asia,Irish Red Cross Society,Ireland,IRL,,5127170.0,533140011838.276,,79730.0,,,,64.183,,1.0,1.0,14.0,74.0,,,,,,3007.0,,,,,82.0,55156670.0,53441000.0,30749474.0,29793000.0,49215879.0,47685000.0,842197.0,816000.0,81536.0,79000.0,,,,,,,,,1387148.0,1344000.0,19610.0,19000.0,,,,,864903.0,838000.0,1984.0,,,,256.0,,,,,,,,
2023,Europe and Central Asia,Irish Red Cross Society,Ireland,IRL,,,,,,,,,,,1.0,1.0,14.0,,74.0,2014.0,2627.0,,23.0,4664.0,,,,,104.0,19390179.0,20847346.0,22014608.0,23669000.0,8487772.0,9125626.0,930924.0,1000883.0,49055.0,52742.0,,,379219.0,407717.0,,,762626.0,819937.0,393353.0,422913.0,,,103502.0,111280.0,,,87798.0,94396.0,3612.0,,,,,,,,,,,,
2024,Europe and Central Asia,Irish Red Cross Society,Ireland,IRL,,,,,,,,,,,,,,,,,,,,,,,,,,21850901.0,23221943.0,24570327.0,26112000.0,4965335.0,5276886.0,1533026.0,1629216.0,,,362043.0,384760.0,,,962516.0,1022909.0,803892.0,854332.0,476473.0,506369.0,,,316134.0,335970.0,122325.0,130000.0,235703.0,250492.0,,,,,,,,,,,,,
2012,Europe and Central Asia,Magen David Adom in Israel,Israel,ISR,DIL001,7910500.0,262282344091.849,,33110.0,81.7049,4.3,,91.96,3.0,,,,,,,,,,,,,,,,146096519.0,595168000.0,148734351.0,605914000.0,,,,,,,,,,,,,,,,,0.0,,,,,,,,,,,,,,,,,,,,
2013,Europe and Central Asia,Magen David Adom in Israel,Israel,ISR,DIL001,8059500.0,297732778479.129,,35070.0,82.0561,4.1,,92.031,3.0,,,,,,7000.0,7000.0,,,14000.0,,,,,1900.0,162610078.0,634472000.0,164212671.0,640725000.0,,,,,,,,,,,,,,,,,0.0,,,,,,,,,,,,,,,,,,,,
2014,Europe and Central Asia,Magen David Adom in Israel,Israel,ISR,DIL001,8215700.0,314330061977.263,,36640.0,82.1537,4.0,,92.104,3.0,,,,123.0,,,,,,14000.0,,,,,2000.0,159574774.0,632631000.0,161907488.0,641879000.0,,,,,,,,,,,,,,,,,0.0,,,,,,,,,,,,,,,,,,,,
2015,Europe and Central Asia,Magen David Adom in Israel,Israel,ISR,DIL001,8380100.0,303414276832.04,,36550.0,82.0512,3.9,,92.179,3.0,,,,135.0,,,,,,14000.0,,,,,2000.0,165253569.0,649040000.0,165334281.0,649357000.0,,,,,,,,,,,,,,,,,0.0,,,,,,,,,,,,,,,,,,,,
2016,Europe and Central Asia,Magen David Adom in Israel,Israel,ISR,,8546000.0,322102790386.835,,36840.0,82.4073,3.8,,92.256,3.0,,,,140.0,,,,,,15000.0,,,,,2117.0,165156868.0,619298000.0,165156868.0,619298000.0,16743264.0,62783160.0,0.0,0.0,0.0,0.0,0.0,0.0,0.0,0.0,0.0,0.0,115116015.0,431657000.0,0.0,0.0,0.0,0.0,0.0,0.0,1128297.0,4230840.0,0.0,0.0,100000.0,,,,,200.0,200.0,0.0,,,,,
2017,Europe and Central Asia,Magen David Adom in Israel,Israel,ISR,,8713300.0,358245427458.541,,38210.0,82.5512,3.8,,92.336,3.0,1.0,1.0,11.0,,,,,,,25000.0,1590.0,642.0,,0.0,2232.0,,,,,,,,,,,,,,,,,,,,,,,,,,3616224.0,,,110000.0,,,,,,,,,,,,
2018,Europe and Central Asia,Magen David Adom in Israel,Israel,ISR,,8882800.0,376691526553.276,,41520.0,82.8024,3.7,,92.418,3.0,1.0,1.0,9.0,161.0,,,,,,23421.0,1590.0,642.0,,,2232.0,240979107.0,919557000.0,235718777.0,899484000.0,48596931.0,185442000.0,,,,,,,5701377.0,21756000.0,,,146174972.0,557792000.0,,,,,119703.0,456776.0,947668.0,3616224.0,10828319.0,41320000.0,150000.0,,,,500.0,10000.0,10000.0,0.0,,,,,
2019,Europe and Central Asia,Magen David Adom in Israel,Israel,ISR,,9054000.0,402470513619.148,,43800.0,82.8049,3.5,,92.501,3.0,,,12.0,169.0,,9027.0,5680.0,,2387.0,17094.0,1784.0,786.0,,,2570.0,270512869.0,957466000.0,274913556.0,973042000.0,64306936.0,227611000.0,,,,,,,3798898.0,13446000.0,,,167235723.0,591922000.0,,,11301.0,40000.0,,,976141.0,3455000.0,3654808.0,12936000.0,180000.0,,180000.0,,12469.0,,,,,,,,
2020,Europe and Central Asia,Magen David Adom in Israel,Israel,ISR,,9215100.0,413267669231.522,,43120.0,82.6488,3.4,,92.587,3.0,,,12.0,180.0,,14859.0,7538.0,,,22397.0,,,,,,,,,,,,,,,,,,,,,,,,,,,,,,,,,,250000.0,,250000.0,,,28220.0,28220.0,28220.0,,,,,
2021,Europe and Central Asia,Magen David Adom in Israel,Israel,ISR,,9371400.0,488526545878.891,,49350.0,82.5,3.4,,92.674,,1.0,1.0,10.0,189.0,,12395.0,10539.0,,51586.0,74520.0,2124.0,1112.0,,,3236.0,408878598.0,1440266151.0,374314542.0,1318515000.0,73836359.0,260087000.0,0.0,0.0,0.0,0.0,0.0,0.0,1759556.0,6198000.0,0.0,0.0,246404613.0,867955000.0,0.0,0.0,57673.0,203151.0,325339.0,1146000.0,1019169.0,3590000.0,4824728.0,16995000.0,350000.0,,,,0.0,350000.0,350000.0,,,,,,
2022,Europe and Central Asia,Magen David Adom in Israel,Israel,ISR,,9557500.0,525002447652.773,,55140.0,,,,92.763,,0.0,1.0,10.0,192.0,,12114.0,9784.0,,20044.0,41942.0,2096.0,1050.0,,,3146.0,350467931.0,1225211000.0,346148907.0,1210112000.0,,,,,,,,,,,,,,,,,,,286.0,1000.0,848129.0,2965000.0,,,350000.0,,,,,10000.0,10000.0,,,,,,
2023,Europe and Central Asia,Magen David Adom in Israel,Israel,ISR,,,,,,,,,,,0.0,0.0,12.0,200.0,11.0,,,,,31000.0,,,0.0,,3000.0,307966124.0,1321210000.0,311473023.0,1336255000.0,71207187.0,305487000.0,,,7225914.0,31000000.0,,,,,,,157661052.0,676384000.0,,,907901.0,3895000.0,985755.0,4229000.0,486467.0,2087000.0,,,336456.0,127853.0,,208603.0,1447561.0,410000.0,410000.0,,,,,,
2024,Europe and Central Asia,Magen David Adom in Israel,Israel,ISR,,,,,,,,,,,0.0,1.0,12.0,206.0,11.0,16713.0,17155.0,,1845.0,35713.0,2130.0,1102.0,,,3232.0,,,,,,,,,,,,,,,,,,,,,,,,,,,,,500000.0,,,,,,,,,,,,
2012,Asia Pacific,Indian Red Cross Society,India,IND,DIN001,1274487215.0,1827637590787.19,,1470.0,67.887,52.0,,31.634,162.0,,,,700.0,,,,,,2500000.0,,,,,,4002657.0,239526981.0,2815112.0,168461941.0,,,,,,,,,,,,,,,,,0.0,,,,,,,,,,,,,,,,,,,,
2013,Asia Pacific,Indian Red Cross Society,India,IND,DIN001,1291132063.0,1856721507681.08,,1500.0,68.46,49.1,,32.003,154.0,,,,710.0,,,,,,2700000.0,,,,,36.0,3625923.0,251013595.0,4410564.0,305332323.0,,,,,,,,,,,,,,,,,0.0,,,,,,,,,,,,,,,,,,,,
2014,Asia Pacific,Indian Red Cross Society,India,IND,DIN001,1307246509.0,2039126479228.11,,1550.0,69.074,46.2,,32.384,135.0,,,,735.0,,,,,,2700000.0,157.0,110.0,,,267.0,4243922.0,274084368.0,3116130.0,201248395.0,,,,,,,,,,,,,,,,,8116.0,524157.0,,,,,,,,,,,85520.0,,,,,,,,
2015,Asia Pacific,Indian Red Cross Society,India,IND,DIN001,1322866505.0,2103588360066.32,,1590.0,69.636,43.6,,32.777,128.0,,,,735.0,,,,,,2700000.0,145.0,94.0,,,239.0,4371636.0,292095657.0,4102071.0,274084368.0,,,,,,,,,,,,,,,,,0.0,,,,,,,,,,,,60000.0,,,,,,,,
2016,Asia Pacific,Indian Red Cross Society,India,IND,,1338636340.0,2294796885682.55,,1680.0,70.117,41.0,,33.182,121.0,,,,1127.0,,,,,,297729.0,,,,,2479.0,15121346.0,1034716437.0,12475652.0,853678102.0,118945.0,8139124.0,326495.0,22341242.0,,,,,,,,,,,9442402.0,646120267.0,,,307256.0,21024773.0,249899.0,17100000.0,852509.0,58335118.0,296245.0,,,,215701.0,123034.0,123034.0,597556.0,,,,,
2017,Asia Pacific,Indian Red Cross Society,India,IND,,1354195680.0,2651474262735.28,,1800.0,70.467,38.7,,33.6,119.0,1.0,1.0,18.0,1251.0,,,,,,2513709.0,,,,,2639.0,4121519.0,293117067.0,3010783.0,214122933.0,,,,,,,,,,,,,,,,,,,,,,,,,362379.0,,,,55207.0,133128.0,133128.0,157600.0,,,,,
2018,Asia Pacific,Indian Red Cross Society,India,IND,,1369003306.0,2702929641707.38,,1980.0,70.71,36.4,,34.03,116.0,1.0,1.0,18.0,1195.0,,,,,,2383227.0,,,,,2707.0,4999493.0,355557406.0,3272340.0,232724536.0,,,,,,,,,,,,,,,,,,,,,,,,,333434.0,,,,73510.0,130882.0,130882.0,126804.0,,,,,
2019,Asia Pacific,Indian Red Cross Society,India,IND,,1383112050.0,2835606256616.03,,2080.0,70.91,34.3,,34.472,116.0,,,18.0,1253.0,,,,,1223929.0,1223929.0,,,,2640.0,2640.0,4685602.0,369527000.0,3075712.0,242564000.0,,,,,,,,,,,,,,,,,,,,,,,,,207126.0,,207126.0,,915758.0,80054.0,80054.0,1149852.0,,,,,
2020,Asia Pacific,Indian Red Cross Society,India,IND,,1396387127.0,2671595405986.86,,1900.0,70.15,32.4,,34.926,103.0,,,,1260.0,,,,,4876448.0,4876448.0,,,,2641.0,2641.0,5562059.0,430800000.0,3504045.0,271400000.0,,,,,,,,,,,,,,,,,,,,,,,,,69494.0,,69494.0,,3928866.0,430165.0,430165.0,5565572.0,,,,,
2021,Asia Pacific,Indian Red Cross Society,India,IND,,1407563842.0,3150306839142.13,,2150.0,67.24,30.6,,35.393,,1.0,1.0,12.0,1135.0,,,,,,6081957.0,,,,,2438.0,24046414.0,1948182313.0,19003432.0,1539612109.0,,,,,,,,,,,,,,,,,,,,,,,,,74556.0,,,,245808.0,189395.0,189395.0,1890435.0,,,,,
2022,Asia Pacific,Indian Red Cross Society,India,IND,,1417173173.0,3416645826052.87,,2390.0,,,76.32,35.872,,1.0,1.0,12.0,1247.0,,,,,,4010811.0,,,,,2296.0,21695937.0,1912547363.0,13661588.0,1204300737.0,,,,,,,,,,,,,,,,,,,,,,,,,251480.0,,,,569125.0,472093.0,472093.0,1420528.0,,,,,
2023,Asia Pacific,Indian Red Cross Society,India,IND,,,,,,,,,,,,,,,,,,,,,,,,,,,,,,,,,,,,,,,,,,,,,,,,,,,,,,,,,,,,,,,,,,
2024,Asia Pacific,Indian Red Cross Society,India,IND,,,,,,,,,,,,,,,,,,,,,,,,,,,,,,,,,,,,,,,,,,,,,,,,,,,,,,,,,,,,,,,,,,
2010,Middle East and North Africa,Iraqi Red Crescent Society,Iraq,IRQ,DIQ001,31264875.0,138516722649.573,,4350.0,67.062,34.9,,69.103,115.0,,,,,,,,,,5800.0,,,,,2077.0,27054884.0,32935000000.0,29083898.0,35405000000.0,,,,,,,,,,,,,,,,,234741.0,285759400.0,,,,,,,,,,,0.0,,,,,,,,
2011,Middle East and North Africa,Iraqi Red Crescent Society,Iraq,IRQ,DIQ001,32378061.0,185749664444.444,,4710.0,67.659,33.8,,69.268,111.0,,,,114.0,,,,,,3424.0,,,,,2158.0,24848509.0,26341904.0,22959727.0,24339607.0,,,,,,,,,,,,,,,,,0.0,,,,,,,,,,,,,,,,,,,,
2012,Middle East and North Africa,Iraqi Red Crescent Society,Iraq,IRQ,DIQ001,33864447.0,218002481737.691,18.9,5940.0,68.023,32.8,77.2,69.432,111.0,,,,18.0,,3187.0,1133.0,,,4320.0,,,,,2197.0,24851378.0,30968529966.0,30601518.0,38134063056.0,,,,,,,,,,,,,,,,,630.0,785000.0,,,,,,,,,,,1014996.0,,,,,,,,
2013,Middle East and North Africa,Iraqi Red Crescent Society,Iraq,IRQ,DIQ001,35481800.0,234637675128.645,,6590.0,68.253,31.7,,69.595,110.0,,,,18.0,,3187.0,1133.0,,,4320.0,,,,,2197.0,38717205.0,49987805000.0,38717205.0,49987805000.0,,,,,,,,,,,,,,,,,0.0,,,,,,,,,,,,,,,,,,,,
2014,Middle East and North Africa,Iraqi Red Crescent Society,Iraq,IRQ,DIQ001,36746488.0,228415656174.957,,6320.0,68.914,30.8,82.2,69.758,98.0,,,,18.0,,,,,,7500.0,,,,,2234.0,47013630.0,54060963408.0,44455208.0,51119034109.0,,,,,,,,,,,,,,,,,0.0,,,,,,,,,,,,,,,,,,,,
2015,Middle East and North Africa,Iraqi Red Crescent Society,Iraq,IRQ,DIQ001,37757813.0,166774104959.102,,5460.0,69.44,29.8,,69.921,102.0,,,,18.0,,,,,,7500.0,,,,,2234.0,29039351.0,32199686013.0,28774138.0,31905609910.0,,,,,,,,,,,,,,,,,0.0,,,,,,,,,,,,,,,,,,,,
2016,Middle East and North Africa,Iraqi Red Crescent Society,Iraq,IRQ,,38697943.0,166602488747.885,,5050.0,68.988,28.8,83.3,70.094,85.0,,,,18.0,,,,,,7530.0,,,,,2195.0,30505388.0,34508356942.0,31966278.0,36160948522.0,,,,,,,,,,,,,,,,,,,,,,,,,0.0,,,,766758.0,3000000.0,3000000.0,0.0,,,,,
2017,Middle East and North Africa,Iraqi Red Crescent Society,Iraq,IRQ,,39621162.0,187217660050.676,,4400.0,70.413,27.9,85.6,70.278,78.0,1.0,1.0,13.0,118.0,,7787.0,2705.0,,0.0,10492.0,,,,,2880.0,29350328.0,35404496972.0,31699847.0,38238657126.0,0.0,0.0,0.0,0.0,0.0,0.0,614819.0,741638850.0,0.0,0.0,0.0,0.0,0.0,0.0,0.0,0.0,0.0,0.0,30310.0,36562300.0,1919999.0,2316041880.0,2689673.0,3244478341.0,109782.0,,,,4798008.0,836588.0,836588.0,2862698.0,,,,,
2018,Middle East and North Africa,Iraqi Red Crescent Society,Iraq,IRQ,,40590700.0,227367469034.031,,4780.0,71.514,27.0,,70.473,72.0,0.0,0.0,14.0,118.0,,321.0,127.0,,11492.0,11940.0,2410.0,479.0,,0.0,2889.0,32664751.0,39402594681.0,31109923.0,37527048845.0,0.0,0.0,0.0,0.0,0.0,0.0,813541.0,981352015.0,0.0,0.0,0.0,0.0,0.0,0.0,3361625.0,4055035818.0,0.0,0.0,85384.0,102996570.0,313481.0,378143600.0,54383.0,65601000.0,67750.0,,,,10888699.0,3818187.0,3818187.0,810490.0,,,,,
2019,Middle East and North Africa,Iraqi Red Crescent Society,Iraq,IRQ,,41563520.0,233636097800.338,,5470.0,71.576,26.2,,70.678,73.0,,,14.0,118.0,,321.0,127.0,,11492.0,11940.0,2410.0,479.0,,,2889.0,31656269.0,38605206666.0,25558598.0,31169022330.0,,,1136054.0,1385432011.0,,,81281.0,99123702.0,,,330569.0,403133381.0,,,3748529.0,4571376571.0,4334983.0,5286565089.0,120303.0,146710580.0,433206.0,528300000.0,74935.0,91383732.0,88068.0,,88068.0,,4514874.0,87495.0,87495.0,1401973.0,,,,,
2020,Middle East and North Africa,Iraqi Red Crescent Society,Iraq,IRQ,,42556984.0,180924091442.953,,4670.0,69.123,25.4,,70.893,76.0,,,14.0,138.0,,,,,11539.0,11539.0,,,,2469.0,2469.0,25293711.0,32679213734.0,25051187.0,32365875138.0,2898.0,3744246.0,,,,,146177.0,188859000.0,,,,,,,1870447.0,2416598009.0,2562510.0,3310735974.0,100069.0,129288505.0,645516.0,834000000.0,,,86.0,35.0,,51.0,349344.0,373376.0,373376.0,1795157.0,,,,,
2021,Middle East and North Africa,Iraqi Red Crescent Society,Iraq,IRQ,,43533592.0,207691599310.345,,4670.0,70.378,24.5,,71.119,,0.0,1.0,12.0,113.0,,8995.0,3042.0,,,12037.0,,,,,2439.0,24472715.0,38539708392.0,21671453.0,34128272300.0,94729.0,149180000.0,4604.0,7250000.0,0.0,0.0,343854.0,541502500.0,9226.0,14529539.0,58468.0,92075000.0,1610655.0,2536464615.0,1126222.0,1773577982.0,1586783.0,2498870317.0,1487932.0,2343199317.0,417895.0,658102738.0,326650.0,514409384.0,14080.0,,,,83983.0,3150.0,22050.0,1617919.0,,,,,
2022,Middle East and North Africa,Iraqi Red Crescent Society,Iraq,IRQ,,44496122.0,264182173793.103,,5270.0,,,,71.354,,0.0,1.0,13.0,111.0,,,,,,11982.0,,,,,2195.0,25958975.0,40688048036.0,24622981.0,38594013325.0,9043.0,14174685.0,0.0,0.0,0.0,0.0,163450.0,256191800.0,424587.0,665497127.0,0.0,0.0,202777.0,317832998.0,2056796.0,3223818793.0,1811539.0,2839402808.0,1408249.0,2207286454.0,703641.0,1102885428.0,237204.0,371792688.0,21080.0,,,,58382.0,6986.0,48902.0,6530032.0,,,,,
2023,Middle East and North Africa,Iraqi Red Crescent Society,Iraq,IRQ,,,,,,,,,,,0.0,1.0,12.0,113.0,18.0,,,,,12037.0,1734.0,317.0,,,2051.0,25952059.0,39682047923.0,22314543.0,34120096267.0,5794.0,8860000.0,0.0,0.0,0.0,0.0,0.0,0.0,0.0,0.0,1791239.0,2738897308.0,206141.0,315200703.0,941720.0,1439938322.0,0.0,0.0,1218220.0,1862721704.0,733770.0,1121972412.0,739619.0,1130916660.0,1412518.0,,,,25271.0,12045.0,12045.0,7660254.0,,,,,
2024,Middle East and North Africa,Iraqi Red Crescent Society,Iraq,IRQ,,,,,,,,,,,,,,,,,,,,,,,,,,23612132.0,38254371807.0,22407473.0,36302685091.0,370.0,600000.0,,,,,,,,,,,186792.0,302624356.0,,,2502864.0,4054928033.0,468751.0,759429970.0,1749080.0,2833711239.0,1443641.0,2338864909.0,28632.0,,,,193878.0,75886.0,75886.0,59817.0,,,,,
2012,Middle East and North Africa,Red Crescent Society of the Islamic Republic of Iran,"Iran, Islamic Republic of",IRN,DIR001,77324451.0,644035512181.481,,7490.0,74.186,17.5,83.63,71.755,23.0,,,,3700.0,,1177525.0,1313441.0,,,2490966.0,4200.0,2800.0,,,7000.0,0.0,,0.0,,,,,,,,,,,,,,,,,,0.0,,,,,,,,,,,,1383894.0,,,,,,,,
2013,Middle East and North Africa,Red Crescent Society of the Islamic Republic of Iran,"Iran, Islamic Republic of",IRN,DIR001,78458928.0,492775566425.881,,7340.0,74.449,16.8,84.63,72.295,23.0,,,,3800.0,,1412201.0,941467.0,,,2353668.0,4500.0,3000.0,,,7500.0,,,,,,,,,,,,,,,,,,,,,0.0,,,,,,,,,,,,599979.0,,,,,,,,
2014,Middle East and North Africa,Red Crescent Society of the Islamic Republic of Iran,"Iran, Islamic Republic of",IRN,DIR001,79961672.0,460382791480.428,,6740.0,74.782,16.1,84.71,72.83,21.0,,,,4000.0,,1317603.0,1376886.0,,,2694489.0,5312.0,2688.0,,,8000.0,,,,,,,,,,,,,,,,,,,,,0.0,,,,,,,,,,,,32615.0,,,,,,,,
2015,Middle East and North Africa,Red Crescent Society of the Islamic Republic of Iran,"Iran, Islamic Republic of",IRN,DIR001,81790841.0,408212917874.964,,5480.0,75.124,15.5,,73.358,20.0,,,,4000.0,,,,,,2066531.0,5312.0,2688.0,,,8000.0,,,,,,,,,,,,,,,,,,,,,0.0,,,,,,,,,,,,423322.0,,,,,,,,
2016,Middle East and North Africa,Red Crescent Society of the Islamic Republic of Iran,"Iran, Islamic Republic of",IRN,,83306231.0,457954614593.746,,5470.0,75.6,15.0,85.54,73.88,20.0,,,,4000.0,,,,,,2100000.0,,,,,8000.0,47680000.0,1490000000000.0,47680000.0,1490000000000.0,,,,,,,,,,,,,,,,,,,,,,,,,,,,,936031.0,971318.0,971318.0,,,,,,
2017,Middle East and North Africa,Red Crescent Society of the Islamic Republic of Iran,"Iran, Islamic Republic of",IRN,,84505076.0,486630147094.486,,5490.0,75.971,14.5,,74.394,18.0,1.0,1.0,18.0,4200.0,,,,,,1864495.0,6817.0,1750.0,,0.0,8567.0,47613577.0,1904543090869.0,45179931.0,1807197253063.0,0.0,0.0,0.0,0.0,0.0,0.0,0.0,0.0,0.0,0.0,0.0,0.0,12406164.0,496246565294.0,15843272.0,633730885068.0,0.0,0.0,0.0,0.0,0.0,0.0,1004816.0,40192640507.0,192778.0,110032.0,0.0,82746.0,588159.0,1578930.0,1578930.0,14987.0,,,,,
2018,Middle East and North Africa,Red Crescent Society of the Islamic Republic of Iran,"Iran, Islamic Republic of",IRN,,85617562.0,329691934144.504,,4880.0,76.195,14.0,,74.898,17.0,1.0,0.0,18.0,5188.0,,,,,,1386912.0,6824.0,1741.0,,,8565.0,57400723.0,2391696802420.0,57400723.0,2391696802420.0,1567653.0,65318861809.0,,,,,,,,,,,,,,,,,406806.0,16950240000.0,,,,,714785.0,410284.0,,304501.0,488013.0,1435408.0,1435408.0,90000.0,,,,,
2019,Middle East and North Africa,Red Crescent Society of the Islamic Republic of Iran,"Iran, Islamic Republic of",IRN,,86564202.0,283649531542.631,,3990.0,76.103,13.5,,75.391,21.0,,,18.0,2384.0,,,,,1514072.0,1514072.0,6552.0,1658.0,,,8210.0,51898785.0,51898785.0,47673006.0,47673006.0,16866928.0,16866928.0,25235.0,25235.0,0.0,0.0,517078.0,517078.0,0.0,0.0,32925.0,32925.0,0.0,0.0,5469384.0,5469384.0,96283.0,96283.0,0.0,0.0,461651.0,461651.0,5939218.0,5939218.0,,,,,,,,,,,,,
2020,Middle East and North Africa,Red Crescent Society of the Islamic Republic of Iran,"Iran, Islamic Republic of",IRN,,87290193.0,239735486745.704,,3270.0,74.832,13.0,,75.874,22.0,,,18.0,6686.0,,0.0,,,1318841.0,1318841.0,6383.0,1636.0,,,8019.0,83035522.0,83035522.0,82197324.0,82197324.0,5159863.0,5159863.0,0.0,0.0,357996.0,357996.0,0.0,0.0,0.0,0.0,0.0,0.0,0.0,0.0,3706999.0,3706999.0,0.0,0.0,1376533.0,1376533.0,867580.0,867580.0,3871314.0,3871314.0,591870.0,,591870.0,,215975.0,662458.0,3086458.0,66144.0,,,,,
2021,Middle East and North Africa,Red Crescent Society of the Islamic Republic of Iran,"Iran, Islamic Republic of",IRN,,87923432.0,359096907772.985,,3510.0,73.875,12.6,,76.345,,1.0,1.0,18.0,7368.0,,,,,,916103.0,6303.0,1706.0,,,8009.0,97452031.0,97452031.0,97315148.0,97315148.0,436850.0,436850.0,0.0,0.0,65569.0,65569.0,0.0,0.0,0.0,0.0,0.0,0.0,0.0,0.0,32135554.0,32135554.0,0.0,0.0,4153979.0,4153979.0,63579.0,63579.0,2277661.0,2277661.0,677220.0,,,,449772.0,155551.0,155551.0,536955.0,,,,,
2022,Middle East and North Africa,Red Crescent Society of the Islamic Republic of Iran,"Iran, Islamic Republic of",IRN,,88550570.0,413493207349.265,,3980.0,,,88.96,76.807,,1.0,1.0,18.0,7897.0,,,,,,1666480.0,5985.0,1666.0,,,7651.0,153493350.0,153493350.0,153099229.0,153099229.0,885699.0,885699.0,0.0,0.0,179073.0,179073.0,0.0,0.0,0.0,0.0,0.0,0.0,0.0,0.0,53693693.0,53693693.0,0.0,0.0,3858976.0,3858976.0,1544500.0,1544500.0,4696170.0,4696170.0,2906260.0,,,,725150.0,1642146.0,1642146.0,107722.0,,,,,
2023,Middle East and North Africa,Red Crescent Society of the Islamic Republic of Iran,"Iran, Islamic Republic of",IRN,,,,,,,,,,,1.0,1.0,18.0,8584.0,601.0,,,,,2998610.0,5835.0,1619.0,,,7454.0,136866129.0,136866129.0,136866129.0,136866129.0,3230852.0,3230852.0,0.0,0.0,265605.0,265605.0,0.0,0.0,0.0,0.0,0.0,0.0,162683.0,162683.0,24704565.0,24704565.0,0.0,0.0,1450545.0,1450545.0,20436.0,20436.0,1736.0,1736.0,1360491.0,,,,602120.0,11226054.0,11226054.0,134948.0,,,,,
2024,Middle East and North Africa,Red Crescent Society of the Islamic Republic of Iran,"Iran, Islamic Republic of",IRN,,,,,,,,,,,,,,,,,,,,,,,,,,,,,,,,,,,,,,,,,,,,,,,,,,,,,,,,,,,,,,,,,,
2009,Europe and Central Asia,Icelandic Red Cross,Iceland,ISL,DIS001,318499.0,13154414219.207,9.8,41860.0,81.7512,2.7,,93.511,5.0,,,,51.0,,,,,,3500.0,,,,,80.0,12413.0,1482515.0,12391570.0,1479950000.0,,,,,,,,,,,,,,,,,0.0,,,,,,,,,,,,1500.0,,,,,,,,
2010,Europe and Central Asia,Icelandic Red Cross,Iceland,ISL,DIS001,318041.0,13751161917.7398,9.2,36270.0,81.8976,2.7,,93.574,3.0,,,,50.0,,,,,,2179.0,,,,,105.0,12198037.0,1493857000.0,12817004.0,1569660000.0,,,,,,,,,,,,,,,,,102362.0,12536000.0,,,,,,,,,,,955.0,,,,,,,,
2012,Europe and Central Asia,Icelandic Red Cross,Iceland,ISL,DIS001,320716.0,14751508133.5443,9.3,40690.0,82.9171,2.6,,93.6,3.0,,,,50.0,,795.0,3829.0,,,4624.0,24.0,62.0,,,86.0,10576866.0,1489043000.0,10018255.0,1410400000.0,,,,,,,,,,,,,,,,,0.0,0.0,,,,,,,,,,,1025.0,,,,,,,,
2013,Europe and Central Asia,Icelandic Red Cross,Iceland,ISL,DIS001,323764.0,16125060515.3117,7.9,46960.0,82.061,2.6,,93.633,4.0,,,,44.0,,870.0,3074.0,,,3944.0,26.0,58.0,,,84.0,12610974.0,1640650000.0,9223886.0,1200000000.0,,,,,,,,,,,,,,,,,0.0,0.0,,,,,,,,,,,1025.0,,,,,,,,
2014,Europe and Central Asia,Icelandic Red Cross,Iceland,ISL,DIS001,327386.0,17867662177.8911,9.2,48090.0,82.861,2.6,,93.667,3.0,,,,44.0,,1100.0,2000.0,,,3100.0,17.0,49.0,,,66.0,15058545.0,1928849000.0,13056461.0,1672402000.0,,,,,,,,,,,,,,,,,0.0,0.0,,,,,,,,,,,,,,,,,,,
2015,Europe and Central Asia,Icelandic Red Cross,Iceland,ISL,DIS001,330815.0,17517210519.0912,8.8,49940.0,82.4683,2.6,,93.7,3.0,,,,44.0,,1000.0,1900.0,,,2900.0,21.0,61.0,,,82.0,14149505.0,1793662000.0,13192932.0,1672402000.0,,,,,,,,,,,,,,,,,0.0,0.0,,,,,,,,,,,1209.0,,,,,,,,
2016,Europe and Central Asia,Icelandic Red Cross,Iceland,ISL,,335439.0,20793168030.9524,10.1,54910.0,82.2049,2.7,,93.735,3.0,,,,42.0,,538.0,2141.0,,,2679.0,20.0,80.0,,,100.0,21871129.0,2435809000.0,19326265.0,2152385000.0,2683068.0,298815881.0,197692.0,22017119.0,0.0,0.0,0.0,0.0,0.0,0.0,0.0,0.0,3314589.0,369149000.0,8117016.0,904000000.0,0.0,0.0,0.0,0.0,0.0,0.0,674646.0,75136000.0,11671.0,,,,2597.0,8161.0,58161.0,0.0,,,,,
2017,Europe and Central Asia,Icelandic Red Cross,Iceland,ISL,,343400.0,24728285177.4603,8.8,60230.0,82.661,2.7,,93.773,3.0,1.0,1.0,13.0,42.0,,759.0,2879.0,,,3638.0,25.0,77.0,,,102.0,,,,,,290194000.0,,22159000.0,,0.0,,0.0,,0.0,,0.0,,,,1331217000.0,,,,0.0,,0.0,,128174000.0,12181.0,6580.0,244.0,5357.0,1300.0,12138.0,12138.0,,,,,,
2018,Europe and Central Asia,Icelandic Red Cross,Iceland,ISL,,352721.0,26260850582.0687,,67770.0,82.861,2.7,,93.813,3.0,1.0,1.0,13.0,41.0,,820.0,3013.0,,,3833.0,32.0,117.0,,,149.0,23620707.0,2788091000.0,22147418.0,2614190000.0,2955533.0,348859000.0,346767.0,40931000.0,0.0,0.0,0.0,0.0,,,0.0,0.0,2922213.0,344926000.0,7957148.0,939229000.0,,,,,,,992478.0,117148000.0,14201.0,7253.0,,6948.0,1340.0,10087.0,10087.0,0.0,,,,,
2019,Europe and Central Asia,Icelandic Red Cross,Iceland,ISL,,360563.0,24681343649.2952,,72970.0,83.1634,2.7,,93.855,3.0,,,13.0,39.0,,786.0,2884.0,,,3670.0,41.0,156.0,,,197.0,21879029.0,2718905000.0,20360865.0,2530243000.0,2542055.0,315901000.0,441563.0,54873000.0,,,,,,,,,2901386.0,360555000.0,6721313.0,835257000.0,,,,,,,1340485.0,166582000.0,12438.0,6838.0,183.0,5417.0,1118.0,321.0,321.0,,,,,,
2020,Europe and Central Asia,Icelandic Red Cross,Iceland,ISL,,366463.0,21565767851.144,,62130.0,83.0634,2.7,,93.898,3.0,,,13.0,31.0,,800.0,2936.0,,36.0,3772.0,36.0,94.0,,1.0,131.0,18427899.0,2765291000.0,18492380.0,2774967000.0,2971951.0,445971000.0,1679208.0,251982000.0,0.0,0.0,0.0,0.0,0.0,0.0,0.0,0.0,2050766.0,307738000.0,3395968.0,509599000.0,0.0,0.0,0.0,0.0,0.0,0.0,834026.0,125154000.0,8233.0,4946.0,68.0,3219.0,2966.0,12243.0,12243.0,200.0,,,,,
2021,Europe and Central Asia,Icelandic Red Cross,Iceland,ISL,,372520.0,25595940169.5879,,63180.0,83.1171,2.6,,93.944,,1.0,1.0,12.0,30.0,,1119.0,1864.0,2.0,0.0,2985.0,24.0,92.0,0.0,0.0,116.0,23565063.0,3258894000.0,20698079.0,2862409000.0,2610557.0,361023000.0,514124.0,71100000.0,0.0,0.0,0.0,0.0,0.0,0.0,0.0,0.0,3075894.0,425376000.0,4911642.0,679248000.0,0.0,0.0,0.0,0.0,0.0,0.0,679027.0,93905000.0,8343.0,4390.0,7.0,3943.0,2162.0,0.0,0.0,650.0,,,,,
2022,Europe and Central Asia,Icelandic Red Cross,Iceland,ISL,,382003.0,28064529851.3098,,68660.0,,,,93.992,,1.0,1.0,13.0,31.0,,468.0,1828.0,2.0,29.0,2327.0,27.0,78.0,0.0,0.0,105.0,21607545.0,2955080000.0,20894837.0,2857609000.0,2768053.0,378563000.0,1400190.0,191492000.0,0.0,0.0,0.0,0.0,0.0,0.0,0.0,0.0,3424429.0,468330000.0,5504079.0,752746000.0,0.0,0.0,0.0,0.0,0.0,0.0,0.0,0.0,11402.0,4919.0,2430.0,4051.0,13942.0,800.0,800.0,1500.0,,,,,
2023,Europe and Central Asia,Icelandic Red Cross,Iceland,ISL,,,,,,,,,,,1.0,1.0,12.0,39.0,29.0,489.0,1936.0,3.0,7.0,2435.0,28.0,84.0,0.0,0.0,112.0,21044542.0,3390453000.0,17920615.0,2887162000.0,2455862.0,395660000.0,744604.0,119962000.0,0.0,0.0,140818.0,22687000.0,0.0,0.0,0.0,0.0,3572408.0,575545000.0,6976414.0,1123959000.0,0.0,0.0,142854.0,23015000.0,,,,,8848.0,,,,36892.0,7978.0,7978.0,727.0,,,,,
2024,Europe and Central Asia,Icelandic Red Cross,Iceland,ISL,,,,,,,,,,,1.0,1.0,11.0,33.0,28.0,1821.0,461.0,2.0,13.0,2297.0,21.0,72.0,0.0,1.0,94.0,24063109.0,3689042000.0,9064064.0,1389584000.0,3128840.0,479673000.0,808111.0,123889000.0,0.0,0.0,322484.0,49439000.0,0.0,0.0,0.0,0.0,3934727.0,603221000.0,7785094.0,1193509000.0,0.0,0.0,318.0,48795.0,0.0,0.0,0.0,0.0,15656.0,7664.0,473.0,7506.0,3837.0,0.0,0.0,733.0,,,,,
2010,Europe and Central Asia,Italian Red Cross,Italy,ITA,DIT001,59277417.0,2136099955236.67,19.8,37960.0,82.0366,4.0,,68.327,7.0,,,,,,,,,,144223.0,,,,,,0.0,,0.0,,,,,,,,,,,,,,,,,,0.0,,,,,,,,,,,,,,,,,,,,
2012,Europe and Central Asia,Italian Red Cross,Italy,ITA,DIT001,59539717.0,2086957656821.6,19.3,36220.0,82.239,3.8,,68.684,7.0,,,,594.0,,,,,,149177.0,,,,,4000.0,374974137.0,310478585.0,370802728.0,307024659.0,,,,,,,,,,,,,,,,,0.0,,,,,,,,,,,,,,,,,,,,
2013,Europe and Central Asia,Italian Red Cross,Italy,ITA,DIT001,60233948.0,2141924094298.56,19.4,35570.0,82.6902,3.7,,68.979,7.0,,,,660.0,,,,,,150000.0,,,,,4000.0,256187905.0,208972474.0,299724081.0,244484933.0,,,,,,,,,,,,,,,,,0.0,,,,,,,,,,,,,,,,,,,,
2014,Europe and Central Asia,Italian Red Cross,Italy,ITA,DIT001,60789140.0,2162009615996.54,19.9,34910.0,83.0902,3.6,,69.272,6.0,,,,660.0,,,,,,150000.0,,,,,2788.0,398721189.0,331422634.0,388207377.0,322683407.0,,,,,,,,,,,,,,,,,0.0,,,,,,,,,,,,,,,,,,,,
2015,Europe and Central Asia,Italian Red Cross,Italy,ITA,DIT001,60730582.0,1836637711060.55,20.6,33000.0,82.5439,3.5,,69.565,7.0,,,,676.0,,,,,,149775.0,,,,,2371.0,304297341.0,280608402.0,314528374.0,290042969.0,,,,,,,,,,,,,,,,,0.0,,,,,,,,,,,,,,,,,,,,
2016,Europe and Central Asia,Italian Red Cross,Italy,ITA,,60627498.0,1877071687633.78,20.3,31970.0,83.2439,3.4,,69.855,6.0,,,,1448.0,,,,,,148824.0,17.0,25.0,,,42.0,67910807.0,63347861.0,32993183.0,30776362.0,9644167.0,8996173.0,10136705.0,9455617.0,588335.0,548805.0,0.0,0.0,0.0,0.0,8576.0,8000.0,18382991.0,17147833.0,164758.0,153688.0,894878.0,834751.0,2503784.0,2335554.0,17918.0,16714.0,89639.0,83616.0,,,,,1067.0,1067.0,10675.0,84990.0,,,,,
2017,Europe and Central Asia,Italian Red Cross,Italy,ITA,,60536709.0,1961796197354.36,20.3,31380.0,82.9463,3.3,,70.144,6.0,1.0,1.0,5.0,1427.0,,,,,,145891.0,,,,,232.0,129067724.0,110349474.0,107699936.0,92080583.0,11808975.0,10096360.0,14971912.0,12800587.0,1208130.0,1032919.0,0.0,0.0,0.0,0.0,0.0,0.0,33481917.0,28626149.0,636661.0,544328.0,2759067.0,2358929.0,602506.0,515127.0,358333.0,306365.0,24881839.0,21273311.0,,,,,862.0,29933.0,29933.0,,,,,,
2018,Europe and Central Asia,Italian Red Cross,Italy,ITA,,60421760.0,2091932426266.98,20.1,33850.0,83.3463,3.2,,70.438,5.0,1.0,1.0,5.0,1444.0,,52132.0,56112.0,,44425.0,152669.0,230.0,134.0,,,364.0,126478767.0,112233029.0,85360087.0,75745687.0,12021686.0,10667642.0,14703345.0,13047257.0,2238618.0,1986475.0,,,,,,,21276307.0,18879883.0,770813.0,683994.0,936762.0,831251.0,474337.0,420911.0,252753.0,224285.0,10151735.0,9008310.0,25102.0,,,,6763.0,16099.0,16099.0,300.0,,,,,
2019,Europe and Central Asia,Italian Red Cross,Italy,ITA,,59729081.0,2011302198827.45,20.0,34910.0,83.4976,3.0,99.35,70.736,5.0,,,5.0,1423.0,,69211.0,78046.0,,,147257.0,450.0,230.0,,0.0,680.0,79801041.0,73217875.0,79799593.0,73216547.0,507437.0,465576.0,4259807.0,3908395.0,,,,,,,,,14685621.0,13474135.0,458767.0,420921.0,701588.0,643711.0,595437.0,546317.0,181709.0,166719.0,1102752.0,1011781.0,1308.0,,1308.0,,7253.0,3590.0,3590.0,,,,,,
2020,Europe and Central Asia,Italian Red Cross,Italy,ITA,,59438851.0,1897461635591.91,20.1,32440.0,82.1951,2.8,,71.039,5.0,,,5.0,1415.0,,69046.0,79567.0,,,148613.0,,,,,,132870490.0,123179925.0,132756048.0,123073830.0,705709.0,654240.0,17250120.0,15992027.0,13311773.0,12340913.0,0.0,0.0,0.0,0.0,0.0,0.0,688559.0,638341.0,255878.0,237216.0,3344908.0,3100956.0,2341262.0,2170508.0,221132.0,205004.0,1606836.0,1489646.0,27025.0,15232.0,,11793.0,,1068.0,1068.0,800.0,,,,,
2021,Europe and Central Asia,Italian Red Cross,Italy,ITA,,59133173.0,2155360298998.03,20.1,36420.0,82.7951,2.6,,71.346,,0.0,1.0,5.0,1418.0,,71628.0,84991.0,,,156619.0,527.0,385.0,,,912.0,181047317.0,168539652.0,179601547.0,167193763.0,2078293.0,1934714.0,16852917.0,15688632.0,3437338.0,3199869.0,0.0,0.0,0.0,0.0,60928.0,56719.0,1428162.0,1329497.0,718555.0,668914.0,829641.0,772325.0,11749876.0,10938135.0,0.0,0.0,2308475.0,2148994.0,57043.0,,,,12348.0,0.0,0.0,,,,,,
2022,Europe and Central Asia,Italian Red Cross,Italy,ITA,,58940425.0,2049737165407.98,,38200.0,,,,71.657,,0.0,1.0,5.0,1400.0,,69549.0,82173.0,,,151722.0,,,,,741.0,162778046.0,157714771.0,161648980.0,156620825.0,11313957.0,10962032.0,23261292.0,22537740.0,43914.0,42548.0,,,,,44641.0,43252.0,1112437.0,1077834.0,873315.0,846150.0,785645.0,761207.0,154508.0,149702.0,4620.0,4476.0,299641.0,290321.0,26523.0,,,,21672.0,,,,,,,,
2023,Europe and Central Asia,Italian Red Cross,Italy,ITA,,,,,,,,,,,0.0,1.0,5.0,733.0,671.0,68881.0,80531.0,,,149412.0,544.0,397.0,,,941.0,147789642.0,158895995.0,146125216.0,157106488.0,6042799.0,6496914.0,16340047.0,17567997.0,281115.0,302241.0,,,,,325652.0,350125.0,987461.0,1061668.0,743736.0,799628.0,342436.0,368170.0,357611.0,384485.0,,,727330.0,781989.0,40951.0,,,,90731.0,3600.0,3600.0,,,,,,
2024,Europe and Central Asia,Italian Red Cross,Italy,ITA,,,,,,,,,,,0.0,1.0,5.0,723.0,671.0,80229.0,68896.0,,,149125.0,534.0,421.0,,,955.0,145190604.0,154300633.0,143881124.0,152908989.0,,,,,,,,,,,,,,,,,,,,,,,,,46762.0,,,,54979.0,,,,,,,,
2011,Americas,Jamaica Red Cross,Jamaica,JAM,DJM001,2746169.0,14444661522.1463,,4730.0,73.094,16.8,,53.93,80.0,,,,13.0,,,,,,7025.0,,,,,52.0,0.0,,0.0,,,,,,,,,,,,,,,,,,0.0,,,,,,,,,,,,,,,,,,,,
2012,Americas,Jamaica Red Cross,Jamaica,JAM,DJM001,2759817.0,14807086555.5283,19.9,5130.0,73.433,16.3,,54.132,83.0,,,,13.0,,2250.0,6750.0,,,9000.0,18.0,43.0,,,61.0,1185712.0,117788068.0,215359.0,21393663.0,,,,,,,,,,,,,,,,,0.0,,,,,,,,,,,,,,,,,,,,
2013,Americas,Jamaica Red Cross,Jamaica,JAM,DJM001,2773129.0,14264205152.6126,,5170.0,73.412,15.9,,54.35,90.0,,,,13.0,,,,,,3323.0,20.0,33.0,,,53.0,274870.0,30228000.0,240607.0,26460000.0,,,,,,,,,,,,,,,,,888559.0,97716621.0,,,,,,,,,,,,,,,,,,,
2014,Americas,Jamaica Red Cross,Jamaica,JAM,DJM001,2784543.0,13899217721.6818,,5070.0,72.982,15.4,,54.584,101.0,,,,13.0,,,,,,733.0,,,,,37.0,174871.0,19982000.0,244734.0,27965000.0,,,,,,,,,,,,,,,,,0.0,,,,,,,,,,,,,,,,,,,,
2015,Americas,Jamaica Red Cross,Jamaica,JAM,DJM001,2794445.0,14188936958.4343,,4870.0,72.394,15.0,,54.833,97.0,,,,13.0,,,,,,1200.0,,,,,60.0,212843.0,25479000.0,252247.0,30196000.0,,,,,,,,,,,,,,,,,0.0,,,,,,,,,,,,,,,,,,,,
2016,Americas,Jamaica Red Cross,Jamaica,JAM,,2802695.0,14077096714.1279,,4770.0,72.02,14.6,,55.098,98.0,,,,13.0,,,,,,8000.0,,,,,60.0,,,,,,,,,,,,,,,,,,,,,,,,,,,,,,,,,,,,,,,,,
2017,Americas,Jamaica Red Cross,Jamaica,JAM,,2808376.0,14808985171.3441,,4940.0,71.911,14.1,,55.378,101.0,1.0,1.0,41.0,13.0,,,,,,7600.0,,,,,60.0,,,,,,,,,,,,,,,,,,,,,,,,,,,,,,,,,,,,,,,,,
2018,Americas,Jamaica Red Cross,Jamaica,JAM,,2811835.0,15730792835.5811,,5230.0,71.793,13.7,,55.674,91.0,0.0,0.0,,14.0,,,,,,,,,,,,,,,,,,,,,,,,,,,,,,,,,,,,,,,,,,,,,,,,,,,,
2019,Americas,Jamaica Red Cross,Jamaica,JAM,,2813773.0,15830766570.7266,,5500.0,71.767,13.2,,55.985,93.0,,,15.0,14.0,,,,,6000.0,6000.0,14.0,30.0,,,44.0,,,,,,,,,,,,,,,,,,,,,,,,,,,,,2774.0,1676.0,,1098.0,,,,,,,,,
2020,Americas,Jamaica Red Cross,Jamaica,JAM,,2820436.0,13812421803.4084,,4900.0,71.869,12.8,,56.311,99.0,,,15.0,14.0,,,,,6000.0,6000.0,10.0,10.0,,,20.0,,,,,,,,,,,,,,,,,,,,,,,,,,,,,620.0,360.0,,260.0,2800.0,2800.0,2800.0,25500.0,,,,,
2021,Americas,Jamaica Red Cross,Jamaica,JAM,,2827695.0,14657586127.0331,,5190.0,70.5,12.4,,56.652,,0.0,1.0,14.0,13.0,,,,,,500.0,8.0,12.0,,,20.0,249606.0,41435319.0,188791.0,31339772.0,,,,,6705.0,1112994.0,,,,,,,66180.0,10986048.0,1465.0,243200.0,,,,,,,80206.0,13314410.0,959.0,607.0,,352.0,,,,,,,,,
2022,Americas,Jamaica Red Cross,Jamaica,JAM,,2827377.0,17097760723.9201,,5760.0,,,,57.008,,1.0,1.0,14.0,13.0,,,,,,9500.0,8.0,10.0,,8.0,26.0,329453.0,54826655.0,253206.0,42137747.0,,,12190.0,2028555.0,2526.0,420392.0,162086.0,26973883.0,22438.0,3733991.0,,,,,171112.0,28475998.0,,,3111.0,517681.0,29366.0,4886981.0,38352.0,6382404.0,1600.0,,,,,,,,,,,,
2023,Americas,Jamaica Red Cross,Jamaica,JAM,,,,,,,,,,,0.0,0.0,14.0,13.0,13.0,,,,,5000.0,,,,,25.0,,,,,,,,,,,,,,,,,,,,,,,,,,,,,2062.0,1512.0,,550.0,,19.0,19.0,,,,,,
2024,Americas,Jamaica Red Cross,Jamaica,JAM,,,,,,,,,,,,,,,,,,,,,,,,,,,,,,,,,,,,,,,,,,,,,,,,,,,,,,,,,,,,,,,,,,
2012,Middle East and North Africa,Jordan National Red Crescent Society,Jordan,JOR,DJO001,7211863.0,31634561690.1408,,4180.0,74.366,19.0,97.89,88.185,48.0,,,,10.0,,155.0,175.0,,,330.0,,,,,193.0,411192.0,317810.0,470867.0,363933.0,,,,,,,,,,,,,,,,,0.0,,,,,,,,,,,,,,,,,,,,
2013,Middle East and North Africa,Jordan National Red Crescent Society,Jordan,JOR,DJO001,7694814.0,34454440140.8451,,4240.0,74.562,18.5,,89.125,45.0,,,,10.0,,155.0,175.0,,,330.0,,,,,193.0,401935.0,317810.0,460267.0,363933.0,,,,,,,,,,,,,,,,,0.0,,,,,,,,,,,,,,,,,,,,
2014,Middle East and North Africa,Jordan National Red Crescent Society,Jordan,JOR,DJO001,8658026.0,36847643521.1268,,4040.0,74.789,18.0,,90.0,45.0,,,,10.0,,392.0,460.0,,,852.0,12.0,13.0,,,25.0,766825.0,548317.0,541950.0,387520.0,,,,,,,,,,,,,,,,,0.0,,,,,,,,,,,,50340.0,,,,,,,,
2015,Middle East and North Africa,Jordan National Red Crescent Society,Jordan,JOR,DJO001,9494246.0,38587017887.3239,,3860.0,75.011,17.5,,90.256,46.0,,,,10.0,,600.0,700.0,,,1300.0,30.0,32.0,,,62.0,932894.0,666283.0,701818.0,501246.0,,,,,,,,,,,,,,,,,0.0,,,,,,,,,,,,85360.0,,,,,,,,
2016,Middle East and North Africa,Jordan National Red Crescent Society,Jordan,JOR,,9964656.0,39892551126.7606,,3830.0,75.215,17.0,,90.506,43.0,,,,10.0,,123.0,197.0,,,320.0,29.0,42.0,,,71.0,,,,,,,,,,,,,,,,,,,,,,,,,,,,,,,,,,67000.0,67000.0,,,,,,
2017,Middle East and North Africa,Jordan National Red Crescent Society,Jordan,JOR,,10215381.0,41608435915.493,,3920.0,75.502,16.5,,90.747,42.0,1.0,1.0,10.0,10.0,,254.0,232.0,,0.0,486.0,33.0,18.0,,0.0,51.0,592088.0,429168.0,529549.0,383837.0,107737.0,78092.0,0.0,0.0,0.0,0.0,0.0,0.0,0.0,0.0,0.0,0.0,241493.0,175043.0,224923.0,163033.0,0.0,0.0,0.0,0.0,0.0,0.0,0.0,0.0,724.0,443.0,0.0,281.0,15916.0,113.0,113.0,0.0,,,,,
2018,Middle East and North Africa,Jordan National Red Crescent Society,Jordan,JOR,,10459865.0,43370860704.2254,15.7,4090.0,75.774,16.0,,90.979,42.0,1.0,1.0,10.0,10.0,,262.0,426.0,,,688.0,28.0,15.0,,,43.0,569773.0,410275.0,641933.0,462235.0,103593.0,74594.0,,,,,,,,,,,188793.0,135944.0,259329.0,186734.0,,,,,,,,,369.0,204.0,,165.0,39439.0,46.0,46.0,0.0,,,,,
2019,Middle East and North Africa,Jordan National Red Crescent Society,Jordan,JOR,,10698683.0,44502816901.4085,,4180.0,76.044,15.5,,91.203,41.0,,,10.0,10.0,,330.0,407.0,,,737.0,38.0,19.0,,,57.0,401152.0,308838.0,422103.0,324968.0,86176.0,66345.0,,,,,,,,,,,73238.0,56384.0,224852.0,173109.0,,,,,,,,,531.0,254.0,,277.0,53657.0,125.0,125.0,,,,,,
2020,Middle East and North Africa,Jordan National Red Crescent Society,Jordan,JOR,,10928721.0,43700383098.5916,,4050.0,75.184,15.0,,91.418,41.0,,,,,,,,,,,,,,,,,,,,,,,,,,,,,,,,,,,,,,,,,,,,,,,,,,,,,,,,
2021,Middle East and North Africa,Jordan National Red Crescent Society,Jordan,JOR,,11148278.0,46296100140.8451,,4210.0,74.256,14.6,98.42,91.626,,,,,,,,,,,,,,,,,,,,,,,,,,,,,,,,,,,,,,,,,,,,,,,,,,,,,,,,,
2022,Middle East and North Africa,Jordan National Red Crescent Society,Jordan,JOR,,11285869.0,48653381780.6397,,4350.0,,,,91.827,,0.0,1.0,8.0,11.0,,,,,,312.0,31.0,21.0,,,52.0,770314.0,592275.0,,,57416.0,44146.0,,,,,,,,,,,87030.0,66915.0,201163.0,154669.0,,,96432.0,74144.0,311365.0,239401.0,,,356.0,,,,140463.0,,,,,,,,
2023,Middle East and North Africa,Jordan National Red Crescent Society,Jordan,JOR,,,,,,,,,,,0.0,1.0,8.0,11.0,10.0,,,,,770.0,31.0,21.0,,,52.0,,,,,,,,,,,,,,,,,,,,,,,,,,,,,887.0,,,,82023.0,,,118199.0,,,,,
2024,Middle East and North Africa,Jordan National Red Crescent Society,Jordan,JOR,,,,,,,,,,,0.0,1.0,8.0,11.0,10.0,,,,,770.0,31.0,21.0,,,52.0,,,,,,,,,,,,,,,,,,,,,,,,,,,,,,,,,,,,,,,,,
2010,Asia Pacific,Japanese Red Cross Society,Japan,JPN,DJP001,128070000.0,5759071769013.11,,43910.0,82.8427,3.2,,90.812,6.0,,,,,,,,,,2030019.0,,,,,,0.0,,0.0,,,,,,,,,,,,,,,,,,0.0,,,,,,,,,,,,,,,,,,,,
2011,Asia Pacific,Japanese Red Cross Society,Japan,JPN,DJP001,127833000.0,6233147172341.351,,47470.0,82.5912,3.2,,91.069,5.0,,,,422.0,,,,,,2236963.0,42510.0,16532.0,,,59042.0,,,,,,,,,,,,,,,,,,,,,0.0,,,,,,,,,,,,790014.0,,,,,,,,
2012,Asia Pacific,Japanese Red Cross Society,Japan,JPN,DJP001,127629000.0,6272362996105.03,,50060.0,83.0961,3.0,,91.148,5.0,,,,422.0,,,,,,2203888.0,46038.0,17904.0,,,63942.0,,,,,,,,,,,,,,,,,,,,,12149843.0,1142097371.0,,,,,,,,,,,,,,,,,,,
2013,Asia Pacific,Japanese Red Cross Society,Japan,JPN,DJP001,127445000.0,5212328181166.18,,48850.0,83.332,2.9,,91.226,5.0,,,,442.0,,,,,,2179837.0,17907.0,45675.0,,,63582.0,,,,,,,,,,,,,,,,,,,,,0.0,,,,,,,,,,,,,,,,,,,,
2014,Asia Pacific,Japanese Red Cross Society,Japan,JPN,DJP001,127276000.0,4896994405353.29,,44440.0,83.5878,2.8,,91.304,5.0,,,,440.0,,461552.0,823928.0,,,1285480.0,18109.0,46714.0,,,64823.0,,,,,,,,,,,,,,,,,,,,,0.0,,,,,,,,,,,,,,,,,,,,
2015,Asia Pacific,Japanese Red Cross Society,Japan,JPN,DJP001,127141000.0,4444930651964.18,,39380.0,83.7939,2.8,,91.381,5.0,,,,440.0,,463590.0,812603.0,,,1276193.0,18420.0,47313.0,,,65733.0,,,,,,,,,,,,,,,,,,,,,0.0,0.0,,,,,,,,,,,,,,,,,,,
2016,Asia Pacific,Japanese Red Cross Society,Japan,JPN,,127076000.0,5003677627544.24,,38460.0,83.9849,2.7,,91.457,5.0,,,,440.0,,458680.0,805234.0,,,1263914.0,18887.0,48383.0,,,67270.0,11380292619.0,1271399019000.0,11454542184.0,1279694133000.0,177839033.0,19868063088.0,25824178.0,2885060632.0,4039283.0,451266169.0,,,,,,,10737179646.0,1199550848575.0,,,454869.0,50817662.0,,,,,430570077.0,48103013803.0,801407.0,,,,33898.0,63727.0,63727.0,,,,,,
2017,Asia Pacific,Japanese Red Cross Society,Japan,JPN,,126972000.0,4930837369151.42,,38930.0,84.0998,2.6,,91.535,5.0,1.0,1.0,61.0,437.0,,462770.0,789356.0,,,1252126.0,17603.0,45184.0,,0.0,62787.0,11351628689.0,1263819716000.0,11403551260.0,1269600452000.0,164010610.0,18259920955.0,23747472.0,2643895805.0,4063724.0,452429694.0,,,,,,,10986632475.0,1223183308280.0,,,,,,,,,,,788749.0,,,,244011.0,27665.0,27665.0,,,,,,
2018,Asia Pacific,Japanese Red Cross Society,Japan,JPN,,126811000.0,5040880939324.86,,41800.0,84.211,2.5,,91.616,5.0,1.0,1.0,61.0,423.0,,458789.0,755871.0,,,1214660.0,19023.0,48455.0,,,67478.0,11851624980.0,1318458669522.0,11949272725.0,1329321696000.0,172980278.0,19243550798.0,28921675.0,3217451929.0,4472948.0,497602450.0,,,,,,,11228076291.0,1249090698711.0,,,,,,,,,414113751.0,46068945477.0,763673.0,,,,4612.0,44800.0,44800.0,,,,,,
2019,Asia Pacific,Japanese Red Cross Society,Japan,JPN,,126633000.0,5117993853016.511,,41970.0,84.3563,2.5,,91.698,4.0,,,58.0,425.0,,456242.0,732259.0,,,1188501.0,19042.0,48637.0,,,67679.0,11736138623.0,1330627961803.0,11709902988.0,1327653399984.0,186161075.0,21106697866.0,31730985.0,3597617374.0,3848859.0,436378552.0,,,,,,,11303047172.0,1281524622694.0,,,,,,,,,208631971.0,23654418530.0,706374.0,,706374.0,,3315.0,26539.0,26539.0,,,,,,
2020,Asia Pacific,Japanese Red Cross Society,Japan,JPN,,126261000.0,5048789595589.431,,40870.0,84.56,2.4,,91.782,4.0,,,60.0,424.0,,448898.0,706425.0,,13388.0,1168711.0,19013.0,48543.0,,,67556.0,11923986205.0,1392501016601.0,10787819697.0,1259817785446.0,188425698.0,22004636024.0,60132781.0,7022396432.0,4622563.0,539829870.0,,,,,,,11428716264.0,1334662649104.0,,,,,,,,,239519570.0,27971455127.0,160714.0,,160714.0,,1508.0,8541.0,8541.0,,,,,,
2021,Asia Pacific,Japanese Red Cross Society,Japan,JPN,,125681593.0,5005536736792.29,,43450.0,84.4456,2.3,,91.867,,1.0,1.0,63.0,423.0,,,,,,1144134.0,18989.0,48585.0,0.0,0.0,67574.0,11012073499.0,1453739075776.0,9956274375.0,1314359653455.0,186111852.0,24569221349.0,50483290.0,6664460744.0,3126529.0,412743083.0,0.0,0.0,0.0,0.0,0.0,0.0,10663279415.0,1407693652135.0,0.0,0.0,0.0,0.0,0.0,0.0,0.0,0.0,107478639.0,14188599271.0,285915.0,,,,355.0,11878.0,11878.0,0.0,,,,,
2022,Asia Pacific,Japanese Red Cross Society,Japan,JPN,,125124989.0,4232173916086.6704,,42440.0,,,,91.955,,1.0,1.0,65.0,420.0,,,,,,850834.0,18958.0,48445.0,0.0,0.0,67403.0,10323894987.0,1483744608693.0,9761975790.0,1402985885292.0,190561286.0,27387364989.0,58804648.0,8451372232.0,3321021.0,477295335.0,0.0,0.0,0.0,0.0,0.0,0.0,9908805215.0,1424088130988.0,0.0,0.0,0.0,0.0,0.0,0.0,0.0,0.0,161205173.0,23168320366.0,402855.0,,,,293.0,19971.0,19971.0,,,,,,
2023,Asia Pacific,Japanese Red Cross Society,Japan,JPN,,,,,,,,,,,1.0,1.0,64.0,419.0,47.0,,,,,829386.0,18949.0,48577.0,0.0,0.0,67526.0,8629994615.0,1447499935399.0,8425477104.0,1413196428026.0,149471005.0,25070614689.0,29515298.0,4950569954.0,2651651.0,444758710.0,0.0,0.0,0.0,0.0,0.0,0.0,8110733249.0,1360404771710.0,0.0,0.0,0.0,0.0,0.0,0.0,0.0,0.0,336526191.0,56445184645.0,509341.0,,,,7667.0,34117.0,34117.0,,,,,,
2024,Asia Pacific,Japanese Red Cross Society,Japan,JPN,,,,,,,,,,,1.0,1.0,65.0,416.0,47.0,,,,,677998.0,18949.0,48577.0,,,67526.0,8478466813.0,1441831110540.0,7981962405.0,1357396563903.0,142614284.0,24252699863.0,31077556.0,5284986996.0,2694824.0,458276341.0,0.0,0.0,0.0,0.0,0.0,0.0,8007946106.0,1361815300118.0,0.0,0.0,0.0,0.0,0.0,0.0,0.0,0.0,290975287.0,49482675480.0,536024.0,,,,788.0,84292.0,84292.0,,,,,,
2010,Africa,Kenya Red Cross Society,Kenya,KEN,DKE001,41517895.0,45405615063.7551,,930.0,60.649,56.1,,23.571,476.0,,,,,,,,,,6200.0,,,,,,0.0,,0.0,,,,,,,,,,,,,,,,,,0.0,,,,,,,,,,,,,,,,,,,,
2012,Africa,Kenya Red Cross Society,Kenya,KEN,DKE001,43725806.0,56396704671.5777,,1060.0,61.115,52.2,,24.376,477.0,,,,64.0,,34036.0,38073.0,,,72109.0,551.0,221.0,,,772.0,51247828.0,4799835863.0,46321061.0,4338398247.0,,,,,,,,,,,,,,,,,9316355.0,872563280.0,,,,,,,,,,,3658977.0,,,,,,,,
2013,Africa,Kenya Red Cross Society,Kenya,KEN,DKE001,44792368.0,61671440407.8387,,1130.0,61.389,50.1,,24.794,516.0,,,,64.0,,62400.0,33600.0,,,96000.0,500.0,223.0,,,723.0,41024256.0,41024256.0,44840952.0,44840952.0,,,,,,,,,,,,,,,,,8699609.0,8699609.0,,,,,,,,,,,3314957.0,,,,,,,,
2014,Africa,Kenya Red Cross Society,Kenya,KEN,DKE001,45831863.0,68285796514.2896,,1260.0,61.816,48.1,78.73,25.221,507.0,,,,64.0,,52982.0,35321.0,,,88303.0,396.0,199.0,,,595.0,37362407.0,37362407.0,45056444.0,45056444.0,,,,,,,,,,,,,,,,,9930219.0,9930219.0,,,,,,,,,,,2726812.0,,,,,,,,
2015,Africa,Kenya Red Cross Society,Kenya,KEN,DKE001,46851488.0,70120446896.8359,36.1,1330.0,61.892,45.9,,25.658,483.0,,,,64.0,,39685.0,33263.0,,,72948.0,360.0,220.0,,,580.0,44687516.0,44687516.0,34022905.0,34022905.0,,,,,,,,,,,,,,,,,0.0,,,,,,,,,,,,1743962.0,,,,,,,,
2016,Africa,Kenya Red Cross Society,Kenya,KEN,,47894670.0,74815144163.8931,,1500.0,62.163,43.8,,26.105,505.0,,,,65.0,,56950.0,25050.0,,,82000.0,380.0,223.0,,,603.0,43728136.0,43728136.0,39485025.0,39485025.0,0.0,0.0,1910283.0,1910283.0,644735.0,644735.0,13838037.0,13838037.0,0.0,0.0,2236872.0,2236872.0,0.0,0.0,0.0,0.0,14114617.0,14114617.0,5800904.0,5800904.0,2001697.0,2001697.0,0.0,0.0,2764.0,1116.0,,1648.0,690091.0,187961.0,187961.0,81032.0,,,,,
2017,Africa,Kenya Red Cross Society,Kenya,KEN,,48948137.0,82036510877.2599,,1550.0,62.481,42.4,,26.562,490.0,1.0,1.0,14.0,65.0,,77874.0,33375.0,,0.0,111249.0,416.0,226.0,,0.0,642.0,63227699.0,63227699.0,70990969.0,70990969.0,0.0,0.0,0.0,0.0,154060.0,154060.0,7468123.0,7468123.0,9682360.0,9682360.0,0.0,0.0,2099524.0,2099524.0,1691404.0,1691404.0,3434476.0,3434476.0,9029535.0,9029535.0,2683925.0,2683925.0,14220373.0,14220373.0,3437.0,1684.0,0.0,1753.0,1002048.0,14962.0,14962.0,721066.0,,,,,
2018,Africa,Kenya Red Cross Society,Kenya,KEN,,49953304.0,92202979985.2863,,1730.0,62.676,40.8,,27.03,512.0,1.0,1.0,14.0,65.0,,60818.0,54232.0,,0.0,115050.0,370.0,199.0,,0.0,569.0,53779574.0,53779574.0,43940827.0,43940827.0,,,,,421042.0,421042.0,10358867.0,10358867.0,296830.0,296830.0,,,,,15216430.0,15216430.0,9430870.0,9430870.0,2307631.0,2307631.0,1639396.0,1639396.0,,,4570.0,2044.0,0.0,2526.0,1110956.0,3015.0,3015.0,1182533.0,,,,,
2019,Africa,Kenya Red Cross Society,Kenya,KEN,,50951450.0,100378436207.371,,1890.0,62.943,39.4,,27.507,503.0,,,14.0,65.0,,53673.0,50341.0,,0.0,104014.0,312.0,195.0,,0.0,507.0,49072001.0,49072001.0,44386717.0,44386717.0,,,,,179717.0,179717.0,6065675.0,6065675.0,5551133.0,5551133.0,,,,,7911482.0,7911482.0,3284369.0,3284369.0,,,,,,,3976.0,1778.0,0.0,2198.0,1314576.0,69652.0,69652.0,1063097.0,,,,,
2020,Africa,Kenya Red Cross Society,Kenya,KEN,,51985780.0,100657505750.545,,1900.0,62.675,38.6,,27.995,530.0,,,14.0,65.0,,84240.0,77382.0,,0.0,161622.0,450.0,283.0,,0.0,733.0,,,,,,,,,,,,,,,,,,,,,,,,,,,,,,,,,3699856.0,260370.0,260370.0,485465.0,,,,,
2021,Africa,Kenya Red Cross Society,Kenya,KEN,,53005614.0,109703658904.994,,2080.0,61.427,37.2,,28.493,,1.0,1.0,14.0,65.0,,98143.0,89164.0,0.0,0.0,187307.0,,,,,,51764334.0,51764334.0,52633730.0,52633730.0,0.0,0.0,0.0,0.0,484257.0,484257.0,7145908.0,7145908.0,3911678.0,3911678.0,1754810.0,1754810.0,0.0,0.0,2578578.0,2578578.0,4340727.0,4340727.0,3234813.0,3234813.0,1488160.0,1488160.0,0.0,0.0,6989.0,3289.0,0.0,3700.0,1965033.0,239746.0,239746.0,299231.0,,,,,
2022,Africa,Kenya Red Cross Society,Kenya,KEN,,54027487.0,113420008178.793,,2170.0,,,82.88,29.002,,1.0,1.0,17.0,65.0,,107903.0,99339.0,0.0,0.0,207242.0,458.0,249.0,,,707.0,,,,,,,,,,,,,,,,,,,,,,,,,,,,,13611.0,3534.0,7681.0,2396.0,3897201.0,225575.0,225575.0,562064.0,,,,,
2023,Africa,Kenya Red Cross Society,Kenya,KEN,,,,,,,,,,,1.0,1.0,17.0,71.0,47.0,118056.0,109807.0,0.0,0.0,227863.0,416.0,276.0,0.0,0.0,692.0,63475431.0,63475431.0,64392781.0,64392781.0,29053.0,29053.0,,,1202457.0,1202457.0,14887798.0,14887798.0,,,,,1736494.0,1736494.0,2799462.0,2799462.0,4294568.0,4294568.0,3468736.0,3468736.0,1418951.0,1418951.0,7408160.0,7408160.0,16965.0,4787.0,7681.0,4497.0,5018826.0,1260854.0,1260854.0,626144.0,,,,,
2024,Africa,Kenya Red Cross Society,Kenya,KEN,,,,,,,,,,,1.0,1.0,16.0,71.0,47.0,126672.0,116982.0,,,243654.0,433.0,275.0,,,708.0,58350319.0,58350319.0,67751275.0,67751275.0,44518.0,44518.0,,,,,19322383.0,19322383.0,,,,,985710.0,985710.0,3052257.0,3052257.0,6149190.0,6149190.0,4347003.0,4347003.0,1297731.0,1297731.0,6003301.0,6003301.0,17894.0,9318.0,,8576.0,6403788.0,1413042.0,1413042.0,1716122.0,,,,,
2009,Europe and Central Asia,Red Crescent Society of Kyrgyzstan,Kyrgyzstan,KGZ,DKG001,5383300.0,4690062255.1225,31.7,860.0,69.1024,31.6,99.24,35.284,80.0,,,,6.0,,,,,,2045.0,,,,,298.0,2562323.0,109186214.0,2542619.0,108346580.0,,,,,,,,,,,,,,,,,0.0,,,,,,,,,,,,5124.0,,,,,,,,
2010,Europe and Central Asia,Red Crescent Society of Kyrgyzstan,Kyrgyzstan,KGZ,DKG001,5447900.0,4794361863.0135,33.7,850.0,69.3,29.6,,35.306,72.0,,,,,,,,,,1400.0,,,,,,0.0,,0.0,,,,,,,,,,,,,,,,,,0.0,,,,,,,,,,,,,,,,,,,,
2011,Europe and Central Asia,Red Crescent Society of Kyrgyzstan,Kyrgyzstan,KGZ,DKG001,5514600.0,6197765984.2847,36.8,880.0,69.6024,27.7,,35.352,66.0,,,,7.0,,,,,,800.0,,,,,250.0,1664594.0,81629168.0,1598484.0,78387274.0,,,,,,,,,,,,,,,,,0.0,,,,,,,,,,,,,,,,,,,,
2012,Europe and Central Asia,Red Crescent Society of Kyrgyzstan,Kyrgyzstan,KGZ,DKG001,5607200.0,6605142884.3622,38.0,1040.0,70.0024,26.1,,35.423,62.0,,,,41.0,,,,,,2025.0,,,,,165.0,1419218.0,73573674.0,1252581.0,64935029.0,,,,,,,,,,,,,,,,,483284.0,25053923.0,,,,,,,,,,,4000.0,,,,,,,,
2013,Europe and Central Asia,Red Crescent Society of Kyrgyzstan,Kyrgyzstan,KGZ,DKG001,5719600.0,7335033800.5906,37.0,1190.0,70.2024,24.7,,35.517,66.0,,,,8.0,,,,,,2000.0,,,,,165.0,2039288.0,112728572.0,2036905.0,112596838.0,,,,,,,,,,,,,,,,,0.0,,,,,,,,,,,,,,,,,,,,
2014,Europe and Central Asia,Red Crescent Society of Kyrgyzstan,Kyrgyzstan,KGZ,DKG001,5835500.0,7468102412.6824,30.6,1250.0,70.4024,23.4,,35.635,60.0,,,,8.0,,,,,,1500.0,,,,,172.0,1390133.0,82886000.0,1353085.0,80677000.0,,,,,,,,,,,,,,,,,0.0,,,,,,,,,,,,,,,,,,,,
2015,Europe and Central Asia,Red Crescent Society of Kyrgyzstan,Kyrgyzstan,KGZ,DKG001,5956900.0,6678177511.6631,32.1,1180.0,70.6512,22.3,,35.777,61.0,,,,8.0,,,,,,2483.0,,,,,183.0,1513993.0,116063000.0,1465715.0,112362000.0,,,,,,,,,,,,,,,,,0.0,,,,,,,,,,,,,,,,,,,,
2016,Europe and Central Asia,Red Crescent Society of Kyrgyzstan,Kyrgyzstan,KGZ,,6079500.0,6813095379.1187,25.4,1110.0,70.9512,21.1,,35.944,53.0,,,,43.0,,853.0,1184.0,,,2037.0,51.0,65.0,,,116.0,1474442.0,1474442.0,1380453.0,1380453.0,0.0,0.0,0.0,0.0,0.0,0.0,0.0,0.0,0.0,0.0,0.0,0.0,0.0,0.0,0.0,0.0,1137220.0,1137220.0,40806.0,40806.0,132756.0,132756.0,12184.0,12184.0,1315.0,526.0,,789.0,21000.0,7000.0,35000.0,67200.0,,,,,
2017,Europe and Central Asia,Red Crescent Society of Kyrgyzstan,Kyrgyzstan,KGZ,,6198200.0,7702938379.4204,25.6,1110.0,71.2,20.0,,36.135,53.0,1.0,1.0,11.0,43.0,,813.0,1595.0,,,2408.0,104.0,108.0,,,212.0,2075516.0,146731425.0,,,54455.0,3849797.0,,,,,271004.0,19159000.0,,,,,,,147795.0,10448563.0,1445734.0,102208152.0,,,151493.0,10710013.0,,,9428.0,,,,22000.0,226271.0,226271.0,100.0,,,,,
2018,Europe and Central Asia,Red Crescent Society of Kyrgyzstan,Kyrgyzstan,KGZ,,6322800.0,8271106235.4155,22.4,1220.0,71.4,19.0,,36.351,54.0,1.0,1.0,10.0,43.0,,784.0,1873.0,,0.0,2657.0,105.0,107.0,,,212.0,2094693.0,148570343.0,2094693.0,148570343.0,8755.0,621000.0,,,1834.0,130050.0,467284.0,33143059.0,876.0,62165.0,,,59320.0,4207421.0,52714.0,3738861.0,1198038.0,84973277.0,143216.0,10157918.0,149006.0,10568552.0,10532.0,746988.0,15928.0,,,,17624.0,26434.0,132166.0,,,,,,
2019,Europe and Central Asia,Red Crescent Society of Kyrgyzstan,Kyrgyzstan,KGZ,,6456200.0,9371275264.3674,20.1,1270.0,71.6,18.3,99.6,36.591,47.0,,,10.0,46.0,,951.0,2095.0,,,3046.0,57.0,143.0,,,200.0,2635033.0,188283865.0,2623215.0,187439458.0,60474.0,4321111.0,8889.0,635165.0,,,331562.0,23691461.0,,,90365.0,6456957.0,62099.0,4437235.0,81530.0,5825672.0,1791667.0,128021904.0,8508.0,607900.0,181090.0,12939655.0,,,14605.0,,14605.0,,10812.0,117546.0,117546.0,,,,,,
2020,Europe and Central Asia,Red Crescent Society of Kyrgyzstan,Kyrgyzstan,KGZ,,6579900.0,8270468614.2405,25.3,1240.0,71.8,17.8,,36.856,50.0,,,82.0,46.0,,1122.0,2744.0,,,3866.0,69.0,147.0,,,216.0,3419523.0,295142711.0,2899154.0,250229057.0,,,89121.0,7692095.0,318484.0,27488651.0,466715.0,40282629.0,,,,,149509.0,12904245.0,136860.0,11812508.0,1385115.0,119550760.0,132672.0,11451031.0,113843.0,9825941.0,613137.0,52920496.0,3592.0,1409.0,,2183.0,,,,,,,,,
2021,Europe and Central Asia,Red Crescent Society of Kyrgyzstan,Kyrgyzstan,KGZ,,6773400.0,9249133946.2653,33.3,1280.0,71.9,17.4,,37.146,,,,,,,,,,,,,,,,,,,,,,,,,,,,,,,,,,,,,,,,,,,,,,,,,,,,,,,,,
2022,Europe and Central Asia,Red Crescent Society of Kyrgyzstan,Kyrgyzstan,KGZ,,6974900.0,11543966558.842,,1440.0,,,,37.461,,1.0,1.0,10.0,46.0,,913.0,2135.0,,,3048.0,123.0,172.0,,,295.0,5853272.0,5853272.0,5431857.0,5431857.0,,,,,106553.0,106553.0,604182.0,604182.0,,,261880.0,261880.0,378670.0,378670.0,,,2664756.0,2664756.0,1115959.0,1115959.0,208775.0,208775.0,,,46860.0,29813.0,,17047.0,14045.0,228978.0,1373868.0,1863.0,,,,,
2023,Europe and Central Asia,Red Crescent Society of Kyrgyzstan,Kyrgyzstan,KGZ,,,,,,,,,,,,,,,,,,,,,,,,,,,,,,,,,,,,,,,,,,,,,,,,,,,,,,,,,,,,,,,,,,
2024,Europe and Central Asia,Red Crescent Society of Kyrgyzstan,Kyrgyzstan,KGZ,,,,,,,,,,,,,,,,,,,,,,,,,,,,,,,,,,,,,,,,,,,,,,,,,,,,,,,,,,,,,,,,,,
2009,Asia Pacific,Cambodian Red Cross Society,Cambodia,KHM,DKH001,14093605.0,10401851850.6062,23.9,700.0,66.014,47.7,76.14,19.93,265.0,,,,208.0,,,,,,23989.0,,,,,359.0,10818814.0,10461793.0,5205127.0,5033358.0,,,,,,,,,,,,,,,,,917760.0,887474.0,,,,,,,,,,,57837.0,,,,,,,,
2011,Asia Pacific,Cambodian Red Cross Society,Cambodia,KHM,DKH001,14573885.0,12829541141.062,20.5,810.0,68.416,40.6,,20.663,252.0,,,,208.0,,,,,,26444.0,,,,,130.0,16654449.0,17655381.0,10495735.0,11126529.0,,,,,,,,,,,,,,,,,0.0,,,,,,,,,,,,,,,,,,,,
2012,Asia Pacific,Cambodian Red Cross Society,Cambodia,KHM,DKH001,14786640.0,14054443213.4887,17.7,880.0,68.915,37.8,,21.037,246.0,,,,24.0,,,,,,18432.0,,,,,542.0,13708646.0,15000000.0,6031804.0,6600000.0,,,,,,,,,,,,,,,,,0.0,,,,,,,,,,,,,,,,,,,,
2013,Asia Pacific,Cambodian Red Cross Society,Cambodia,KHM,DKH001,14999683.0,15227991395.1207,,960.0,69.304,35.3,,21.415,229.0,,,,24.0,,,,,,18432.0,,,,,542.0,19659233.0,22038000.0,7715981.0,8649615.0,,,,,,,,,,,,,,,,,0.0,,,,,,,,,,,,,,,,,,,,
2014,Asia Pacific,Cambodian Red Cross Society,Cambodia,KHM,DKH001,15210817.0,16702610842.3529,,1020.0,69.736,33.4,78.06,21.799,228.0,,,,108.0,,24777.0,24778.0,,,49555.0,218.0,218.0,,,436.0,16489925.0,16699842.0,13375727.0,13546000.0,,,,,,,,,,,,,,,,,0.0,,,,,,,,,,,,,,,,,,,,
2015,Asia Pacific,Cambodian Red Cross Society,Cambodia,KHM,DKH001,15417523.0,18049954289.4721,,1070.0,69.873,31.7,80.53,22.188,209.0,,,,1526.0,,,,,,50525.0,,,,,317.0,17894601.0,17894601.0,13844692.0,13844692.0,,,,,,,,,,,,,,,,,0.0,,,,,,,,,,,,,,,,,,,,
2016,Asia Pacific,Cambodian Red Cross Society,Cambodia,KHM,,15624584.0,20016747857.6367,,1160.0,70.224,30.3,,22.582,197.0,,,,1526.0,,7325.0,4830.0,,,12155.0,207.0,110.0,,,317.0,,,,,,,,,,,,,,,,,,,,,,,,,,,,,11710.0,,,,708302.0,53094.0,53094.0,349816.0,,,,,
2017,Asia Pacific,Cambodian Red Cross Society,Cambodia,KHM,,15830689.0,22177200588.1826,,1260.0,70.515,28.9,,22.98,204.0,1.0,1.0,29.0,1526.0,,7666.0,5187.0,,,12853.0,245.0,134.0,,,379.0,,,,,,,,,,,,,,,,,,,,,,,,,,,,,8228.0,,,,47631.0,41009.0,41009.0,62026.0,,,,,
2018,Asia Pacific,Cambodian Red Cross Society,Cambodia,KHM,,16025238.0,24571753583.3935,,1420.0,70.561,27.8,,23.388,209.0,1.0,1.0,29.0,1526.0,,12635.0,7821.0,,,20456.0,,,,,376.0,,,,,,,,,,,,,,,,,,,,,,,,,,,,,4092.0,,,,547660.0,9741.0,9741.0,44408.0,,,,,
2019,Asia Pacific,Cambodian Red Cross Society,Cambodia,KHM,,16207746.0,27089390032.798,,1560.0,70.692,26.8,,23.805,214.0,,,29.0,1874.0,,17824.0,21948.0,,,39772.0,267.0,106.0,,,373.0,,,,,,,,,,,,,,,,,,,,,,,,,,,,,9093.0,4468.0,,4625.0,356725.0,448561.0,448561.0,37742.0,,,,,
2020,Asia Pacific,Cambodian Red Cross Society,Cambodia,KHM,,16396860.0,25872797891.7664,,1530.0,70.416,25.8,,24.232,218.0,,,29.0,1874.0,,20538.0,21285.0,,,41823.0,256.0,108.0,,,364.0,,,,,,,,,,,,,,,,,,,,,,,,,,,,,1257.0,516.0,,741.0,514208.0,131921.0,131921.0,20409.0,,,,,
2021,Asia Pacific,Cambodian Red Cross Society,Cambodia,KHM,,16589023.0,26961061151.7337,,1580.0,69.584,24.8,,24.668,,1.0,1.0,29.0,1880.0,,26289.0,27503.0,,,53792.0,262.0,116.0,,,378.0,,,,,,,,,,,,,,,,,,,,,,,,,,,,,1465.0,630.0,,835.0,479016.0,145671.0,145671.0,8196.0,,,,,
2022,Asia Pacific,Cambodian Red Cross Society,Cambodia,KHM,,16767842.0,29504829319.3169,,1690.0,,,83.78,25.114,,1.0,1.0,29.0,1881.0,,27960.0,25354.0,,,53314.0,246.0,112.0,,,358.0,,,,,,,,,,,,,,,,,,,,,,,,,,,,,16842.0,9518.0,,7324.0,347208.0,152272.0,152272.0,38609.0,,,,,
2023,Asia Pacific,Cambodian Red Cross Society,Cambodia,KHM,,,,,,,,,,,1.0,1.0,13.0,1881.0,25.0,21819.0,31496.0,0.0,,53315.0,247.0,112.0,,,359.0,28475014.0,33860089.0,23016648.0,27369460.0,,,,,,,,,,,,,,,,,,,,,,,,,10670.0,6030.0,,4640.0,456424.0,187367.0,187367.0,2300.0,,,,,
2024,Asia Pacific,Cambodian Red Cross Society,Cambodia,KHM,,,,,,,,,,,1.0,1.0,15.0,1881.0,25.0,31184.0,29986.0,,,61170.0,244.0,110.0,,,354.0,26763530.0,31557082.0,19143887.0,22572703.0,26492891.0,31237970.0,,,,,,,,,,,27143.0,32004.0,,,112955.0,133186.0,53455.0,63029.0,67996.0,80175.0,9090.0,10718.0,16158.0,8241.0,,7917.0,230221.0,180490.0,180490.0,261.0,,,,,
2012,Asia Pacific,Kiribati Red Cross Society,Kiribati,KIR,DKI001,111618.0,189629954.8251,,2500.0,65.378,62.1,,49.082,131.0,,,,2.0,,54.0,23.0,,,77.0,3.0,6.0,,,9.0,243083.0,256404.0,245300.0,258742.0,,,,,,,,,,,,,,,,,0.0,,,,,,,,,,,,108.0,,,,,,,,
2013,Asia Pacific,Kiribati Red Cross Society,Kiribati,KIR,DKI001,113311.0,184543120.917,,2840.0,65.588,60.7,,49.927,119.0,,,,2.0,,81.0,22.0,,,103.0,4.0,7.0,,,11.0,202883.0,256404.0,204733.0,258742.0,,,,,,,,,,,,,,,,,148704.0,187932.0,,,,,,,,,,,,,,,,,,,
2014,Asia Pacific,Kiribati Red Cross Society,Kiribati,KIR,DKI001,114985.0,177868200.0391,,3050.0,65.815,59.1,,50.773,120.0,,,,,,,,,,,,,,,11.0,0.0,,0.0,,,,,,,,,,,,,,,,,,0.0,,,,,,,,,,,,,,,,,,,,
2015,Asia Pacific,Kiribati Red Cross Society,Kiribati,KIR,DKI001,116707.0,170292316.8231,,3280.0,66.059,57.5,,51.619,121.0,,,,,,,,,,,,,,,11.0,0.0,,0.0,,,,,,,,,,,,,,,,,,0.0,,,,,,,,,,,,,,,,,,,,
2016,Asia Pacific,Kiribati Red Cross Society,Kiribati,KIR,,118513.0,178507954.8681,,2660.0,66.332,56.1,,52.45,117.0,,,,4.0,,,,,,,,,,,,,,,,,,,,,,,,,,,,,,42868.0,56241.0,161349.0,211686.0,,,17968.0,23574.0,,,562.0,278.0,,284.0,325.0,37610.0,92678.0,1222.0,,,,,
2017,Asia Pacific,Kiribati Red Cross Society,Kiribati,KIR,,120362.0,188540710.2313,,2790.0,66.597,54.4,,53.262,112.0,1.0,1.0,9.0,2.0,,53.0,37.0,,0.0,90.0,5.0,6.0,,0.0,11.0,290260.0,380813.0,371595.0,487523.0,,,,,,,,,,,,,,,55259.0,72498.0,181015.0,237487.0,29243.0,38366.0,24741.0,32460.0,,,753.0,414.0,0.0,339.0,22.0,10159.0,10159.0,1223.0,,,,,
2018,Asia Pacific,Kiribati Red Cross Society,Kiribati,KIR,,122261.0,196501525.6887,,2990.0,66.855,52.9,,54.057,110.0,1.0,1.0,8.0,2.0,,72.0,93.0,,,165.0,9.0,7.0,,,16.0,32574.0,46951.0,62211.0,89669.0,,,,,,,,,,,,,,,,,,,,,,,,,971.0,555.0,,416.0,63.0,5001.0,5001.0,2110.0,,,,,
2019,Asia Pacific,Kiribati Red Cross Society,Kiribati,KIR,,124241.0,175181629.2865,21.9,3220.0,67.15,51.4,,54.835,108.0,,,9.0,1.0,,116.0,119.0,,,235.0,11.0,7.0,,,18.0,385824.0,565866.0,363453.0,533056.0,,,,,,,,,,,,,,,63763.0,93518.0,139562.0,204687.0,26496.0,38860.0,21819.0,32000.0,134185.0,196801.0,2274.0,1459.0,3.0,812.0,1471.0,78073.0,78073.0,203.0,,,,,
2020,Asia Pacific,Kiribati Red Cross Society,Kiribati,KIR,,126463.0,177553274.5848,,2680.0,67.266,49.8,,55.594,76.0,,,9.0,3.0,,39.0,80.0,,6.0,125.0,8.0,6.0,,2.0,16.0,312096.0,472691.0,304510.0,461201.0,,,,,,,,,,,,,,,76197.0,115406.0,,,128277.0,194285.0,21128.0,32000.0,86493.0,131000.0,497.0,,497.0,,37787.0,78074.0,78074.0,33721.0,,,,,
2021,Asia Pacific,Kiribati Red Cross Society,Kiribati,KIR,,128874.0,227610079.1452,,2740.0,67.417,48.2,,56.335,,1.0,1.0,9.0,3.0,,65.0,48.0,3.0,,116.0,8.0,5.0,,,13.0,231564.0,347774.0,319521.0,479872.0,,,,,,,,,,,,,,,17877.0,26848.0,64893.0,97459.0,65699.0,98670.0,24502.0,36798.0,2509.0,3768.0,1681.0,1295.0,,386.0,0.0,16866.0,86866.0,74620.0,,,,,
2022,Asia Pacific,Kiribati Red Cross Society,Kiribati,KIR,,131232.0,223353014.2946,,2810.0,,,,57.058,,1.0,1.0,9.0,3.0,,71.0,61.0,,,132.0,8.0,5.0,,,13.0,110868.0,166506.0,89754.0,134797.0,,,,,,,,,,,,,,,,,,,,,,,,,1463.0,1075.0,,388.0,95000.0,1128.0,1128.0,38298.0,,,,,
2023,Asia Pacific,Kiribati Red Cross Society,Kiribati,KIR,,,,,,,,,,,1.0,1.0,8.0,5.0,4.0,84.0,68.0,,,152.0,6.0,8.0,,,14.0,163873.0,285641.0,156009.0,271933.0,,,,,,,,,,,,,,,,,,,,,,,,,1291.0,866.0,,425.0,3962.0,709.0,709.0,2464.0,,,,,
2024,Asia Pacific,Kiribati Red Cross Society,Kiribati,KIR,,,,,,,,,,,,,,,,,,,,,,,,,,,,,,,,,,,,,,,,,,,,,,,,,,,,,,,,,,,,,,,,,,
2011,Africa,The Comoros Red Crescent,Comoros,COM,DKM001,670071.0,1023086272.6962,,1480.0,61.503,70.3,,28.04,293.0,,,,,,,,,,,,,,,,0.0,0.0,0.0,0.0,,,,,,,,,,,,,,,,,0.0,,,,,,,,,,,,,,,,,,,,
2012,Africa,The Comoros Red Crescent,Comoros,COM,DKM001,684553.0,1015843491.2464,,1500.0,61.834,68.0,49.2,28.123,297.0,,,,184.0,,3400.0,5100.0,,,8500.0,8.0,5.0,,,13.0,381295.0,155110292.0,289654.0,117831094.0,,,,,,,,,,,,,,,,,0.0,,,,,,,,,,,,,,,,,,,,
2013,Africa,The Comoros Red Crescent,Comoros,COM,DKM001,699393.0,1116224107.1712,42.4,1580.0,62.224,65.8,,28.223,285.0,,,,184.0,,,,,,1600.0,,,,,13.0,1317910.0,527441989.0,1177696.0,471327011.0,,,,,,,,,,,,,,,,,0.0,,,,,,,,,,,,,,,,,,,,
2014,Africa,The Comoros Red Crescent,Comoros,COM,DKM001,714612.0,1149587659.745,,1580.0,62.516,63.5,,28.338,292.0,,,,400.0,,9000.0,3000.0,,,12000.0,6.0,4.0,,,10.0,226324.0,92563825.0,226275.0,92543825.0,,,,,,,,,,,,,,,,,215118.0,87981031.0,,,,,,,,,,,1100.0,,,,,,,,
2015,Africa,The Comoros Red Crescent,Comoros,COM,DKM001,730216.0,966029599.8012,,1470.0,62.896,61.2,,28.47,261.0,,,,190.0,,3700.0,3300.0,,,7000.0,5.0,3.0,,,8.0,186135.0,84741703.0,117498.0,53493508.0,,,,,,,,,,,,,,,,,0.0,,,,,,,,,,,,,,,,,,,,
2016,Africa,The Comoros Red Crescent,Comoros,COM,,746232.0,1012835492.5158,,1410.0,63.237,59.0,,28.619,255.0,,,,202.0,,4020.0,3450.0,,,7470.0,30.0,6.0,,,36.0,134447.0,60671104.0,94777.0,42769191.0,0.0,0.0,0.0,0.0,0.0,0.0,0.0,0.0,0.0,0.0,0.0,0.0,0.0,0.0,0.0,0.0,28846.0,13017267.0,0.0,0.0,75031.0,33858837.0,0.0,0.0,398.0,98.0,,300.0,4867.0,148.0,148.0,120.0,,,,,
2017,Africa,The Comoros Red Crescent,Comoros,COM,,761664.0,1077439756.1222,,1370.0,63.625,56.9,,28.784,241.0,1.0,1.0,4.0,211.0,,,,,,5500.0,8.0,4.0,,0.0,12.0,1041265.0,890254.0,930597.0,795636.0,0.0,0.0,0.0,0.0,0.0,0.0,39397.0,33683.0,0.0,0.0,7837.0,6700.0,9357.0,8000.0,81874.0,70000.0,784296.0,670552.0,47510.0,40620.0,70996.0,60700.0,0.0,0.0,168.0,58.0,0.0,110.0,997.0,4950.0,4950.0,,,,,,
2018,Africa,The Comoros Red Crescent,Comoros,COM,,776313.0,1188797449.9603,,1480.0,63.912,54.9,,28.965,244.0,1.0,1.0,4.0,220.0,,,,,,400.0,,,,,39.0,152592.0,135405.0,151713.0,134625.0,,,,,,,10711.0,9505.0,,,,,481.0,427.0,,,114865.0,101927.0,,,26138.0,23194.0,,,310.0,,,,10000.0,0.0,0.0,30000.0,,,,,
2019,Africa,The Comoros Red Crescent,Comoros,COM,,790986.0,1195019531.0366,,1520.0,64.068,53.1,,29.164,237.0,,,,,,,,,,,,,,,,,,,,,,,,,,,,,,,,,,,,,,,,,,,,,,,,,,,,,,,,
2020,Africa,The Comoros Red Crescent,Comoros,COM,,806166.0,1225039195.9374,,1520.0,64.166,51.3,,29.38,217.0,,,6.0,209.0,,4601.0,1399.0,,,6000.0,,,,32.0,32.0,459269.0,209425076.0,464807.0,211950299.0,,,,,16338.0,7449960.0,60379.0,27532683.0,,,,,,,1097.0,500000.0,35162.0,16033767.0,300564.0,137056119.0,,,2630.0,1199357.0,67.0,40.0,,27.0,649322.0,,,85273.0,,,,,
2021,Africa,The Comoros Red Crescent,Comoros,COM,,821625.0,1296089479.4583,,1580.0,63.417,49.7,,29.613,,1.0,1.0,6.0,210.0,,4580.0,1420.0,,,6000.0,20.0,14.0,,,34.0,377275.0,172744881.0,385038.0,176299664.0,,,,,,,125351.0,57395253.0,,,,,,,1092.0,500000.0,86408.0,39564134.0,164424.0,75285494.0,,,,,25.0,6.0,,19.0,1631.0,,,196.0,,,,,
2022,Africa,The Comoros Red Crescent,Comoros,COM,,836774.0,1242519407.2782,,1610.0,,,61.71,29.864,,1.0,1.0,6.0,224.0,,1800.0,1200.0,,,3000.0,13.0,8.0,,,21.0,689767.0,328773401.0,454504.0,216636755.0,,,,,,,,,,,407056.0,194020902.0,,,1701.0,811000.0,55115.0,26270420.0,208879.0,99561079.0,,,,,237.0,135.0,,102.0,315870.0,245755.0,245755.0,234888.0,,,,,
2023,Africa,The Comoros Red Crescent,Comoros,COM,,,,,,,,,,,1.0,1.0,6.0,224.0,3.0,1800.0,1200.0,,,3000.0,13.0,8.0,,,21.0,926447.0,489924216.0,953247.0,504097017.0,985.0,520725.0,,,537414.0,284195557.0,,,,,,,,,,,45089.0,23843750.0,77092.0,40767854.0,,,,,101.0,68.0,,33.0,315870.0,245768.0,245768.0,11350.0,,,,,
2024,Africa,The Comoros Red Crescent,Comoros,COM,,,,,,,,,,,0.0,0.0,6.0,224.0,3.0,1940.0,1716.0,,,3656.0,27.0,13.0,,,40.0,607011.0,317367334.0,599399.0,313387669.0,,,,,,,,,,,,,,,,,12031.0,6290016.0,594978.0,311076318.0,,,,,505.0,,,,181.0,200.0,200.0,255109.0,,,,,
2012,Americas,Saint Kitts and Nevis Red Cross Society,Saint Kitts and Nevis,KNA,DKN001,47727.0,825381481.4815,,16790.0,71.669,17.4,,31.062,,,,,7.0,,35.0,15.0,,,50.0,,,,,1.0,0.0,,0.0,,,,,,,,,,,,,,,,,,0.0,,,,,,,,,,,,,,,,,,,,
2013,Americas,Saint Kitts and Nevis Red Cross Society,Saint Kitts and Nevis,KNA,DKN001,47767.0,874896296.2963,,18210.0,71.457,17.3,,30.964,,,,,6.0,,45.0,105.0,,,150.0,0.0,1.0,,,1.0,26088.0,78618.0,25791.0,77725.0,,,,,,,,,,,,,,,,,0.0,,,,,,,,,,,,,,,,,,,,
2014,Americas,Saint Kitts and Nevis Red Cross Society,Saint Kitts and Nevis,KNA,DKN001,47789.0,953166666.6667,,18410.0,70.966,17.2,,30.885,,,,,6.0,,57.0,143.0,,,200.0,,,,,1.0,31660.0,86192.0,0.0,,,,,,,,,,,,,,,,,,0.0,0.0,,,,,,,,,,,,,,,,,,,
2015,Americas,Saint Kitts and Nevis Red Cross Society,Saint Kitts and Nevis,KNA,DKN001,47790.0,957025925.9259,,18360.0,70.763,16.9,,30.827,,,,,6.0,,67.0,175.0,,,242.0,,,,,0.0,0.0,,0.0,,,,,,,,,,,,,,,,,,0.0,0.0,,,,,,,,,,,,,,,,,,,
2016,Americas,Saint Kitts and Nevis Red Cross Society,Saint Kitts and Nevis,KNA,,47788.0,1007348148.1482,,19320.0,71.74,16.6,,30.79,,,,,2.0,,,,,,150.0,,,,,1.0,,,,,,,,,,,,,,,,,,,,,,,,,,,,,,,,,,,,,,,,,
2017,Americas,Saint Kitts and Nevis Red Cross Society,Saint Kitts and Nevis,KNA,,47785.0,1058366666.6667,,20020.0,71.84,16.3,,30.773,,1.0,1.0,13.0,6.0,,60.0,169.0,,0.0,229.0,,,,,1.0,,,,,,,,,,,,,,,,,,,,,,,,,,,,,1266.0,,,,657.0,0.0,0.0,,,,,,
2018,Americas,Saint Kitts and Nevis Red Cross Society,Saint Kitts and Nevis,KNA,,47761.0,1076240740.7407,,21510.0,71.467,15.9,,30.776,,0.0,0.0,,6.0,,,,,,229.0,,,,,1.0,,,,,,,,,,,,,,,,,,,,,,,,,,,,,,,,,,,,,,,,,
2019,Americas,Saint Kitts and Nevis Red Cross Society,Saint Kitts and Nevis,KNA,,47712.0,1107155555.5556,,23450.0,71.572,15.4,,30.799,,,,13.0,2.0,,42.0,79.0,,0.0,121.0,,,,,,,,,,,,,,,,,,,,,,,,,,,,,,,,,,89.0,58.0,0.0,31.0,14.0,99.0,99.0,,,,,,
2020,Americas,Saint Kitts and Nevis Red Cross Society,Saint Kitts and Nevis,KNA,,47642.0,883933333.3333,,19180.0,71.627,15.0,,30.843,,,,13.0,2.0,,51.0,81.0,,,132.0,2.0,3.0,,,5.0,187697.0,550297.0,173255.0,507955.0,4605.0,13500.0,8527.0,25000.0,1194.0,3500.0,0.0,0.0,159017.0,466212.0,0.0,0.0,0.0,0.0,11498.0,33710.0,0.0,0.0,0.0,0.0,0.0,0.0,2857.0,8375.0,78.0,52.0,,26.0,215.0,215.0,215.0,65.0,,,,,
2021,Americas,Saint Kitts and Nevis Red Cross Society,Saint Kitts and Nevis,KNA,,47606.0,858592592.5926,,18430.0,71.682,14.6,,30.906,,1.0,1.0,13.0,2.0,,51.0,81.0,,,132.0,2.0,3.0,,,5.0,,,,,,,,,,,,,,,,,,,,,,,,,,,,,78.0,52.0,,26.0,15.0,15.0,15.0,65.0,,,,,
2022,Americas,Saint Kitts and Nevis Red Cross Society,Saint Kitts and Nevis,KNA,,47657.0,965638864.9219,,20020.0,,,,30.991,,1.0,1.0,13.0,2.0,,58.0,95.0,,,153.0,3.0,3.0,,,6.0,73121.0,214098.0,99602.0,291636.0,,,,,,,,,25345.0,74209.0,,,278.0,815.0,36515.0,106917.0,,,10983.0,32157.0,,,,,346.0,,,,3.0,25.0,25.0,,,,,,
2023,Americas,Saint Kitts and Nevis Red Cross Society,Saint Kitts and Nevis,KNA,,,,,,,,,,,0.0,1.0,13.0,2.0,2.0,58.0,95.0,,,153.0,,1.0,,,1.0,40468.0,129927.0,37906.0,121702.0,,,,,,,,,,,,,,,35260.0,113207.0,,,,,,,,,321.0,,321.0,,5.0,25.0,125.0,,,,,,
2024,Americas,Saint Kitts and Nevis Red Cross Society,Saint Kitts and Nevis,KNA,,,,,,,,,,,,,,,,,,,,,,,,,,,,,,,,,,,,,,,,,,,,,,,,,,,,,,,,,,,,,,,,,,
2012,Asia Pacific,Red Cross Society of the Democratic People's Republic of Korea,"Korea, Democratic People's Republic of",PRK,DKP001,24887770.0,,,,71.626,25.7,,60.738,108.0,,,,200.0,,,,,,102574.0,,,,,158.0,1815157.0,268135000.0,1789846.0,264396000.0,,,,,,,,,,,,,,,,,37318.0,5512583.0,,,,,,,,,,,57889.0,,,,,,,,
2013,Asia Pacific,Red Cross Society of the Democratic People's Republic of Korea,"Korea, Democratic People's Republic of",PRK,DKP001,25001819.0,,,,72.319,24.0,,60.918,96.0,,,,209.0,,,,,,103087.0,,,,,158.0,1887373.0,285635000.0,1739884.0,263314000.0,,,,,,,,,,,,,,,,,36425.0,5512583.0,,,,,,,,,,,57889.0,,,,,,,,
2014,Asia Pacific,Red Cross Society of the Democratic People's Republic of Korea,"Korea, Democratic People's Republic of",PRK,DKP001,25126131.0,,,,72.942,22.4,,61.098,85.0,,,,,,,,,,,,,,,,2142109.0,292867000.0,2105004.0,287794000.0,,,,,,,,,,,,,,,,,0.0,,,,,,,,,,,,,,,,,,,,
2015,Asia Pacific,Red Cross Society of the Democratic People's Republic of Korea,"Korea, Democratic People's Republic of",PRK,DKP001,25258015.0,,,,72.784,21.1,,61.277,108.0,,,,209.0,,45248.0,57588.0,,,102836.0,97.0,61.0,,,158.0,2166802.0,295632000.0,2095348.0,285883000.0,,,,,,,,,,,,,,,,,0.0,,,,,,,,,,,,14500.0,,,,,,,,
2016,Asia Pacific,Red Cross Society of the Democratic People's Republic of Korea,"Korea, Democratic People's Republic of",PRK,,25389611.0,,,,72.805,20.0,,61.471,109.0,,,,209.0,,50779.0,52852.0,,,103631.0,110.0,48.0,,,158.0,2042997.0,268957000.0,2005769.0,264056000.0,,,,,,,,,,,,,,,,,,,,,,,,,19595.0,,,,78784.0,,,,,,,,
2017,Asia Pacific,Red Cross Society of the Democratic People's Republic of Korea,"Korea, Democratic People's Republic of",PRK,,25516321.0,,,,72.978,19.0,,61.678,108.0,1.0,1.0,21.0,209.0,,,,,,105609.0,,,,,173.0,,,,,,,,,,,,,,,,,,,,,,,,,,,,,298651.0,,,,110000.0,102500.0,102500.0,133291.0,,,,,
2018,Asia Pacific,Red Cross Society of the Democratic People's Republic of Korea,"Korea, Democratic People's Republic of",PRK,,25638149.0,,,,73.031,18.2,100.0,61.899,107.0,1.0,1.0,21.0,209.0,,,,,,461980.0,125.0,63.0,,,188.0,,,,,,,,,,,,,,,,,,,,,,,,,,,,,296813.0,154343.0,,142470.0,80268.0,460000.0,460000.0,135385.0,,,,,
2019,Asia Pacific,Red Cross Society of the Democratic People's Republic of Korea,"Korea, Democratic People's Republic of",PRK,,25755441.0,,,,73.198,17.3,,62.134,106.0,,,21.0,209.0,,230489.0,231491.0,,,461980.0,137.0,57.0,,,194.0,,,,,,,,,,,,,,,,,,,,,,,,,,,,,299325.0,182589.0,,116736.0,31042.0,156375.0,156375.0,31939.0,,,,,
2020,Asia Pacific,Red Cross Society of the Democratic People's Republic of Korea,"Korea, Democratic People's Republic of",PRK,,25867467.0,,,,73.274,16.5,,62.381,107.0,,,21.0,209.0,,177306.0,177838.0,,,355144.0,150.0,44.0,,,194.0,2043291.0,299515000.0,1467303.0,215084000.0,975253.0,142957000.0,108763.0,15943000.0,,,,,,,,,,,,,,,,,,,732778.0,107414000.0,126000.0,66780.0,,59220.0,5516834.0,64018.0,64018.0,8812.0,,,,,
2021,Asia Pacific,Red Cross Society of the Democratic People's Republic of Korea,"Korea, Democratic People's Republic of",PRK,,25971909.0,,,,73.284,15.4,,62.642,,1.0,1.0,25.0,209.0,,177306.0,177838.0,,,355144.0,123.0,97.0,,,220.0,1270825.0,187658700.0,1261125.0,186226315.0,,,,,,,,,,,,,,,,,,,,,,,,,161729.0,83291.0,,78438.0,5179000.0,34378.0,34378.0,16306.0,,,,,
2022,Asia Pacific,Red Cross Society of the Democratic People's Republic of Korea,"Korea, Democratic People's Republic of",PRK,,26069416.0,,,,,,,62.916,,0.0,1.0,25.0,209.0,,179104.0,180503.0,,,359607.0,123.0,97.0,,,220.0,1221789.0,178859400.0,1214307.0,177764202.0,834650.0,122185600.0,,,,,,,,,,,,,,,,,,,,,,,18063.0,9392.0,,8671.0,3927012.0,28279.0,28279.0,70699.0,,,,,
2023,Asia Pacific,Red Cross Society of the Democratic People's Republic of Korea,"Korea, Democratic People's Republic of",PRK,,,,,,,,,,,0.0,1.0,24.0,209.0,209.0,179104.0,180503.0,,,359607.0,123.0,97.0,,,220.0,1114115.0,178859400.0,1107293.0,177764202.0,,,,,,,,,,,,,,,,,,,,,,,,,76975.0,40027.0,,36948.0,,25229.0,25229.0,63073.0,,,,,
2024,Asia Pacific,Red Cross Society of the Democratic People's Republic of Korea,"Korea, Democratic People's Republic of",PRK,,,,,,,,,,,0.0,1.0,23.0,209.0,209.0,144498.0,216744.0,,,361242.0,122.0,94.0,,,216.0,1230563.0,184125670.0,1226542.0,183524070.0,735779.0,110092600.0,,,,,,,,,,,,,,,,,,,,,,,61146.0,31666.0,,29480.0,,28896.0,28896.0,62957.0,,,,,
2009,Asia Pacific,The Republic of Korea National Red Cross,"Korea, Republic of",KOR,DKR001,49307835.0,943941876218.743,,22040.0,79.9683,4.3,,81.835,16.0,,,,117.0,,,,,,99183.0,,,,,3184.0,,,,,,,,,,,,,,,,,,,,,0.0,,,,,,,,,,,,351239.0,,,,,,,,
2010,Asia Pacific,The Republic of Korea National Red Cross,"Korea, Republic of",KOR,DKR001,49554112.0,1143672241149.72,,22280.0,80.1171,4.1,,81.936,8.0,,,,,,,,,,964338.0,,,,,,0.0,,0.0,,,,,,,,,,,,,,,,,,0.0,,,,,,,,,,,,,,,,,,,,
2012,Asia Pacific,The Republic of Korea National Red Cross,"Korea, Republic of",KOR,DKR001,50199853.0,1278046536287.01,,25650.0,80.8195,3.8,,81.851,9.0,,,,116.0,,32287.0,93843.0,,,126130.0,,,,,3226.0,,,,,,,,,,,,,,,,,,,,,0.0,,,,,,,,,,,,,,,,,,,,
2013,Asia Pacific,The Republic of Korea National Red Cross,"Korea, Republic of",KOR,DKR001,50428893.0,1370632955321.2,,26970.0,81.2707,3.7,,81.779,7.0,,,,117.0,,175780.0,245616.0,,,421396.0,1312.0,1988.0,,,3300.0,,,,,,,,,,,,,,,,,,,,,0.0,0.0,,,,,,,,,,,,,,,,,,,
2014,Asia Pacific,The Republic of Korea National Red Cross,"Korea, Republic of",KOR,DKR001,50746659.0,1484488526271.8,,28160.0,81.722,3.6,,81.707,6.0,,,,118.0,,,,,,421658.0,1308.0,2000.0,,,3308.0,,,,,,,,,,,,,,,,,,,,,0.0,0.0,,,,,,,,,,,,,,,,,,,
2015,Asia Pacific,The Republic of Korea National Red Cross,"Korea, Republic of",KOR,DKR001,51014947.0,1466038936206.43,,28720.0,82.0244,3.5,,81.634,6.0,,,,119.0,,,,,,417423.0,1339.0,2076.0,,,3415.0,,,,,,,,,,,,,,,,,,,,,0.0,,,,,,,,,,,,,,,,,,,,
2016,Asia Pacific,The Republic of Korea National Red Cross,"Korea, Republic of",KOR,,51217803.0,1499679823909.61,,29330.0,82.2756,3.4,,81.562,6.0,,,,120.0,,44267.0,89778.0,,,134045.0,1369.0,2131.0,,,3500.0,576276816.0,677972724214.0,576276816.0,677972724214.0,79069509.0,93022951409.0,9174620.0,10793670055.0,,,,,,,,,416520222.0,490023791150.0,14751709.0,17354951797.0,,,7796.0,9171225.0,,,39077417.0,45973431656.0,618140.0,,,,48700.0,1961.0,1961.0,,,,,,
2017,Asia Pacific,The Republic of Korea National Red Cross,"Korea, Republic of",KOR,,51361911.0,1623074183501.9,,30290.0,82.6268,3.3,,81.503,6.0,1.0,1.0,28.0,95.0,,43548.0,86901.0,,0.0,130449.0,1300.0,2228.0,,0.0,3528.0,582711450.0,636147871561.0,582711450.0,636147871561.0,89900114.0,98144228788.0,6510583.0,7107623547.0,,,,,,,,,448912130.0,490078744873.0,16750268.0,18286319251.0,,,,,,,8477426.0,9254832324.0,464336.0,59607.0,348767.0,55962.0,929115.0,124441.0,124441.0,45967.0,,,,,
2018,Asia Pacific,The Republic of Korea National Red Cross,"Korea, Republic of",KOR,,51585058.0,1725373496825.43,,32740.0,82.6268,3.2,98.8,81.459,6.0,1.0,1.0,28.0,93.0,,39483.0,80640.0,,,120123.0,1436.0,2300.0,,,3736.0,584968951.0,662478993467.0,584968951.0,662478993467.0,71761264.0,81269835171.0,15274245.0,17298125719.0,7657376.0,8672000000.0,,,,,,,455646732.0,516021214584.0,10995193.0,12452087049.0,,,,,,,7980544.0,9037989077.0,93353.0,50044.0,,43309.0,245175.0,133235.0,133235.0,138936.0,,,,,
2019,Asia Pacific,The Republic of Korea National Red Cross,"Korea, Republic of",KOR,,51764822.0,1651422932447.77,,33830.0,83.2268,3.1,,81.43,6.0,,,,93.0,,,,,128621.0,128621.0,,,,3977.0,3977.0,644863301.0,766781571000.0,629794487.0,748863837000.0,,,,,,,,,,,,,,,,,,,,,,,,,,,,,91183.0,,,,,,,,
2020,Asia Pacific,The Republic of Korea National Red Cross,"Korea, Republic of",KOR,,51836239.0,1644312831906.17,,33040.0,83.4268,3.0,,81.414,8.0,,,28.0,91.0,,19912.0,51904.0,,52660.0,124476.0,1584.0,2877.0,,0.0,4461.0,660517615.0,836098247234.0,582454099.0,737283669146.0,122879670.0,155543886663.0,40759866.0,51594767426.0,20064646.0,25398286000.0,,,,,,,375161114.0,474887486506.0,6203554.0,7852600129.0,,,,,,,68471521.0,86672811971.0,62139.0,31658.0,0.0,30481.0,24449784.0,59747.0,59747.0,1018214.0,,,,,
2021,Asia Pacific,The Republic of Korea National Red Cross,"Korea, Republic of",KOR,,51744876.0,1818432106880.04,,35200.0,83.5268,2.9,,81.414,,1.0,1.0,28.0,90.0,,23878.0,63311.0,,1371.0,88560.0,1359.0,2485.0,,,3844.0,567177930.0,722519655494.0,526431689.0,670613616400.0,56107199.0,71474138587.0,38926046.0,49587319925.0,6638699.0,8456941152.0,,,,,,,385314871.0,490846969819.0,6930741.0,8828970042.0,,,,,,,7643268.0,9736646827.0,111895.0,34270.0,53823.0,23802.0,7669658.0,187182.0,187182.0,600.0,,,,,
2022,Asia Pacific,The Republic of Korea National Red Cross,"Korea, Republic of",KOR,,51628117.0,1673916469026.56,,36190.0,,,,81.427,,1.0,1.0,28.0,91.0,,33339.0,91762.0,,1229.0,126330.0,1359.0,2485.0,,,3844.0,576961175.0,752230996838.0,548106034.0,714610213213.0,,,,,,,,,,,,,,,,,,,,,,,,,270232.0,78685.0,141881.0,46925.0,1432262.0,30987.0,30987.0,6000.0,,,,,
2023,Asia Pacific,The Republic of Korea National Red Cross,"Korea, Republic of",KOR,,,,,,,,,,,1.0,1.0,28.0,92.0,15.0,37240.0,84801.0,,,122041.0,1670.0,3183.0,,,4853.0,510412313.0,785249711937.0,488524720.0,751576492745.0,89345120.0,137454031213.0,32457967.0,49935333606.0,7792850.0,11989000000.0,,,,,,,340858904.0,524398313465.0,7962370.0,12249799297.0,,,,,,,14186547.0,21825457036.0,301354.0,93798.0,142944.0,64612.0,1502619.0,489330.0,489330.0,27580.0,,,,,
2024,Asia Pacific,The Republic of Korea National Red Cross,"Korea, Republic of",KOR,,,,,,,,,,,,,,,,,,,,,,,,,,,,,,,,,,,,,,,,,,,,,,,,,,,,,,,,,,,,,,,,,,
2012,Middle East and North Africa,Kuwait Red Crescent Society,Kuwait,KWT,DKW001,3394663.0,174047996684.957,,49020.0,78.812,10.0,95.51,100.0,7.0,,,,,,,,,,,,,,,106.0,0.0,,0.0,,,,,,,,,,,,,,,,,,0.0,,,,,,,,,,,,,,,,,,,,
2013,Middle East and North Africa,Kuwait Red Crescent Society,Kuwait,KWT,DKW001,3646518.0,174167897908.593,,51310.0,79.164,9.6,95.59,100.0,7.0,,,,1.0,,,,,,1800.0,,,,,92.0,0.0,,0.0,,,,,,,,,,,,,,,,,,0.0,,,,,,,,,,,,,,,,,,,,
2014,Middle East and North Africa,Kuwait Red Crescent Society,Kuwait,KWT,DKW001,3761584.0,162650272167.89,,50050.0,79.445,9.3,,100.0,7.0,,,,1.0,,900.0,800.0,,,1700.0,,,,,100.0,296229.0,300000.0,276480.0,280000.0,,,,,,,,,,,,,,,,,0.0,,,,,,,,,,,,,,,,,,,,
2015,Middle East and North Africa,Kuwait Red Crescent Society,Kuwait,KWT,DKW001,3908743.0,114585576961.43,,41040.0,79.562,9.1,95.69,100.0,7.0,,,,1.0,,900.0,800.0,,,1700.0,,,,,100.0,296842.0,300000.0,277052.0,280000.0,,,,,,,,,,,,,,,,,0.0,,,,,,,,,,,,,,,,,,,,
2016,Middle East and North Africa,Kuwait Red Crescent Society,Kuwait,KWT,,4048085.0,109406328917.014,,34540.0,79.701,9.0,,100.0,6.0,,,,1.0,,,,,,1700.0,,,,,100.0,,,,,,,,,,,,,,,,,,,,,,,,,,,,,,,,,,,,,,,,,
2017,Middle East and North Africa,Kuwait Red Crescent Society,Kuwait,KWT,,4124904.0,120687539805.505,,30870.0,79.781,8.9,96.04,100.0,6.0,1.0,1.0,9.0,1.0,,845.0,1180.0,,0.0,2025.0,65.0,42.0,,0.0,107.0,304032.0,311400.0,,,,,,,,,,,,,,,,,,,,,,,,,,,781.0,260.0,0.0,521.0,4541721.0,0.0,0.0,230850.0,,,,,
2018,Middle East and North Africa,Kuwait Red Crescent Society,Kuwait,KWT,,4317185.0,138202535799.918,,32300.0,79.722,8.8,96.06,100.0,7.0,1.0,1.0,9.0,1.0,,845.0,1180.0,,,2025.0,68.0,42.0,,,110.0,332571.0,337762.0,,,37182.0,37762.0,,,,,,,,,,,,,,,,,,,,,,,650.0,216.0,,434.0,176.0,244.0,244.0,0.0,,,,,
2019,Middle East and North Africa,Kuwait Red Crescent Society,Kuwait,KWT,,4441100.0,136191825724.364,,34660.0,79.685,8.8,,100.0,7.0,,,9.0,,,,,,,,,,,,,366906.0,376147.0,130220.0,133500.0,12521.0,12836.0,,,,,,,,,,,61756.0,63311.0,,,,,,,,,,,,,,,,,,,,,,,
2020,Middle East and North Africa,Kuwait Red Crescent Society,Kuwait,KWT,,4360444.0,105948807280.731,,31530.0,76.92,8.8,96.46,100.0,7.0,,,9.0,,,,,,1000.0,1000.0,,,,,,10113570.0,10113570.0,6867686.0,6867686.0,,,,,,,,,,,,,,,,,,,,,,,,,,,,,,,,,,,,,
2021,Middle East and North Africa,Kuwait Red Crescent Society,Kuwait,KWT,,4250114.0,137384258875.558,,34850.0,78.673,8.7,,100.0,,0.0,1.0,9.0,,,,,,,2025.0,,,,,110.0,1303606.0,428290.0,4540233.0,1491659.0,,,,,,,,,,,,,,,,,,,,,,,,,,,,,,,,,,,,,
2022,Middle East and North Africa,Kuwait Red Crescent Society,Kuwait,KWT,,4268873.0,175363265306.122,,40600.0,,,,100.0,,1.0,1.0,9.0,1.0,,,,,,,55.0,40.0,,,95.0,370558.0,401851.0,106444.0,115433.0,29491.0,31981.0,,,,,,,,,,,41676.0,45195.0,,,,,,,,,,,,,,,,,,,,,,,
2023,Middle East and North Africa,Kuwait Red Crescent Society,Kuwait,KWT,,,,,,,,,,,,,,,,,,,,,,,,,,,,,,,,,,,,,,,,,,,,,,,,,,,,,,,,,,,,,,,,,,
2024,Middle East and North Africa,Kuwait Red Crescent Society,Kuwait,KWT,,,,,,,,,,,,,,,,,,,,,,,,,,,,,,,,,,,,,,,,,,,,,,,,,,,,,,,,,,,,,,,,,,
2007,Europe and Central Asia,Red Crescent Society of the Republic of Kazakhstan,Kazakhstan,KAZ,DKZ001,15484192.0,104849886825.584,,4980.0,66.34,26.8,,56.609,36.0,,,,18.0,,,,,,,,,,,,408155000.0,408155000.0,405272000.0,405272000.0,,,,,,,,,,,,,,,,,0.0,,,,,,,,,,,,,,,,,,,,
2008,Europe and Central Asia,Red Crescent Society of the Republic of Kazakhstan,Kazakhstan,KAZ,DKZ001,15776938.0,133441612246.798,,6110.0,67.11,24.7,,56.682,30.0,,,,18.0,,,,,,,,,,,,5506916.0,620310000.0,5499201.0,619441000.0,,,,,,,,,,,,,,,,,0.0,,,,,,,,,,,,,,,,,,,,
2009,Europe and Central Asia,Red Crescent Society of the Republic of Kazakhstan,Kazakhstan,KAZ,DKZ001,16092822.0,115308661142.927,,6790.0,68.39,22.5,99.73,56.755,24.0,,,,18.0,,,,,,1340.0,,,,,212.0,3396.0,480450.0,3396.0,480440.0,,,,,,,,,,,,,,,,,1765643.0,249785600.0,,,,,,,,,,,1700.0,,,,,,,,
2010,Europe and Central Asia,Red Crescent Society of the Republic of Kazakhstan,Kazakhstan,KAZ,DKZ001,16321872.0,148047348240.643,,7440.0,68.45,20.4,99.78,56.827,20.0,,,,18.0,,,,,,64000.0,,,,,253.0,4916317.0,4916317.0,0.0,,,,,,,,,,,,,,,,,,0.0,,,,,,,,,,,,10740.0,,,,,,,,
2011,Europe and Central Asia,Red Crescent Society of the Republic of Kazakhstan,Kazakhstan,KAZ,DKZ001,16557202.0,192626464617.071,,8280.0,68.69,18.3,,56.9,17.0,,,,18.0,,,,,,1977.0,,,,,253.0,0.0,,0.0,,,,,,,,,,,,,,,,,,0.0,,,,,,,,,,,,,,,,,,,,
2012,Europe and Central Asia,Red Crescent Society of the Republic of Kazakhstan,Kazakhstan,KAZ,DKZ001,16792090.0,207998568865.789,,9940.0,69.52,16.3,,56.973,14.0,,,,19.0,,,,,,4750.0,63.0,126.0,,,189.0,4841139.0,782328000.0,4733020.0,764856000.0,,,,,,,,,,,,,,,,,2735631.0,442078000.0,,,,,,,,,,,3450.0,,,,,,,,
2013,Europe and Central Asia,Red Crescent Society of the Republic of Kazakhstan,Kazakhstan,KAZ,DKZ001,17035551.0,236634603409.089,,11840.0,70.62,14.6,,57.046,13.0,,,,19.0,,,,,,1900.0,,,,,115.0,4555613.0,782649740.0,4513996.0,775500000.0,,,,,,,,,,,,,,,,,963.0,165392.0,,,,,,,,,,,,,,,,,,,
2014,Europe and Central Asia,Red Crescent Society of the Republic of Kazakhstan,Kazakhstan,KAZ,DKZ001,17288285.0,221415613595.469,,12080.0,71.44,13.0,,57.118,13.0,,,,20.0,,700.0,1050.0,,,1750.0,55.0,128.0,,,183.0,5330476.0,973195600.0,5324294.0,972067000.0,,,,,,,,,,,,,,,,,2637636.0,481558539.0,,,,,,,,,,,2500.0,,,,,,,,
2015,Europe and Central Asia,Red Crescent Society of the Republic of Kazakhstan,Kazakhstan,KAZ,DKZ001,17542806.0,184388404706.042,,11380.0,71.97,11.9,,57.191,13.0,,,,20.0,,850.0,862.0,,,1712.0,,,,,183.0,3973660.0,1340462535.0,3450655.0,1164033319.0,,,,,,,,,,,,,,,,,2298418.0,775341287.0,,,,,,,,,,,6000.0,,,,,,,,
2016,Europe and Central Asia,Red Crescent Society of the Republic of Kazakhstan,Kazakhstan,KAZ,,17794055.0,137278320084.171,,8770.0,72.41,11.0,,57.264,13.0,,,,18.0,,,,,,1534.0,46.0,130.0,,,176.0,3793687.0,1224955330.0,3411625.0,1101590345.0,59157.0,19101531.0,,,,,196969.0,63600000.0,,,,,,,,,1347721.0,435169783.0,432483.0,139645875.0,1162706.0,375429691.0,299760.0,96790393.0,410.0,221.0,,189.0,15.0,2150.0,2150.0,,,,,,
2017,Europe and Central Asia,Red Crescent Society of the Republic of Kazakhstan,Kazakhstan,KAZ,,18037776.0,166805788827.233,,8040.0,72.95,10.5,,57.336,13.0,1.0,1.0,9.0,16.0,,,,,,1475.0,15.0,23.0,,0.0,38.0,3716324.0,1262338157.0,3710503.0,1260361099.0,74712.0,25377609.0,125953.0,42782867.0,0.0,0.0,222578.0,75604000.0,0.0,0.0,0.0,0.0,18122.0,6155500.0,65082.0,22106695.0,1945997.0,661004389.0,67427.0,22903035.0,297148.0,100933372.0,564776.0,191839752.0,1635.0,867.0,0.0,768.0,1200.0,45090.0,45090.0,0.0,,,,,
2018,Europe and Central Asia,Red Crescent Society of the Republic of Kazakhstan,Kazakhstan,KAZ,,18276452.0,179339977690.485,4.3,8070.0,73.15,10.3,,57.428,14.0,0.0,0.0,9.0,14.0,,,,,,1064.0,,,,,120.0,3193900.0,1219976932.0,2992489.0,1143043754.0,161884.0,61834975.0,87631.0,33472523.0,171741.0,65600000.0,211351.0,80730000.0,,,37812.0,14443269.0,292006.0,111537812.0,94027.0,35915441.0,1973303.0,753744552.0,,,164144.0,62698360.0,,,9401.0,,,,2873.0,18589.0,18589.0,0.0,,,,,
2019,Europe and Central Asia,Red Crescent Society of the Republic of Kazakhstan,Kazakhstan,KAZ,,18513673.0,181667184854.501,4.3,8820.0,73.18,10.2,,57.54,14.0,,,11.0,16.0,,,,,2295.0,2295.0,13.0,24.0,,30.0,67.0,2774406.0,1077439402.0,3325693.0,1291531106.0,208598.0,81008747.0,95215.0,36976816.0,313804.0,121865574.0,128029.0,49720000.0,,,,,,,76337.0,29645417.0,1603816.0,622841223.0,,,179739.0,69801575.0,127585.0,49547700.0,16276.0,,16276.0,,5979.0,22281.0,22281.0,2124.0,,,,,
2020,Europe and Central Asia,Red Crescent Society of the Republic of Kazakhstan,Kazakhstan,KAZ,,18755666.0,171082365861.423,5.3,8710.0,71.37,10.2,99.8,57.671,13.0,,,11.0,18.0,,,,,3845.0,3845.0,24.0,79.0,,,103.0,2899302.0,1359260324.0,2890642.0,1355200000.0,82765.0,38802076.0,475558.0,222952741.0,161895.0,75900000.0,180159.0,84462600.0,,,,,31418.0,14729537.0,45451.0,21308687.0,1084383.0,508384095.0,543303.0,254713081.0,136194.0,63850850.0,158176.0,74156657.0,5326.0,,5326.0,,7708230.0,17183.0,17183.0,,,,,,
2021,Europe and Central Asia,Red Crescent Society of the Republic of Kazakhstan,Kazakhstan,KAZ,,19000988.0,197112255360.612,5.2,8880.0,70.23,10.3,,57.821,,1.0,1.0,11.0,18.0,,,,,,3630.0,,,,,81.0,5048874.0,2341778102.0,5095312.0,2363317199.0,95000.0,44062960.0,142995.0,66324000.0,183540.0,85129842.0,179835.0,83411266.0,,,,,19858.0,9210447.0,49062.0,22755900.0,3094574.0,1435331390.0,986373.0,457501410.0,144160.0,66864654.0,153478.0,71186233.0,9727.0,,,,1902521.0,189524.0,189524.0,,,,,,
2022,Europe and Central Asia,Red Crescent Society of the Republic of Kazakhstan,Kazakhstan,KAZ,,19621972.0,225496328925.494,5.2,9620.0,,,,57.99,,1.0,1.0,11.0,18.0,,,,,,6071.0,,,,,86.0,5566251.0,2900599996.0,5506238.0,2869326848.0,93450.0,48697056.0,99757.0,51983860.0,974663.0,507901500.0,204182.0,106400270.0,,,,,,,80253.0,41820199.0,3119407.0,1625537614.0,424402.0,221157692.0,256091.0,133450242.0,314047.0,163651563.0,18421.0,,,,15783.0,129000.0,129000.0,,,,,,
2023,Europe and Central Asia,Red Crescent Society of the Republic of Kazakhstan,Kazakhstan,KAZ,,,,,,,,,,,1.0,1.0,11.0,19.0,18.0,,,,,7795.0,,,,,111.0,2009443.0,1085598345.0,1990756.0,1075502764.0,53929.0,29135298.0,673413.0,363810325.0,298492.0,161260000.0,170130.0,91912595.0,0.0,0.0,0.0,0.0,86795.0,46891133.0,112053.0,60536446.0,166871.0,90151795.0,276768.0,149523542.0,162968.0,88043379.0,8022.0,4333832.0,26398.0,,,,3146.0,13605.0,81705.0,,,,,,
2024,Europe and Central Asia,Red Crescent Society of the Republic of Kazakhstan,Kazakhstan,KAZ,,,,,,,,,,,0.0,0.0,11.0,17.0,16.0,,,,,6794.0,,,,,98.0,,,,,,,,,,,,,,,,,,,,,,,,,,,,,,,,,,,,,,,,,
2009,Asia Pacific,Lao Red Cross,Lao People's Democratic Republic,LAO,DLA001,6148621.0,5832915387.0891,,890.0,63.797,71.4,,29.475,314.0,,,,,,,,,,1558.0,,,,,289.0,0.0,,0.0,,,,,,,,,,,,,,,,,,0.0,,,,,,,,,,,,,,,,,,,,
2010,Asia Pacific,Lao Red Cross,Lao People's Democratic Republic,LAO,DLA001,6323418.0,7131773632.6895,,990.0,63.973,68.3,,30.064,284.0,,,,17.0,,,,,,16564.0,,,,,263.0,0.0,,0.0,,,,,,,,,,,,,,,,,,0.0,,,,,,,,,,,,,,,,,,,,
2011,Asia Pacific,Lao Red Cross,Lao People's Democratic Republic,LAO,DLA001,6416327.0,8750107401.5538,,1130.0,64.736,65.0,58.29,30.66,271.0,,,,120.0,,,,,,16564.0,,,,,263.0,2557397.0,2711097.0,2454258.0,2601759.0,,,,,,,,,,,,,,,,,0.0,,,,,,,,,,,,,,,,,,,,
2012,Asia Pacific,Lao Red Cross,Lao People's Democratic Republic,LAO,DLA001,6508803.0,10192848926.2582,,1360.0,65.355,62.0,,31.264,246.0,,,,17.0,,2030.0,1265.0,,,3295.0,,,,,300.0,3945271.0,4316916.0,3945271.0,4316916.0,,,,,,,,,,,,,,,,,0.0,,,,,,,,,,,,,,,,,,,,
2013,Asia Pacific,Lao Red Cross,Lao People's Democratic Republic,LAO,DLA001,6600742.0,11983252626.5452,,1600.0,65.718,59.0,,31.872,234.0,,,,17.0,,2030.0,1265.0,,,3295.0,,,,,350.0,4918700.0,5513863.0,4918700.0,5513863.0,,,,,,,,,,,,,,,,,0.0,,,,,,,,,,,,,,,,,,,,
2014,Asia Pacific,Lao Red Cross,Lao People's Democratic Republic,LAO,DLA001,6691454.0,13279248478.6917,,1810.0,66.361,56.2,,32.487,189.0,,,,18.0,,,,,,70.0,,,,,429.0,1638970.0,1659834.0,1556455.0,1576269.0,,,,,,,,,,,,,,,,,0.0,,,,,,,,,,,,,,,,,,,,
2015,Asia Pacific,Lao Red Cross,Lao People's Democratic Republic,LAO,DLA001,6787419.0,14426381187.0894,,1970.0,66.67,53.7,84.66,33.108,184.0,,,,18.0,,,,,,1601.0,,,,,500.0,1733547.0,1751992.0,1529148.0,1545418.0,,,,,,,,,,,,,,,,,0.0,,,,,,,,,,,,,,,,,,,,
2016,Asia Pacific,Lao Red Cross,Lao People's Democratic Republic,LAO,,6891363.0,15912495368.8717,,2110.0,67.167,51.5,,33.736,167.0,,,,,,,,,,,,,,,,1856238.0,1810152.0,1759414.0,1715731.0,,,,,,,,,,,,,,,,,,,,,,,,,,,,,,,,,,,,,
2017,Asia Pacific,Lao Red Cross,Lao People's Democratic Republic,LAO,,6997917.0,17071162084.4067,,2240.0,67.434,49.4,,34.368,166.0,1.0,1.0,8.0,18.0,,,,,,50000.0,,,,,419.0,,,,,,,,,,,,,,,,,,,,,,,,,,,,,,,,,,,,,,,,,
2018,Asia Pacific,Lao Red Cross,Lao People's Democratic Republic,LAO,,7105006.0,18141651381.3884,18.3,2470.0,67.634,47.5,,35.004,165.0,1.0,1.0,15.0,106.0,,63.0,79.0,,63098.0,63240.0,49.0,51.0,,492.0,592.0,,,,,,,,,,,,,,,,,,,,,,,,,,,,,,,,,,3107.0,3107.0,,,,,,
2019,Asia Pacific,Lao Red Cross,Lao People's Democratic Republic,LAO,,7212053.0,18740559554.1632,,2520.0,68.138,45.8,,35.645,153.0,,,15.0,83.0,,488.0,317.0,,,805.0,315.0,274.0,,,589.0,6277912.0,56557769449.0,5093812.0,45890196514.0,,,17399.0,156751488.0,,,,,,,,,297394.0,2679227934.0,578543.0,5212097073.0,1124470.0,10130363161.0,526729.0,4745310240.0,96019.0,865040000.0,,,159.0,49.0,,110.0,6140.0,1811.0,1811.0,10029.0,,,,,
2020,Asia Pacific,Lao Red Cross,Lao People's Democratic Republic,LAO,,7319399.0,18981800705.0794,,2470.0,68.497,44.1,,36.29,126.0,,,14.0,18.0,,152.0,147.0,,,299.0,304.0,259.0,,,563.0,5990354.0,59310437938.0,5479855.0,54255994713.0,,,4917.0,48684628.0,,,,,,,,,342082.0,3386946052.0,545382.0,5399821527.0,915960.0,9068906498.0,1126187.0,11150368801.0,46720.0,462570376.0,,,643.0,250.0,,393.0,91789.0,,,3340.0,,,,,
2021,Asia Pacific,Lao Red Cross,Lao People's Democratic Republic,LAO,,7425057.0,18827148528.9934,,2510.0,68.061,42.5,,36.939,,1.0,1.0,2.0,74.0,,653.0,232.0,,,885.0,272.0,274.0,,,546.0,7599900.0,78349487543.0,5199429.0,53602359344.0,0.0,0.0,53215.0,548610000.0,0.0,0.0,0.0,0.0,0.0,0.0,0.0,0.0,198185.0,2043141409.0,567293.0,5848383401.0,3388381.0,34931762199.0,586006.0,6041299406.0,68101.0,702074559.0,0.0,0.0,752.0,396.0,,356.0,188646.0,6750.0,6750.0,6291.0,,,,,
2022,Asia Pacific,Lao Red Cross,Lao People's Democratic Republic,LAO,,7529475.0,15468785203.7532,,2310.0,,,87.52,37.592,,0.0,1.0,2.0,74.0,,752.0,303.0,,,1055.0,235.0,253.0,,,488.0,6558730.0,79984507552.0,5693399.0,69431699167.0,16587.0,202286000.0,0.0,0.0,0.0,0.0,31631.0,385739440.0,151992.0,1853562742.0,174622.0,2129532849.0,631745.0,7704211533.0,180495.0,2201159917.0,763618.0,9312410712.0,916582.0,11177830773.0,88816.0,1083122796.0,0.0,0.0,1711.0,766.0,,945.0,65880.0,18113.0,18113.0,13326.0,,,,,
2023,Asia Pacific,Lao Red Cross,Lao People's Democratic Republic,LAO,,,,,,,,,,,1.0,1.0,2.0,52.0,18.0,201.0,245.0,,,446.0,246.0,262.0,,,508.0,3352381.0,3352381.0,1380228.0,1380228.0,0.0,0.0,19200.0,19200.0,0.0,0.0,23130.0,23130.0,0.0,0.0,130779.0,130779.0,83109.0,83109.0,60306.0,60306.0,505893.0,505893.0,503257.0,503257.0,10867.0,10867.0,240.0,240.0,3790.0,2083.0,,1707.0,20930.0,,,54617.0,,,,,
2024,Asia Pacific,Lao Red Cross,Lao People's Democratic Republic,LAO,,,,,,,,,,,,,,,,,,,,,,,,,,,,,,,,,,,,,,,,,,,,,,,,,,,,,,,,,,,,,,,,,,
2011,Middle East and North Africa,Lebanese Red Cross,Lebanon,LBN,DLB001,5045056.0,39927125961.5257,27.4,7800.0,78.404,10.8,,87.484,20.0,,,,32.0,,,,,,6000.0,,,,,150.0,3147.0,5000000.0,3147.0,5000000.0,,,,,,,,,,,,,,,,,0.0,,,,,,,,,,,,,,,,,,,,
2012,Middle East and North Africa,Lebanese Red Cross,Lebanon,LBN,DLB001,5178337.0,44016799515.7546,,8080.0,78.628,10.3,,87.636,20.0,,,,168.0,,,,,,7500.0,,,,,150.0,8653743.0,13938921954.0,7014052.0,11297808585.0,,,,,,,,,,,,,,,,,0.0,,,,,,,,,,,,,,,,,,,,
2013,Middle East and North Africa,Lebanese Red Cross,Lebanon,LBN,DLB001,5678851.0,46880103080.597,,7970.0,78.765,10.0,,87.79,20.0,,,,31.0,,,,,,8000.0,,,,,245.0,9711374.0,16214783000.0,8654266.0,14449762000.0,,,,,,,,,,,,,,,,,0.0,,,,,,,,,,,,,,,,,,,,
2014,Middle East and North Africa,Lebanese Red Cross,Lebanon,LBN,DLB001,6274342.0,48095213746.6003,,7520.0,78.973,9.7,,87.947,20.0,,,,94.0,,,,,,7400.0,,,,,252.0,21896206.0,33059110000.0,15821407.0,23887319000.0,,,,,,,,,,,,,,,,,0.0,,,,,,,,,,,,,,,,,,,,
2015,Middle East and North Africa,Lebanese Red Cross,Lebanon,LBN,DLB001,6398940.0,49929337836.8159,,7440.0,79.229,9.4,,88.106,19.0,,,,95.0,,2972.0,2420.0,,,5392.0,116.0,197.0,,,313.0,26893309.0,40316540000.0,23669048.0,35482956000.0,,,,,,,,,,,,,,,,,16943.0,25400403.0,,,,,,,,,,,,,,,,,,,
2016,Middle East and North Africa,Lebanese Red Cross,Lebanon,LBN,,6258619.0,51147308774.1294,,7750.0,79.505,9.2,,88.266,19.0,,,,94.0,,,,,,7500.0,,,,,273.0,30994261.0,44854213000.0,26658976.0,38580284000.0,0.0,0.0,0.0,0.0,0.0,0.0,0.0,0.0,0.0,0.0,0.0,0.0,0.0,0.0,0.0,0.0,19075597.0,27605784000.0,1793882.0,2596066000.0,3754979.0,5434123000.0,1647097.0,2383642000.0,17363.0,,,,138247.0,41842.0,41842.0,45141.0,,,,,
2017,Middle East and North Africa,Lebanese Red Cross,Lebanon,LBN,,6109252.0,53027680685.9038,,8330.0,79.654,9.0,,88.429,19.0,1.0,1.0,14.0,93.0,,,,,,8248.0,130.0,204.0,,0.0,334.0,40559532.0,62495427000.0,28149228.0,43373233000.0,0.0,0.0,504396.0,777190000.0,0.0,0.0,0.0,0.0,0.0,0.0,0.0,0.0,0.0,0.0,1959543.0,3019326000.0,20091843.0,30958155000.0,1692591.0,2607999000.0,2014252.0,3103624000.0,1244879.0,1918150000.0,16581.0,,,,4058.0,34619.0,34619.0,65127.0,,,,,
2018,Middle East and North Africa,Lebanese Red Cross,Lebanon,LBN,,5950839.0,54901519155.5556,,8750.0,79.729,8.8,,88.593,18.0,1.0,1.0,14.0,195.0,,,,,,12000.0,149.0,230.0,,,379.0,36596973.0,56044369000.0,31731556.0,48593500000.0,108440.0,166064000.0,270654.0,414478000.0,,,107804.0,165090000.0,,,3556.0,5446000.0,1769264.0,2709440000.0,1214479.0,1859845000.0,19926921.0,30515959000.0,154131.0,236035000.0,3349805.0,5129870000.0,553534.0,847678000.0,20739.0,10472.0,,10267.0,176672.0,70093.0,70093.0,108597.0,,,,,
2019,Middle East and North Africa,Lebanese Red Cross,Lebanon,LBN,,5781907.0,51605959131.2741,,8650.0,79.236,8.7,95.3,88.758,20.0,,,368.0,192.0,,,,,12000.0,12000.0,143.0,225.0,,,368.0,37882488.0,58550986000.0,31953435.0,49387071000.0,440951.0,681532000.0,328976.0,508464000.0,1165247.0,1801000000.0,,,,,,,1045456.0,1615851000.0,949910.0,1468176000.0,22149109.0,34233554000.0,802753.0,1240731000.0,3014331.0,4658935000.0,90082.0,139231000.0,,,,,,197567.0,197567.0,55437.0,,,,,
2020,Middle East and North Africa,Lebanese Red Cross,Lebanon,LBN,,5662923.0,31712128253.7961,,6400.0,77.804,8.5,,88.925,21.0,0.0,0.0,101.0,197.0,,6841.0,6809.0,,0.0,13650.0,157.0,242.0,,0.0,399.0,101981207.0,166908685000.0,52315413.0,85622608000.0,18602913.0,30446666000.0,17900655.0,29297308000.0,,,620667.0,1015821000.0,,,3739005.0,6119485000.0,,,1033933.0,1692198000.0,34840680.0,57022389000.0,4108129.0,6723615000.0,4528917.0,7412302000.0,2461454.0,4028567000.0,5641.0,3260.0,0.0,2381.0,182744.0,487030.0,487030.0,83804.0,,,,,
2021,Middle East and North Africa,Lebanese Red Cross,Lebanon,LBN,,5592631.0,23131941556.7843,,4970.0,75.047,8.2,,89.093,,1.0,1.0,98.0,204.0,,,,,,12000.0,183.0,273.0,,,456.0,6912983.0,92173107000.0,7922829.0,105637723000.0,306543.0,4087235000.0,343592.0,4581223000.0,91345.0,1217936000.0,72465.0,966197000.0,156954.0,2092724000.0,46333.0,617779000.0,,,237195.0,3162597000.0,3773335.0,50311133000.0,633283.0,8443775000.0,323405.0,4312061000.0,5918.0,78910000.0,12014.0,5779.0,,6235.0,27906.0,401385.0,401385.0,80291.0,,,,,
2022,Middle East and North Africa,Lebanese Red Cross,Lebanon,LBN,,5489739.0,,,,,,,89.262,,1.0,1.0,100.0,204.0,,7160.0,7403.0,0.0,0.0,14563.0,,,,,,4252852.0,81785609000.0,7212022.0,138692724000.0,127677.0,2455320000.0,0.0,0.0,87914.0,1690650000.0,265291.0,5101756000.0,44075.0,847590000.0,437633.0,8416010000.0,0.0,0.0,367508.0,7067468000.0,1908464.0,36701238000.0,312905.0,6017395000.0,265056.0,5097230000.0,11554.0,222200000.0,13473.0,6715.0,0.0,6758.0,141562.0,549234.0,549234.0,29401.0,,,,,
2023,Middle East and North Africa,Lebanese Red Cross,Lebanon,LBN,,,,,,,,,,,0.0,0.0,10.0,204.0,32.0,,,,,12902.0,,,,,406.0,306859161.0,514001944000.0,390652834.0,654359856000.0,5265471.0,8819885000.0,1696422.0,2841578000.0,1220138.0,2043783000.0,24774730.0,41498710000.0,2011497.0,3369341000.0,16421900.0,27507371000.0,0.0,0.0,15071698.0,25245726000.0,144190089.0,241524437000.0,29604823.0,49589319000.0,22416216.0,37548100000.0,32354019.0,54194337000.0,15652.0,,,,44255.0,222654.0,222654.0,231530.0,,,,,
2024,Middle East and North Africa,Lebanese Red Cross,Lebanon,LBN,,,,,,,,,,,1.0,1.0,10.0,203.0,32.0,,,,,12000.0,,,,,414.0,,,,,,,,,,,,,,,,,,,,,,,,,,,,,2842.0,,,,396790.0,129253.0,137800.0,32230.0,,,,,
2010,Americas,Saint Lucia Red Cross,Saint Lucia,LCA,DLC001,170935.0,1482385185.1852,,8240.0,72.72,19.7,,18.45,73.0,,,,,,,,,,,3.0,4.0,,,7.0,0.0,,0.0,,,,,,,,,,,,,,,,,,0.0,,,,,,,,,,,,,,,,,,,,
2012,Americas,Saint Lucia Red Cross,Saint Lucia,LCA,DLC001,173124.0,1598207407.4074,,8970.0,72.882,20.5,,18.45,75.0,,,,12.0,,750.0,1300.0,,,2050.0,1.0,2.0,,,3.0,79891.0,235000.0,102504.0,301515.0,,,,,,,,,,,,,,,,,0.0,,,,,,,,,,,,,,,,,,,,
2013,Americas,Saint Lucia Red Cross,Saint Lucia,LCA,DLC001,173978.0,1660222222.2222,,9000.0,72.735,21.0,,18.461,74.0,,,,21.0,,365.0,40.0,,,405.0,1.0,2.0,,,3.0,99549.0,300000.0,91253.0,275000.0,,,,,,,,,,,,,,,,,0.0,0.0,,,,,,,,,,,,,,,,,,,
2014,Americas,Saint Lucia Red Cross,Saint Lucia,LCA,DLC001,174804.0,1749288888.8889,,9000.0,72.864,21.4,,18.482,72.0,,,,13.0,,189.0,317.0,,,506.0,1.0,2.0,,,3.0,176133.0,479509.0,151599.0,412716.0,,,,,,,,,,,,,,,,,0.0,0.0,,,,,,,,,,,250.0,,,,,,,,
2015,Americas,Saint Lucia Red Cross,Saint Lucia,LCA,DLC001,175623.0,1807225925.9259,,8970.0,73.138,21.9,,18.515,80.0,,,,13.0,,140.0,200.0,,,340.0,0.0,2.0,,,2.0,0.0,,0.0,,,,,,,,,,,,,,,,,,0.0,,,,,,,,,,,,150.0,,,,,,,,
2016,Americas,Saint Lucia Red Cross,Saint Lucia,LCA,,176413.0,1865459259.2593,25.0,9640.0,73.112,22.5,,18.558,64.0,,,,13.0,,,,,,340.0,,,,,2.0,,,,,,,,,,,,,,,,,,,,,,,,,,,,,,,,,,,,,,,,,
2017,Americas,Saint Lucia Red Cross,Saint Lucia,LCA,,177163.0,1996711111.1111,,10200.0,73.127,23.0,,18.612,64.0,1.0,1.0,8.0,,,,,,,,0.0,2.0,,0.0,2.0,,,,,218.0,600.0,545.0,1500.0,0.0,0.0,0.0,0.0,0.0,0.0,0.0,0.0,0.0,0.0,0.0,0.0,0.0,0.0,24213.0,66666.0,0.0,0.0,0.0,0.0,321.0,178.0,,143.0,,,,,,,,,
2018,Americas,Saint Lucia Red Cross,Saint Lucia,LCA,,177888.0,2057066666.6667,,10980.0,73.357,23.6,,18.678,61.0,1.0,1.0,8.0,1.0,,250.0,348.0,,0.0,598.0,1.0,5.0,,0.0,6.0,169370.0,464438.0,123207.0,337852.0,0.0,0.0,0.0,0.0,0.0,0.0,0.0,0.0,0.0,0.0,0.0,0.0,14517.0,39808.0,15117.0,41452.0,9788.0,26841.0,58379.0,160083.0,0.0,0.0,66099.0,181254.0,512.0,253.0,0.0,259.0,135.0,0.0,0.0,0.0,,,,,
2019,Americas,Saint Lucia Red Cross,Saint Lucia,LCA,,178583.0,2102534000.0,,11040.0,73.445,24.1,,18.754,72.0,0.0,0.0,6.0,1.0,,106.0,195.0,,0.0,301.0,2.0,7.0,,0.0,9.0,,,,,,,,,,,,,,,,,,,,,,,,,,,,,670.0,352.0,0.0,318.0,,,,,,,,,
2020,Americas,Saint Lucia Red Cross,Saint Lucia,LCA,,179237.0,1604444444.4444,,8750.0,73.416,24.5,,18.841,73.0,0.0,0.0,6.0,1.0,,,,,,350.0,,,,,11.0,,,,,,,,,,,,,,,,,,,,,,,,,,,,,,,,,,,,,,,,,
2021,Americas,Saint Lucia Red Cross,Saint Lucia,LCA,,179651.0,1961111111.1111,,10280.0,71.111,24.8,,18.94,,0.0,0.0,7.0,1.0,1.0,,,,,250.0,,,,,11.0,,,,,,,,,,,,,,,,,,,,,,,,,,,,,,,,,,,,,,,,,
2022,Americas,Saint Lucia Red Cross,Saint Lucia,LCA,,179857.0,2343703703.7037,,12400.0,,,,19.05,,1.0,1.0,11.0,1.0,,100.0,180.0,,,280.0,3.0,,3.0,,6.0,,,,,,,,,,,,,,,,,,,,,,,,,,,,,564.0,332.0,,232.0,1200.0,1200.0,1200.0,,,,,,
2023,Americas,Saint Lucia Red Cross,Saint Lucia,LCA,,,,,,,,,,,0.0,0.0,11.0,1.0,1.0,,,,,280.0,,,,,,,,,,,,,,,,,,,,,,,,,,,,,,,,,,568.0,341.0,,227.0,,,,,,,,,
2024,Americas,Saint Lucia Red Cross,Saint Lucia,LCA,,,,,,,,,,,,,,,,,,,,,,,,,,,,,,,,,,,,,,,,,,,,,,,,,,,,,,,,,,,,,,,,,,
2012,Europe and Central Asia,Liechtenstein Red Cross,Liechtenstein,LIE,DLI001,36505.0,5456102482.2861,,,82.3829,,,14.367,,,,,4.0,,0.0,0.0,,,0.0,,,,,18.0,1413323.0,1413323.0,1862489.0,1862489.0,,,,,,,,,,,,,,,,,0.0,,,,,,,,,,,,,,,,,,,,
2013,Europe and Central Asia,Liechtenstein Red Cross,Liechtenstein,LIE,DLI001,36806.0,6391708310.6773,,,82.261,,,14.334,,,,,1.0,,0.0,0.0,,,0.0,,,,,18.0,1500225.0,1500225.0,1837428.0,1837428.0,,,,,,,,,,,,,,,,,0.0,,,,,,,,,,,,0.0,,,,,,,,
2014,Europe and Central Asia,Liechtenstein Red Cross,Liechtenstein,LIE,DLI001,37096.0,6657526979.7228,,,82.0732,,,14.313,,,,,1.0,,4.0,3.0,,,7.0,10.0,8.0,,,18.0,1492476.0,1492476.0,2022169.0,2022169.0,,,,,,,,,,,,,,,,,0.0,,,,,,,,,,,,,,,,,,,,
2015,Europe and Central Asia,Liechtenstein Red Cross,Liechtenstein,LIE,DLI001,37355.0,6268515276.1744,,,82.6561,,,14.303,,,,,1.0,,4.0,3.0,,,7.0,11.0,8.0,,,19.0,1554872.0,1554872.0,2203391.0,2203391.0,,,,,,,,,,,,,,,,,0.0,,,,,,,,,,,,,,,,,,,,
2016,Europe and Central Asia,Liechtenstein Red Cross,Liechtenstein,LIE,,37609.0,6237302033.5013,,,82.2585,,,14.303,,,,,1.0,,6.0,3.0,,,9.0,11.0,8.0,,,19.0,,,,,,,,,,,,,,,,,,,,,,,,,,,,,11.0,1.0,,10.0,,,,,,,,,
2017,Europe and Central Asia,Liechtenstein Red Cross,Liechtenstein,LIE,,37889.0,6474308717.8529,,,83.7463,,,14.315,,0.0,0.0,,1.0,,,,,,3.0,10.0,9.0,,,19.0,1774617.0,1774617.0,2484416.0,2484416.0,,,,,,,,,,,,,,,,,,,,,,,,,19.0,,,,0.0,0.0,0.0,0.0,,,,,
2018,Europe and Central Asia,Liechtenstein Red Cross,Liechtenstein,LIE,,38181.0,6692620691.8415,,,83.0415,,,14.338,,0.0,0.0,0.0,1.0,,,,,,,21.0,10.0,,,31.0,,,,,,,,,,,,,,,,,,,,,,,,,,,,,0.0,,,,0.0,0.0,0.0,0.0,,,,,
2019,Europe and Central Asia,Liechtenstein Red Cross,Liechtenstein,LIE,,38482.0,6436467007.1193,,,84.161,,,14.371,,,,9.0,1.0,,,,,,,19.0,4.0,,23.0,46.0,,,,,,,,,,,,,,,,,,,,,,,,,,,,,188.0,,188.0,,,,,,,,,,
2020,Europe and Central Asia,Liechtenstein Red Cross,Liechtenstein,LIE,,38756.0,6405870210.3229,,,81.6585,,,14.416,,,,9.0,1.0,,,,,,,19.0,4.0,,23.0,46.0,,,,,,,,,,,,,,,,,,,,,,,,,,,,,188.0,,188.0,,,,,,,,,,
2021,Europe and Central Asia,Liechtenstein Red Cross,Liechtenstein,LIE,,39039.0,7710380085.9226,,,84.4024,,,14.471,,0.0,0.0,6.0,4.0,,,,,,1252.0,,,,,25.0,2123966.0,2123966.0,2603070.0,2603070.0,,,,,,,,,,,,,,,,,,,,,,,1550247.0,1550247.0,300.0,,,,,,,,,,,,
2022,Europe and Central Asia,Liechtenstein Red Cross,Liechtenstein,LIE,,39327.0,,,,,,,14.538,,0.0,0.0,6.0,1.0,,,,,,0.0,,,,,26.0,2993168.0,2993168.0,3381172.0,3381172.0,69823.0,69823.0,,,,,,,,,,,68000.0,68000.0,1611161.0,1611161.0,,,,,,,270000.0,270000.0,800.0,,,,,,,,,,,,
2023,Europe and Central Asia,Liechtenstein Red Cross,Liechtenstein,LIE,,,,,,,,,,,1.0,1.0,6.0,1.0,1.0,7.0,10.0,,,17.0,11.0,15.0,,,26.0,3087120.0,3087120.0,3279712.0,3279712.0,150000.0,150000.0,94000.0,94000.0,310000.0,310000.0,,,,,,,1667024.0,1667024.0,106000.0,106000.0,,,,,,,,,1036.0,,,,,,,,,,,,
2024,Europe and Central Asia,Liechtenstein Red Cross,Liechtenstein,LIE,,,,,,,,,,,1.0,1.0,6.0,1.0,1.0,8.0,23.0,,,31.0,9.0,17.0,,,26.0,5742244.0,5742244.0,3708712.0,3708712.0,2725042.0,2725042.0,,,,,,,,,,,1898708.0,1898708.0,189328.0,189328.0,,,,,,,,,1391.0,,,,,,,,,,,,
2009,Asia Pacific,Sri Lanka Red Cross Society,Sri Lanka,LKA,DLK001,20123508.0,42066217871.5349,8.9,2010.0,75.286,12.0,,18.242,41.0,,,,530.0,,,,,,10847.0,,,,,650.0,55819098.0,6165219034.0,52389791.0,5786452090.0,,,,,,,,,,,,,,,,,35312992.0,3900319720.0,,,,,,,,,,,76307.0,,,,,,,,
2010,Asia Pacific,Sri Lanka Red Cross Society,Sri Lanka,LKA,DLK001,20668557.0,58636161081.712,,2380.0,73.215,11.2,91.18,18.226,37.0,,,,,,,,,,2408.0,,,,,,0.0,,0.0,,,,,,,,,,,,,,,,,,0.0,,,,,,,,,,,,,,,,,,,,
2012,Asia Pacific,Sri Lanka Red Cross Society,Sri Lanka,LKA,DLK001,21017147.0,70447216891.3366,22.5,3370.0,73.906,10.4,,18.196,35.0,,,,675.0,,,,,,3000.0,,,,,355.0,1058445.0,147000000.0,964841.0,134000000.0,,,,,,,,,,,,,,,,,0.0,,,,,,,,,,,,31400.0,,,,,,,,
2013,Asia Pacific,Sri Lanka Red Cross Society,Sri Lanka,LKA,DLK001,21131756.0,77000578167.353,,3530.0,74.239,9.9,,18.198,33.0,,,,467.0,,,,,,4000.0,,,,,219.0,1094038.0,160150750.0,1087277.0,159161000.0,,,,,,,,,,,,,,,,,0.0,,,,,,,,,,,,,,,,,,,,
2014,Asia Pacific,Sri Lanka Red Cross Society,Sri Lanka,LKA,DLK001,21239457.0,82528535713.926,,3730.0,74.651,9.3,,18.218,30.0,,,,467.0,,,,,,5600.0,,,,,219.0,1286727.0,170872270.0,1217173.0,161635691.0,,,,,,,,,,,,,,,,,0.0,,,,,,,,,,,,,,,,,,,,
2015,Asia Pacific,Sri Lanka Red Cross Society,Sri Lanka,LKA,DLK001,21336697.0,85140955388.8509,,3860.0,74.927,8.8,,18.256,30.0,,,,467.0,,,,,,6800.0,,,,,80.0,0.0,,0.0,,,,,,,,,,,,,,,,,,0.0,,,,,,,,,,,,,,,,,,,,
2016,Asia Pacific,Sri Lanka Red Cross Society,Sri Lanka,LKA,,21425494.0,88012282205.8357,16.0,3980.0,75.331,8.3,92.39,18.311,30.0,,,,738.0,,2361.0,2862.0,,,5223.0,102.0,58.0,,,160.0,2673057.0,384391276.0,2577558.0,370658269.0,49663.0,7141692.0,,,7973.0,1146600.0,173013.0,24879577.0,,,432463.0,62189113.0,,,142416.0,20479761.0,151313.0,21759193.0,1073223.0,154331736.0,171461.0,24656500.0,423068.0,60838100.0,3655.0,2050.0,,1605.0,2045387.0,4200.0,4200.0,8160.0,,,,,
2017,Asia Pacific,Sri Lanka Red Cross Society,Sri Lanka,LKA,,21506813.0,94376237797.2367,,4210.0,75.403,7.9,91.9,18.384,31.0,1.0,1.0,14.0,735.0,,5612.0,5690.0,,0.0,11302.0,86.0,52.0,,,138.0,4597382.0,720028558.0,3768140.0,590155117.0,343705.0,53829993.0,,,39900.0,6248992.0,249306.0,39045567.0,,,339563.0,53181357.0,406496.0,63664270.0,107268.0,16800000.0,321040.0,50280315.0,2442472.0,382532796.0,166294.0,26044532.0,181339.0,28400736.0,21860.0,4650.0,0.0,17210.0,85852.0,5000.0,5000.0,10295.0,,,,,
2018,Asia Pacific,Sri Lanka Red Cross Society,Sri Lanka,LKA,,21670000.0,94493871200.7869,,4360.0,75.748,7.6,91.71,18.476,30.0,1.0,1.0,14.0,735.0,,5690.0,5575.0,,,11265.0,88.0,30.0,,,118.0,2845467.0,528307960.0,3483434.0,646757234.0,3791.0,703883.0,5246.0,974000.0,7725.0,1434229.0,113650.0,21100914.0,144864.0,26896441.0,221654.0,41153753.0,,,191065.0,35474446.0,8919.0,1655919.0,1962957.0,364455441.0,133952.0,24870484.0,808.0,150000.0,15573.0,7766.0,,7807.0,53468.0,74999.0,74999.0,6880.0,,,,,
2019,Asia Pacific,Sri Lanka Red Cross Society,Sri Lanka,LKA,,21803000.0,89014978344.1404,14.3,4220.0,76.008,7.3,92.25,18.585,30.0,,,14.0,286.0,,3392.0,2752.0,,,6144.0,71.0,29.0,,,100.0,1949642.0,359314787.0,1839605.0,339035120.0,365254.0,67315491.0,,,,,94171.0,17355593.0,557761.0,102794074.0,76673.0,14130737.0,,,,,,,574706.0,105917029.0,124028.0,22858010.0,,,40026.0,22969.0,,17057.0,5177.0,1236.0,1236.0,0.0,,,,,
2020,Asia Pacific,Sri Lanka Red Cross Society,Sri Lanka,LKA,,21919000.0,84440516486.1099,,3880.0,76.393,7.0,92.38,18.713,29.0,,,14.0,261.0,,3394.0,2768.0,,0.0,6162.0,50.0,30.0,,0.0,80.0,2975162.0,591365978.0,2994493.0,595208213.0,66746.0,13266857.0,589163.0,117106629.0,,,128445.0,25530727.0,234693.0,46649418.0,15037.0,2988941.0,286891.0,57024698.0,11783.0,2342150.0,40975.0,8144603.0,1140666.0,226727436.0,460762.0,91584519.0,,,8740.0,4280.0,0.0,4460.0,4323500.0,94552.0,94552.0,577561.0,,,,,
2021,Asia Pacific,Sri Lanka Red Cross Society,Sri Lanka,LKA,,22156000.0,88548049121.4972,,4000.0,76.399,6.7,92.43,18.86,,0.0,1.0,15.0,327.0,,579.0,635.0,,,1214.0,48.0,28.0,,,76.0,2461885.0,533106242.0,2241472.0,485377238.0,38262.0,8285364.0,447713.0,96949644.0,22657.0,4906250.0,105185.0,22777245.0,,,12975.0,2809673.0,746.0,161500.0,689212.0,149244797.0,,,933329.0,202106768.0,211805.0,45865000.0,,,12176.0,,,,1549875.0,122996.0,122996.0,0.0,,,,,
2022,Asia Pacific,Sri Lanka Red Cross Society,Sri Lanka,LKA,,22181000.0,74403578363.4355,,3610.0,,,,19.026,,1.0,1.0,15.0,348.0,,418.0,413.0,,,831.0,122.0,75.0,,,197.0,3385002.0,3670863.0,2346769.0,2544952.0,101341.0,109899.0,336136.0,364522.0,,,73102.0,79275.0,,,5679.0,6159.0,154055.0,167065.0,,,110180.0,119485.0,1731898.0,1878156.0,531672.0,576571.0,3178.0,3446.0,,,,,,,,,,,,,
2023,Asia Pacific,Sri Lanka Red Cross Society,Sri Lanka,LKA,,,,,,,,,,,0.0,0.0,16.0,307.0,25.0,,,,,1800.0,,,,,249.0,7013364.0,7013364.0,6513691.0,6513691.0,7807811.0,7807811.0,0.0,0.0,0.0,0.0,317814923.0,317814923.0,65454264.0,65454264.0,8191691.0,8191691.0,64050.0,64050.0,117265980.0,117265980.0,19383266.0,19383266.0,1270820858.0,1270820858.0,20693689.0,20693689.0,20812086.0,20812086.0,1138.0,708.0,,430.0,161275.0,231000.0,1386000.0,44700.0,,,,,
2024,Asia Pacific,Sri Lanka Red Cross Society,Sri Lanka,LKA,,,,,,,,,,,1.0,1.0,15.0,302.0,25.0,1803.0,2092.0,,,3895.0,58.0,32.0,,,90.0,2730118.0,880023508.0,3109023.0,1002159387.0,6142.0,1979869.0,31335.0,10100535.0,,,348961.0,112483853.0,970.0,312734.0,2804.0,903870.0,,,703586.0,226793221.0,65289.0,21045136.0,1443180.0,465193124.0,84743.0,27316046.0,8705.0,2805943.0,55225.0,27575.0,,27650.0,37349.0,3042.0,3042.0,114925.0,,,,,
2012,Africa,Liberian Red Cross Society,Liberia,LBR,DLR001,4331740.0,2791614000.0,,540.0,59.913,94.2,,48.583,644.0,,,,92.0,,1900.0,1600.0,,,3500.0,78.0,67.0,,,145.0,69421.0,5412269.0,66689.0,5199269.0,,,,,,,,,,,,,,,,,64717.0,5045574.0,,,,,,,,,,,15824.0,,,,,,,,
2013,Africa,Liberian Red Cross Society,Liberia,LBR,DLR001,4427313.0,3177198100.0,,620.0,59.943,92.0,,48.985,632.0,,,,92.0,,4355.0,2345.0,,,6700.0,91.0,44.0,,,135.0,2680587.0,3004938.0,2221084.0,2489835.0,,,,,,,,,,,,,,,,,2654982.0,2976235.0,,,,,,,,,,,16045.0,,,,,,,,
2014,Africa,Liberian Red Cross Society,Liberia,LBR,DLR001,4519398.0,3225652000.0,54.1,630.0,59.121,92.2,,49.397,776.0,,,,92.0,,7927.0,5306.0,,,13233.0,164.0,97.0,,,261.0,5733472.0,5806459.0,5213333.0,5279699.0,,,,,,,,,,,,,,,,,0.0,,,,,,,,,,,,1578609.0,,,,,,,,
2015,Africa,Liberian Red Cross Society,Liberia,LBR,DLR001,4612329.0,3227075700.0,,630.0,59.148,88.3,,49.82,686.0,,,,92.0,,2677.0,2155.0,,,4832.0,151.0,47.0,,,198.0,8016375.0,8101669.0,7907479.0,7991615.0,,,,,,,,,,,,,,,,,1134565.0,1146637.0,,,,,,,,,,,3511.0,,,,,,,,
2016,Africa,Liberian Red Cross Society,Liberia,LBR,,4706097.0,3398419600.0,50.9,620.0,60.416,86.3,,50.254,628.0,,,,15.0,,50.0,20.0,,,70.0,111.0,33.0,,,144.0,2385702.0,2326470.0,2196428.0,2141895.0,,,,,,,,,,,195305.0,190456.0,,,138249.0,134817.0,1020646.0,995306.0,274909.0,268084.0,628409.0,612807.0,,,2064.0,695.0,,1369.0,593.0,1066.0,1066.0,69233.0,,,,,
2017,Africa,Liberian Red Cross Society,Liberia,LBR,,4796631.0,3390703400.0,,630.0,60.553,84.5,48.3,50.697,661.0,1.0,1.0,21.0,15.0,,2688.0,1057.0,,0.0,3745.0,51.0,17.0,,0.0,68.0,2163353.0,2215781.0,2019065.0,2067996.0,0.0,0.0,0.0,0.0,0.0,0.0,33118.0,33921.0,0.0,0.0,0.0,0.0,7770.0,7958.0,161020.0,164922.0,870980.0,892088.0,106409.0,108988.0,352258.0,360795.0,538215.0,551258.0,6934.0,1710.0,0.0,5224.0,2542.0,163.0,163.0,19142.0,,,,,
2018,Africa,Liberian Red Cross Society,Liberia,LBR,,4889391.0,3422754800.0,,620.0,60.853,82.6,,51.151,684.0,1.0,1.0,21.0,15.0,,2663.0,980.0,,,3643.0,45.0,12.0,,,57.0,686191.0,696902.0,669691.0,680145.0,6291.0,6389.0,,,,,,,,,29283.0,29740.0,12403.0,12597.0,72020.0,73144.0,,,76203.0,77393.0,427921.0,434601.0,,,355.0,68.0,,287.0,17128.0,10003.0,10003.0,1500.0,,,,,
2019,Africa,Liberian Red Cross Society,Liberia,LBR,,4985289.0,3319596500.0,,610.0,61.104,80.6,,51.615,668.0,,,21.0,15.0,,74.0,50.0,,,124.0,32.0,8.0,,,40.0,1215243.0,1245850.0,1165361.0,1194711.0,,,,,,,,,,,,,,,126398.0,129581.0,169667.0,173940.0,293338.0,300726.0,282023.0,289126.0,343818.0,352477.0,529.0,236.0,9.0,284.0,257.0,3370.0,3370.0,35278.0,,,,,
2020,Africa,Liberian Red Cross Society,Liberia,LBR,,5087584.0,3039982500.0,,600.0,60.948,78.3,,52.089,652.0,,,,,,,,,,,,,,,,,,,,,,,,,,,,,,,,,,,,,,,,,,,,,,,,,,,,,,,,
2021,Africa,Liberian Red Cross Society,Liberia,LBR,,5193416.0,3509000000.0,,630.0,60.747,76.0,,52.573,,,,,,,,,,,,,,,,,,,,,,,,,,,,,,,,,,,,,,,,,,,,,,,,,,,,,,,,,
2022,Africa,Liberian Red Cross Society,Liberia,LBR,,5302681.0,4001046970.0,,680.0,,,,53.065,,0.0,1.0,25.0,15.0,,2155.0,1552.0,,,3707.0,32.0,9.0,,,41.0,1529326.0,1658477.0,1489311.0,1615082.0,,,,,,,274397.0,297570.0,,,,,,,178311.0,193369.0,887103.0,962018.0,,,189516.0,205520.0,,,558.0,221.0,,337.0,3217.0,353.0,353.0,23837.0,,,,,
2023,Africa,Liberian Red Cross Society,Liberia,LBR,,,,,,,,,,,0.0,1.0,25.0,91.0,15.0,2151.0,1542.0,,,3693.0,30.0,12.0,,,42.0,1538748.0,1829750.0,1394315.0,1658002.0,,,,,,,,,,,,,,,154836.0,184118.0,569517.0,677222.0,516808.0,614544.0,112378.0,133630.0,185210.0,220236.0,630.0,276.0,,354.0,43062.0,12956.0,12956.0,47171.0,,,,,
2024,Africa,Liberian Red Cross Society,Liberia,LBR,,,,,,,,,,,0.0,1.0,25.0,91.0,15.0,2947.0,1944.0,,,4891.0,27.0,9.0,,,36.0,2183902.0,2183902.0,1718533.0,1718533.0,,,,,,,,,,,206246.0,206246.0,,,141208.0,141208.0,1161609.0,1161609.0,598757.0,598757.0,76082.0,76082.0,,,527.0,193.0,,334.0,31798.0,49025.0,49025.0,28455.0,,,,,
2012,Africa,Lesotho Red Cross Society,Lesotho,LSO,DLS001,2054718.0,2477702216.2689,,1480.0,47.835,86.9,,25.704,963.0,,,,10.0,,,,,,857.0,43.0,40.0,,,83.0,2440672.0,22225492.0,1714380.0,15611660.0,,,,,,,,,,,,,,,,,373368.0,3400000.0,,,,,,,,,,,1600.0,,,,,,,,
2013,Africa,Lesotho Red Cross Society,Lesotho,LSO,DLS001,2073939.0,2367112931.642,,1430.0,49.002,85.1,,26.101,834.0,,,,10.0,,457.0,543.0,,,1000.0,43.0,44.0,,,87.0,2431455.0,28654937.0,2360984.0,27824429.0,,,,,,,,,,,,,,,,,1893469.0,22314727.0,,,,,,,,,,,1375.0,,,,,,,,
2014,Africa,Lesotho Red Cross Society,Lesotho,LSO,DLS001,2095242.0,2441063054.0579,,1320.0,50.033,84.0,76.64,26.502,784.0,,,,10.0,,457.0,543.0,,,1000.0,49.0,48.0,,,97.0,2623839.0,30825914.0,2563782.0,30120339.0,,,,,,,,,,,,,,,,,0.0,,,,,,,,,,,,3052.0,,,,,,,,
2015,Africa,Lesotho Red Cross Society,Lesotho,LSO,DLS001,2118521.0,2359686724.5383,,1280.0,51.101,82.5,,26.908,728.0,,,,11.0,,243.0,513.0,,,756.0,49.0,42.0,,,91.0,2330641.0,36002108.0,2459826.0,37997664.0,,,,,,,,,,,,,,,,,1201317.0,18557105.0,,,,,,,,,,,1800.0,,,,,,,,
2016,Africa,Lesotho Red Cross Society,Lesotho,LSO,,2143872.0,2131522791.4593,,1230.0,52.264,77.8,,27.317,668.0,,,,10.0,,1681.0,2723.0,,,4404.0,37.0,42.0,,,79.0,2458688.0,32894792.0,2532546.0,33882934.0,0.0,0.0,0.0,0.0,0.0,0.0,1397280.0,18694207.0,0.0,0.0,0.0,0.0,395148.0,5286679.0,59197.0,791999.0,0.0,0.0,155050.0,2074418.0,8718.0,116635.0,28467.0,380854.0,1512.0,989.0,,523.0,1763.0,204.0,1224.0,68880.0,,,,,
2017,Africa,Lesotho Red Cross Society,Lesotho,LSO,,2170617.0,2306185472.1487,49.7,1150.0,53.064,75.5,,27.73,640.0,1.0,1.0,11.0,10.0,,243.0,315.0,,0.0,558.0,31.0,39.0,,0.0,70.0,2033061.0,30504459.0,2173683.0,32614376.0,0.0,0.0,12196.0,182998.0,0.0,0.0,0.0,0.0,0.0,0.0,0.0,0.0,26943.0,404265.0,16802.0,252106.0,36707.0,550765.0,97302.0,1459934.0,13851.0,207825.0,437298.0,6561309.0,1235.0,727.0,0.0,508.0,60592.0,586.0,3516.0,24811.0,,,,,
2018,Africa,Lesotho Red Cross Society,Lesotho,LSO,,2198017.0,2556247291.9979,,1240.0,53.733,76.4,,28.153,599.0,1.0,1.0,10.0,10.0,,4.0,42.0,,,46.0,33.0,30.0,,,63.0,1862189.0,27940654.0,1913143.0,28705183.0,,,8729.0,130970.0,,,,,,,,,430321.0,6456616.0,239.0,3580.0,,,104961.0,1574859.0,19100.0,286578.0,832304.0,12488051.0,928.0,426.0,,502.0,12118.0,2556.0,15336.0,89291.0,,,,,
2019,Africa,Lesotho Red Cross Society,Lesotho,LSO,,2225702.0,2361966946.298,,1300.0,54.173,77.2,,28.585,629.0,,,,,,,,,,,,,,,,,,,,,,,,,,,,,,,,,,,,,,,,,,,,,,,,,,,,,,,,
2020,Africa,Lesotho Red Cross Society,Lesotho,LSO,,2254100.0,2067813018.9947,,1160.0,54.693,75.5,,29.028,566.0,,,10.0,10.0,,155.0,208.0,,,363.0,32.0,47.0,,,79.0,2503616.0,44862845.0,2444282.0,43799628.0,,,96991.0,1738003.0,,,422537.0,7571539.0,,,,,14934.0,267612.0,33074.0,592663.0,42690.0,764978.0,973719.0,17448284.0,15061.0,269886.0,486064.0,8709880.0,1504.0,912.0,,592.0,2005.0,11878.0,11878.0,225706.0,,,,,
2021,Africa,Lesotho Red Cross Society,Lesotho,LSO,,2281454.0,2348771013.2124,,1170.0,53.062,72.9,,29.48,,1.0,1.0,9.0,10.0,,155.0,208.0,,,363.0,31.0,41.0,,,72.0,2739550.0,44862845.0,2674624.0,43799628.0,,,,,,,,,,,,,,,,,,,,,,,,,1504.0,,,,2005.0,11878.0,11878.0,225706.0,,,,,
2022,Africa,Lesotho Red Cross Society,Lesotho,LSO,,2305825.0,2236502124.1696,,1230.0,,,82.01,29.943,,0.0,1.0,10.0,10.0,,210.0,324.0,,,534.0,30.0,43.0,,,73.0,1528209.0,25509683.0,1794747.0,29958884.0,,,,,102528.0,1711445.0,100723.0,1681324.0,,,,,,,408881.0,6825255.0,129029.0,2153814.0,337746.0,5637845.0,0.0,0.0,,,350.0,228.0,,122.0,3592.0,11668.0,11668.0,4738.0,,,,,
2023,Africa,Lesotho Red Cross Society,Lesotho,LSO,,,,,,,,,,,0.0,1.0,10.0,96.0,10.0,318.0,402.0,0.0,0.0,720.0,27.0,39.0,0.0,0.0,66.0,1020553.0,22355052.0,1837194.0,40243457.0,1650.0,36151.0,,,71458.0,1565283.0,94942.0,2079687.0,,,,,,,12380.0,271187.0,85847.0,1880458.0,61964.0,1357305.0,,,349922.0,7664981.0,490.0,296.0,,194.0,225.0,9594.0,9594.0,2706.0,,,,,
2024,Africa,Lesotho Red Cross Society,Lesotho,LSO,,,,,,,,,,,0.0,1.0,10.0,105.0,10.0,542.0,358.0,0.0,0.0,900.0,29.0,33.0,0.0,0.0,62.0,,,,,,,,,,,,,,,,,,,,,,,,,,,,,2402.0,1441.0,0.0,961.0,1061.0,27375.0,27375.0,4804.0,,,,,
2012,Europe and Central Asia,Lithuanian Red Cross Society,Lithuania,LTU,DLT001,2987773.0,42927454291.478,20.6,14100.0,73.8634,5.2,,66.864,8.0,,,,34.0,,299.0,897.0,,,1196.0,,,,,89.0,115490.0,329978.0,112011.0,320038.0,,,,,,,,,,,,,,,,,37067.0,105909.0,,,,,,,,,,,0.0,,,,,,,,
2013,Europe and Central Asia,Lithuanian Red Cross Society,Lithuania,LTU,DLT001,2957689.0,46523420074.4372,19.1,15340.0,73.9146,5.1,,66.986,8.0,,,,34.0,,358.0,838.0,,,1196.0,8.0,92.0,,,100.0,1451801.0,4028893.0,1490047.0,4135030.0,,,,,,,,,,,,,,,,,0.0,,,,,,,,,,,,0.0,,,,,,,,
2014,Europe and Central Asia,Lithuanian Red Cross Society,Lithuania,LTU,DLT001,2932367.0,48533659592.1728,22.2,16070.0,74.5171,5.0,,67.108,9.0,,,,36.0,,,,,,1464.0,,,,,100.0,1500463.0,1247206.0,1756573.0,1460088.0,,,,,,,,,,,,,,,,,0.0,,,,,,,,,,,,,,,,,,,,
2015,Europe and Central Asia,Lithuanian Red Cross Society,Lithuania,LTU,DLT001,2904910.0,41435533340.3883,21.9,15190.0,74.322,4.9,,67.23,8.0,,,,29.0,,,,,,1671.0,,,,,68.0,1574144.0,1451600.0,1570974.0,1448677.0,,,,,,,,,,,,,,,,,0.0,,,,,,,,,,,,,,,,,,,,
2016,Europe and Central Asia,Lithuanian Red Cross Society,Lithuania,LTU,,2868231.0,43047309305.7363,22.9,14890.0,74.6707,4.7,,67.366,8.0,,,,28.0,,,,,,1160.0,3.0,71.0,,,74.0,1491747.0,1391516.0,1395984.0,1302187.0,162122.0,151229.0,,,48767.0,45490.0,,,,,,,134290.0,125267.0,88817.0,82849.0,137368.0,128138.0,,,,,,,19218.0,,,,0.0,0.0,0.0,0.0,,,,,
2017,Europe and Central Asia,Lithuanian Red Cross Society,Lithuania,LTU,,2828403.0,47758736931.7801,22.9,15280.0,75.4805,4.4,,67.516,8.0,1.0,1.0,11.0,24.0,,,,,,1200.0,9.0,94.0,,0.0,103.0,1718889.0,1469604.0,1717156.0,1468123.0,110133.0,94161.0,0.0,0.0,0.0,0.0,0.0,0.0,0.0,0.0,0.0,0.0,168084.0,143707.0,0.0,0.0,47756.0,40830.0,32014.0,27371.0,0.0,0.0,0.0,0.0,20000.0,,,,0.0,0.0,0.0,0.0,,,,,
2018,Europe and Central Asia,Lithuanian Red Cross Society,Lithuania,LTU,,2801543.0,53751411409.4447,20.6,17470.0,75.6805,4.1,,67.679,8.0,1.0,1.0,9.0,19.0,,,,,,715.0,5.0,75.0,,,80.0,,1838657.0,,1835386.0,,67513.0,,73487.0,,,,,,,,,,,,191000.0,,115000.0,,23000.0,,,,,13937.0,,,,0.0,0.0,0.0,0.0,,,,,
2019,Europe and Central Asia,Lithuanian Red Cross Society,Lithuania,LTU,,2794137.0,54808531641.4117,20.9,19090.0,76.2829,3.8,,67.855,7.0,,,9.0,14.0,,30.0,270.0,,,300.0,22.0,65.0,,,87.0,2666411.0,2446446.0,2622527.0,2406182.0,406968.0,373395.0,91601.0,84044.0,,,,,,,,,,,236982.0,217432.0,32697.0,30000.0,,,,,228453.0,209607.0,11058.0,,11058.0,,0.0,0.0,0.0,0.0,,,,,
2020,Europe and Central Asia,Lithuanian Red Cross Society,Lithuania,LTU,,2794885.0,56964942999.3651,20.0,19700.0,74.978,3.5,,68.046,9.0,,,9.0,14.0,,410.0,1277.0,,,1687.0,9.0,95.0,,,104.0,3107786.0,2881128.0,2671212.0,2476394.0,661043.0,612832.0,172332.0,159763.0,29510.0,27358.0,81298.0,75369.0,,,,,85469.0,79236.0,,,47617.0,44144.0,,,19208.0,17807.0,281190.0,260682.0,4770.0,,4770.0,,,,,,,,,,
2021,Europe and Central Asia,Lithuanian Red Cross Society,Lithuania,LTU,,2800839.0,66798933785.7702,20.9,21850.0,74.339,3.3,99.83,68.249,,0.0,1.0,9.0,14.0,,,,,,3257.0,,,,,134.0,4897879.0,4540665.0,4222674.0,3914704.0,1089234.0,1009794.0,597346.0,553780.0,11110.0,10300.0,162791.0,150918.0,0.0,0.0,42981.0,39846.0,89037.0,82543.0,755.0,700.0,149160.0,138281.0,398628.0,369555.0,20164.0,18693.0,2583.0,2395.0,4191.0,,,,4300.0,,,4300.0,,,,,
2022,Europe and Central Asia,Lithuanian Red Cross Society,Lithuania,LTU,,2831639.0,70974490450.4944,,23870.0,,,,68.465,,1.0,1.0,7.0,27.0,,,,,,15165.0,,,,,163.0,18602945.0,18024293.0,14022523.0,13586347.0,6021700.0,5834393.0,2376801.0,2302870.0,,,383680.0,371745.0,0.0,0.0,0.0,0.0,0.0,0.0,323971.0,313894.0,1158484.0,1122449.0,613614.0,594527.0,28265.0,27386.0,8866815.0,8591009.0,17093.0,,,,133760.0,,,2836.0,,,,,
2023,Europe and Central Asia,Lithuanian Red Cross Society,Lithuania,LTU,,,,,,,,,,,0.0,1.0,7.0,,15.0,,,,,12320.0,,,,,160.0,12605333.0,13552621.0,8610064.0,9257108.0,,,,,,,,,,,,,,,,,,,,,,,,,17556.0,,,,,,,1965.0,,,,,
2024,Europe and Central Asia,Lithuanian Red Cross Society,Lithuania,LTU,,,,,,,,,,,,,,,,,,,,,,,,,,,,,,,,,,,,,,,,,,,,,,,,,,,,,,,,,,,,,,,,,,
2012,Europe and Central Asia,Luxembourg Red Cross,Luxembourg,LUX,DLU001,530946.0,59776383527.3602,,87950.0,81.3927,2.8,,89.249,8.0,,,,40.0,,,,,,15000.0,,,,,1776.0,81574087.0,67543344.0,81559021.0,67530869.0,,,,,,,,,,,,,,,,,0.0,,,,,,,,,,,,,,,,,,,,
2013,Europe and Central Asia,Luxembourg Red Cross,Luxembourg,LUX,DLU001,543360.0,65203276466.9763,,85160.0,81.8,2.8,,89.574,8.0,,,,40.0,,4137.0,10863.0,,,15000.0,479.0,1436.0,,,1915.0,95500748.0,77899960.0,95441450.0,77851591.0,,,,,,,,,,,,,,,,,0.0,,,,,,,,,,,,0.0,,,,,,,,
2014,Europe and Central Asia,Luxembourg Red Cross,Luxembourg,LUX,DLU001,556319.0,68804811897.6445,,86760.0,82.2293,2.8,,89.884,6.0,,,,41.0,,,,,,2000.0,,,,,1982.0,107348256.0,89229373.0,107348256.0,89229373.0,,,,,,,,,,,,,,,,,0.0,,,,,,,,,,,,,,,,,,,,
2015,Europe and Central Asia,Luxembourg Red Cross,Luxembourg,LUX,DLU001,569604.0,60071584216.1375,,73530.0,82.2927,2.8,,90.179,7.0,,,,41.0,,,,,,2000.0,,,,,2008.0,148323704.0,136777000.0,153264321.0,141333000.0,,,,,,,,,,,,,,,,,0.0,,,,,,,,,,,,,,,,,,,,
2016,Europe and Central Asia,Luxembourg Red Cross,Luxembourg,LUX,,582014.0,62216885435.9488,,73730.0,82.6854,2.8,,90.46,6.0,,,,41.0,,867.0,1733.0,,,2600.0,,,,,2134.0,94513544.0,88163152.0,94442857.0,88097215.0,0.0,0.0,0.0,0.0,0.0,0.0,0.0,0.0,0.0,0.0,0.0,0.0,1862184.0,1737063.0,27097804.0,25277095.0,0.0,0.0,0.0,0.0,0.0,0.0,12475171.0,11636961.0,2133.0,1282.0,,851.0,0.0,,,,,,,,
2017,Europe and Central Asia,Luxembourg Red Cross,Luxembourg,LUX,,596336.0,65712180342.9836,,75800.0,82.0951,2.8,,90.727,7.0,1.0,1.0,7.0,40.0,,,,,,,,,,,1030.0,115042335.0,98358139.0,114968740.0,98295217.0,0.0,0.0,0.0,0.0,0.0,0.0,0.0,0.0,0.0,0.0,0.0,0.0,2157469.0,1844579.0,30308042.0,25912570.0,0.0,0.0,0.0,0.0,0.0,0.0,17079019.0,14602107.0,2368.0,,,,,,,,,,,,
2018,Europe and Central Asia,Luxembourg Red Cross,Luxembourg,LUX,,607950.0,71000359760.4611,,79770.0,82.2951,2.8,,90.981,7.0,1.0,1.0,8.0,186.0,,,,,,3200.0,557.0,2058.0,,,2615.0,213798577.0,189717708.0,210586836.0,186867717.0,,,,,,,,,,,,,2048247.0,1817546.0,34635193.0,30734112.0,,,,,,,24693332.0,21912037.0,2096.0,,,,355.0,0.0,0.0,0.0,,,,,
2019,Europe and Central Asia,Luxembourg Red Cross,Luxembourg,LUX,,620001.0,69890505323.5842,,79180.0,82.639,2.8,,91.223,6.0,,,8.0,195.0,,,,,1583.0,1583.0,569.0,2069.0,,,2638.0,234038377.0,214731443.0,234438011.0,215098110.0,,,,,,,,,,,,,1802547.0,1653846.0,37018639.0,33964796.0,,,,,,,31295923.0,28714174.0,1951.0,,1951.0,,288.0,,,,,,,,
2020,Europe and Central Asia,Luxembourg Red Cross,Luxembourg,LUX,,630419.0,73699366700.2134,,80980.0,82.1439,2.8,,91.453,6.0,,,8.0,225.0,,,,,2144.0,2144.0,578.0,2138.0,,,2716.0,242748248.0,225044034.0,242415573.0,224735622.0,,,,,,,,,,,,,2236912.0,2073769.0,34933271.0,32385503.0,,,,,,,30413533.0,28195401.0,627.0,,627.0,,635.0,0.0,0.0,0.0,,,,,
2021,Europe and Central Asia,Luxembourg Red Cross,Luxembourg,LUX,,640064.0,85584105993.8746,17.4,87610.0,82.7488,2.7,,91.672,,1.0,1.0,7.0,221.0,,,,,,3500.0,596.0,2157.0,,,2753.0,277488392.0,257258127.0,277488392.0,257258127.0,,,,,,,,,,,,,2589249.0,2400480.0,39106921.0,36255835.0,,,,,,,43189801.0,40041053.0,1452.0,,,,,,,0.0,,,,,
2022,Europe and Central Asia,Luxembourg Red Cross,Luxembourg,LUX,,653103.0,81641807865.7591,,89200.0,,,,91.881,,1.0,1.0,7.0,228.0,,,,,,1358.0,646.0,2262.0,,,2908.0,290833892.0,281787390.0,289454242.0,280450654.0,,,,,,,,,,,,,2451527.0,2375271.0,38666825.0,37464078.0,,,,,,,48383158.0,46878181.0,2276.0,,,,,,,,,,,,
2023,Europe and Central Asia,Luxembourg Red Cross,Luxembourg,LUX,,,,,,,,,,,1.0,1.0,6.0,184.0,26.0,416.0,1014.0,,208.0,1638.0,692.0,2414.0,,,3106.0,303339682.0,326135581.0,304337671.0,327208568.0,,,,,,,,,,,,,1622303.0,1744219.0,37789517.0,40629389.0,,,,,,,53741504.0,57780164.0,2585.0,,,,46.0,0.0,0.0,,,,,,
2024,Europe and Central Asia,Luxembourg Red Cross,Luxembourg,LUX,,,,,,,,,,,1.0,1.0,6.0,187.0,31.0,492.0,1093.0,1.0,,1586.0,760.0,2581.0,,,3341.0,332895209.0,353782822.0,332501252.0,353364146.0,,,,,,,,,,,,,1578837.0,1677902.0,45346397.0,48191671.0,,,,,,,55242120.0,58708304.0,3443.0,,,,41.0,0.0,0.0,,,,,,
2010,Europe and Central Asia,Latvian Red Cross,Latvia,LVA,DLV001,2097555.0,23956163076.5575,19.0,12650.0,73.4829,7.8,,67.841,25.0,,,,316.0,,,,,,1507.0,,,,,242.0,2772492.0,1568953.0,2790581.0,1579190.0,,,,,,,,,,,,,,,,,67033.0,37934.0,,,,,,,,,,,,,,,,,,,
2012,Europe and Central Asia,Latvian Red Cross,Latvia,LVA,DLV001,2034319.0,28169902669.3784,19.4,13800.0,73.778,6.6,,67.897,23.0,,,,28.0,,,,,,1363.0,,,,,443.0,10706139.0,6164595.0,9882001.0,5690056.0,,,,,,,,,,,,,,,,,0.0,,,,,,,,,,,,,,,,,,,,
2013,Europe and Central Asia,Latvian Red Cross,Latvia,LVA,DLV001,2012647.0,30204783461.8488,21.2,14850.0,73.9829,6.1,,67.925,21.0,,,,320.0,,453.0,1057.0,,,1510.0,112.0,337.0,,,449.0,3705035.0,2091122.0,3832578.0,2163107.0,,,,,,,,,,,,,,,,,0.0,,,,,,,,,,,,,,,,,,,,
2014,Europe and Central Asia,Latvian Red Cross,Latvia,LVA,DLV001,1993782.0,31386896487.0407,22.5,15340.0,74.1244,5.5,,67.952,22.0,,,,27.0,,,,,,1510.0,,,,,560.0,6660672.0,5536444.0,5007952.0,4162680.0,,,,,,,,,,,,,,,,,105911.0,88035.0,,,,,,,,,,,,,,,,,,,
2015,Europe and Central Asia,Latvian Red Cross,Latvia,LVA,DLV001,1977527.0,27263090547.0617,21.8,15110.0,74.4805,5.1,,67.98,22.0,,,,27.0,,,,,,987.0,,,,,922.0,7822835.0,7213843.0,7568340.0,6979160.0,,,,,,,,,,,,,,,,,128148.0,118172.0,,,,,,,,,,,,,,,,,,,
2016,Europe and Central Asia,Latvian Red Cross,Latvia,LVA,,1959537.0,28083597512.4841,22.1,14800.0,74.5805,4.7,,68.021,21.0,,,,26.0,,437.0,2552.0,,,2989.0,171.0,1010.0,,,1181.0,8750589.0,8162634.0,8194710.0,7644105.0,184412.0,172021.0,682132.0,636299.0,0.0,0.0,0.0,0.0,304168.0,283731.0,49322.0,46008.0,0.0,0.0,7000031.0,6529697.0,0.0,0.0,0.0,0.0,0.0,0.0,379441.0,353946.0,9165.0,2940.0,,6225.0,200.0,200.0,200.0,0.0,,,,,
2017,Europe and Central Asia,Latvian Red Cross,Latvia,LVA,,1942248.0,30483806017.8318,23.3,14870.0,74.6293,4.4,,68.075,22.0,1.0,1.0,20.0,25.0,,,,,,2989.0,,,,,1181.0,10990089.0,9396234.0,10820904.0,9251585.0,44693.0,38211.0,309306.0,264448.0,0.0,0.0,0.0,0.0,415876.0,355563.0,1252.0,1070.0,,,10144566.0,8673334.0,,,,,,,66655.0,56988.0,8025.0,,,,500.0,500.0,500.0,0.0,,,,,
2018,Europe and Central Asia,Latvian Red Cross,Latvia,LVA,,1927174.0,34429023435.0211,22.9,16560.0,74.7829,4.2,,68.142,23.0,1.0,1.0,5.0,25.0,,203.0,2166.0,,,2369.0,221.0,1315.0,,,1536.0,12913833.0,11459304.0,13218359.0,11729530.0,41767.0,37063.0,84427.0,74918.0,0.0,0.0,0.0,0.0,332347.0,294914.0,1127.0,1000.0,0.0,0.0,12016675.0,10663196.0,0.0,0.0,27072.0,24023.0,0.0,0.0,391980.0,347830.0,10303.0,,,,0.0,0.0,0.0,0.0,,,,,
2019,Europe and Central Asia,Latvian Red Cross,Latvia,LVA,,1913822.0,34225547537.0745,21.6,17580.0,75.3878,4.0,,68.222,22.0,,,,24.0,,,,,,,,,,,,14069636.0,12908965.0,13942419.0,12792243.0,67002.0,61475.0,98474.0,90350.0,466470.0,427989.0,,,,,919.0,843.0,13130422.0,12047231.0,,,,,,,,,282653.0,259336.0,,,,,,,,,,,,,
2020,Europe and Central Asia,Latvian Red Cross,Latvia,LVA,,1900449.0,34390910338.9604,23.4,17900.0,75.1854,3.8,,68.315,18.0,,,20.0,22.0,,80.0,961.0,,,1041.0,212.0,1651.0,,,1863.0,15851009.0,14694957.0,15321741.0,14204290.0,50021.0,46373.0,115307.0,106897.0,673555.0,624431.0,,,,,,,14682417.0,13611593.0,,,6461.0,5990.0,,,,,285016.0,264229.0,,,,,,,,,,,,,
2021,Europe and Central Asia,Latvian Red Cross,Latvia,LVA,,1884490.0,39443126174.4335,22.5,19910.0,73.2829,3.7,99.89,68.421,,1.0,1.0,18.0,316.0,,137.0,1154.0,,,1291.0,203.0,1797.0,,,2000.0,20660214.0,19232902.0,19126406.0,17805057.0,38956.0,36265.0,136366.0,126945.0,562474.0,523615.0,,,,,268614.0,250057.0,19618092.0,18262775.0,,,,,,,,,,,6288.0,,,,0.0,0.0,0.0,0.0,,,,,
2022,Europe and Central Asia,Latvian Red Cross,Latvia,LVA,,1879383.0,40932030049.5644,,21850.0,,,,68.54,,1.0,1.0,18.0,,,146.0,1254.0,,,1400.0,194.0,1945.0,,,2139.0,23372715.0,23485115.0,21234922.0,21337041.0,,,,,,,,,,,,,,,,,,,,,,,,,7879.0,,,,,,,,,,,,
2023,Europe and Central Asia,Latvian Red Cross,Latvia,LVA,,,,,,,,,,,0.0,0.0,20.0,93.0,6.0,,,,,1000.0,,,,,2300.0,27107316.0,29144424.0,25360004.0,27265802.0,,,,,,,,,,,,,,,,,,,,,,,,,6481.0,,,,6895.0,,,,,,,,
2024,Europe and Central Asia,Latvian Red Cross,Latvia,LVA,,,,,,,,,,,,,,,,,,,,,,,,,,,,,,,,,,,,,,,,,,,,,,,,,,,,,,,,,,,,,,,,,,
2011,Middle East and North Africa,Libyan Red Crescent,Libya,LBY,DLY001,6188132.0,48169243832.0503,,6230.0,70.071,19.5,,78.277,62.0,,,,46.0,,,,,,3000.0,,,,,800.0,528213.0,688103.0,776583.0,1011655.0,,,,,,,,,,,,,,,,,0.0,,,,,,,,,,,,,,,,,,,,
2012,Middle East and North Africa,Libyan Red Crescent,Libya,LBY,DLY001,5869870.0,92540964666.6463,,14020.0,72.247,15.0,,78.512,66.0,,,,46.0,,,,,,3000.0,,,,,800.0,509065.0,688103.0,748432.0,1011655.0,,,,,,,,,,,,,,,,,0.0,,,,,,,,,,,,,,,,,,,,
2013,Middle East and North Africa,Libyan Red Crescent,Libya,LBY,DLY001,5985221.0,75351117629.3591,,12590.0,72.34,14.4,,78.756,70.0,,,,47.0,,,,,,3000.0,,,,,800.0,0.0,,0.0,,,,,,,,,,,,,,,,,,0.0,,,,,,,,,,,,,,,,,,,,
2014,Middle East and North Africa,Libyan Red Crescent,Libya,LBY,DLY001,6097764.0,57372352561.9874,,9620.0,71.511,13.8,,79.009,67.0,,,,47.0,,,,,,3000.0,,,,,800.0,0.0,,0.0,,,,,,,,,,,,,,,,,,0.0,,,,,,,,,,,,,,,,,,,,
2015,Middle East and North Africa,Libyan Red Crescent,Libya,LBY,DLY001,6192235.0,48717506273.4399,,8830.0,71.698,13.3,,79.27,71.0,,,,47.0,,,,,,8000.0,,,,,950.0,0.0,,0.0,,,,,,,,,,,,,,,,,,0.0,,,,,,,,,,,,,,,,,,,,
2016,Middle East and North Africa,Libyan Red Crescent,Libya,LBY,,6282196.0,49912085228.2887,,8100.0,71.756,12.8,,79.54,74.0,,,,35.0,,,,,,8000.0,,,,,964.0,1545750.0,2134928.0,903879.0,1248402.0,0.0,0.0,0.0,0.0,9212818.0,12724377.0,48257.0,66650.0,0.0,0.0,0.0,0.0,0.0,0.0,177387.0,245000.0,0.0,0.0,426453.0,589000.0,1084083.0,1497292.0,0.0,0.0,887.0,,,,,,,,,,,,
2017,Middle East and North Africa,Libyan Red Crescent,Libya,LBY,,6378261.0,67157451661.405,,10310.0,72.482,12.3,,79.817,67.0,1.0,1.0,35.0,35.0,,2000.0,500.0,,0.0,2500.0,,,,,1500.0,,,,,,,,,,,,,,,,,,,,,,,,,,,,,150.0,,,,,,,,,,,,
2018,Middle East and North Africa,Libyan Red Crescent,Libya,LBY,,6477793.0,76686048497.4801,,11630.0,72.794,11.9,,80.102,69.0,1.0,1.0,4.0,36.0,,,,,,3000.0,,,,,1621.0,2549664.0,3600000.0,2515668.0,3552000.0,5808.0,8200.0,178.0,252.0,,,38245.0,54000.0,,,1416.0,2000.0,,,,,,,,,991536.0,1400000.0,,,33.0,,,,65659.0,,,,,,,,
2019,Middle East and North Africa,Libyan Red Crescent,Libya,LBY,,6569088.0,69254143966.8182,,10680.0,72.463,11.5,,80.393,72.0,,,4.0,36.0,,1940.0,1043.0,,,2983.0,193.0,208.0,,,401.0,,4591473.0,,8221462.0,,40297.0,,1794900.0,,,,80000.0,,,,739000.0,,,,,,,,,,1989326.0,,,1006.0,,1006.0,,440648.0,0.0,0.0,0.0,,,,,
2020,Middle East and North Africa,Libyan Red Crescent,Libya,LBY,,6653942.0,46808208746.0839,,7400.0,72.472,11.1,,80.691,72.0,,,3.0,41.0,,2073.0,900.0,,,2973.0,275.0,249.0,,,524.0,4750233.0,6982741.0,3095372.0,4550131.0,465.0,683.0,0.0,0.0,0.0,0.0,548481.0,806256.0,0.0,0.0,75753.0,111355.0,3980.0,5850.0,1224508.0,1800000.0,0.0,0.0,1920596.0,2823235.0,976451.0,1435362.0,0.0,0.0,243.0,,243.0,,107756.0,61320.0,61320.0,,,,,,
2021,Middle East and North Africa,Libyan Red Crescent,Libya,LBY,,6735277.0,39798423941.0335,,7880.0,71.911,10.8,,80.994,,1.0,0.0,3.0,41.0,,2322.0,853.0,,,3175.0,368.0,287.0,,,655.0,1164660.0,5737720.0,1475826.0,7270689.0,11326.0,55800.0,0.0,0.0,0.0,0.0,0.0,0.0,0.0,0.0,0.0,0.0,0.0,0.0,381065.0,1877325.0,0.0,0.0,347463.0,1711785.0,405192.0,1996189.0,5404.0,26621.0,445.0,120.0,,325.0,82002.0,0.0,0.0,,,,,,
2022,Middle East and North Africa,Libyan Red Crescent,Libya,LBY,,6812341.0,45752336035.9846,,7260.0,,,,81.302,,0.0,0.0,4.0,39.0,,,,,,10800.0,,,,,230.0,,,,,,,,,,,,,,,,,,,,,,,,,,,,,2065.0,,,,0.0,0.0,0.0,20.0,,,,,
2023,Middle East and North Africa,Libyan Red Crescent,Libya,LBY,,,,,,,,,,,,,,,,,,,,,,,,,,,,,,,,,,,,,,,,,,,,,,,,,,,,,,,,,,,,,,,,,,
2024,Middle East and North Africa,Libyan Red Crescent,Libya,LBY,,,,,,,,,,,,,,,,,,,,,,,,,,,,,,,,,,,,,,,,,,,,,,,,,,,,,,,,,,,,,,,,,,
2009,Middle East and North Africa,Moroccan Red Crescent,Morocco,MAR,DMA001,31929087.0,92897320375.8176,,2880.0,74.003,33.2,56.08,57.452,99.0,,,,111.0,,,,,,40000.0,,,,,835.0,1639855.0,12378285.0,1362361.0,10283645.0,,,,,,,,,,,,,,,,,0.0,,,,,,,,,,,,11500.0,,,,,,,,
2010,Middle East and North Africa,Moroccan Red Crescent,Morocco,MAR,DMA001,32464865.0,100865329473.44,,3190.0,70.829,31.3,,58.018,134.0,,,,,,,,,,20000.0,,,,,,0.0,,0.0,,,,,,,,,,,,,,,,,,0.0,,,,,,,,,,,,,,,,,,,,
2011,Middle East and North Africa,Moroccan Red Crescent,Morocco,MAR,DMA001,32903699.0,110080631332.375,,3260.0,71.269,29.5,67.08,58.581,122.0,,,,111.0,,,,,,40000.0,,,,,835.0,1353306.0,1353306.0,1124301.0,1124301.0,,,,,,,,,,,,,,,,,0.0,,,,,,,,,,,,,,,,,,,,
2012,Middle East and North Africa,Moroccan Red Crescent,Morocco,MAR,DMA001,33352169.0,106937392311.129,,3230.0,71.679,27.9,69.43,59.142,113.0,,,,95.0,,7200.0,32800.0,,,40000.0,,,,,840.0,1331303.0,11915298.0,1125462.0,10073000.0,,,,,,,,,,,,,,,,,0.0,,,,,,,,,,,,,,,,,,,,
2013,Middle East and North Africa,Moroccan Red Crescent,Morocco,MAR,DMA001,33803527.0,115739287305.08,4.8,3350.0,72.122,26.4,,59.7,106.0,,,,98.0,,10000.0,30000.0,,,40000.0,,,,,840.0,1497465.0,13364277.0,1026033.0,9156935.0,,,,,,,,,,,,,,,,,0.0,,,,,,,,,,,,,,,,,,,,
2014,Middle East and North Africa,Moroccan Red Crescent,Morocco,MAR,DMA001,34248603.0,119130841411.664,,3320.0,72.538,24.9,75.59,60.256,102.0,,,,98.0,,,,,,40000.0,,,,,840.0,1360916.0,12299064.0,969874.0,8765078.0,,,,,,,,,,,,,,,,,0.0,,,,,,,,,,,,,,,,,,,,
2015,Middle East and North Africa,Moroccan Red Crescent,Morocco,MAR,DMA001,34680458.0,110413823841.592,,3290.0,72.92,23.6,,60.809,97.0,,,,98.0,,,,,,2000.0,,,,,840.0,1245669.0,12299064.0,888146.0,8769072.0,,,,,,,,,,,,,,,,,0.0,,,,,,,,,,,,,,,,,,,,
2016,Middle East and North Africa,Moroccan Red Crescent,Morocco,MAR,,35107264.0,111572947004.917,,3140.0,73.284,22.4,,61.36,85.0,,,,98.0,,4010.0,16423.0,,,20433.0,540.0,300.0,,,840.0,1304255.0,12867173.0,826182.0,8150727.0,,,,,,,,,,,,,,,,,,,,,,,,,26200.0,16400.0,,9800.0,20000.0,10000.0,10000.0,20000.0,,,,,
2017,Middle East and North Africa,Moroccan Red Crescent,Morocco,MAR,,35528115.0,118540573367.844,,3160.0,73.66,21.3,,61.908,80.0,1.0,1.0,17.0,86.0,,4510.0,16400.0,,0.0,20910.0,540.0,300.0,,0.0,840.0,1266956.0,12105677.0,88243.0,843155.0,,,,,,,,,,,,,,,,,,,,,,,,,29200.0,17300.0,0.0,11900.0,17670.0,25970.0,25970.0,25970.0,,,,,
2018,Middle East and North Africa,Moroccan Red Crescent,Morocco,MAR,,35927511.0,127341147581.818,,3380.0,73.986,20.4,,62.453,78.0,1.0,1.0,17.0,102.0,,4610.0,16450.0,,0.0,21060.0,540.0,300.0,,0.0,840.0,1231564.0,11923474.0,698670.0,6764228.0,,,,,,,,,,,,,,,,,,,,,,,,,631832.0,418632.0,0.0,213200.0,28870.0,50334.0,50334.0,25970.0,,,,,
2019,Middle East and North Africa,Moroccan Red Crescent,Morocco,MAR,,36304408.0,128920266409.458,,3500.0,74.27,19.5,,62.994,76.0,,,15.0,102.0,,4520.0,14845.0,,,19365.0,539.0,306.0,,,845.0,1271182.0,12470027.0,611444.0,5998134.0,,,,,,,,,,,,,160554.0,1575000.0,159421.0,1563888.0,,,,,,,231707.0,2273000.0,76030.0,33385.0,,42645.0,25000.0,55150.0,55150.0,25000.0,,,,,
2020,Middle East and North Africa,Moroccan Red Crescent,Morocco,MAR,,36688772.0,121353645057.144,,3260.0,73.92,18.7,,63.532,72.0,,,,380.0,,,,,8000.0,8000.0,,,,,,,,,,,,,,,,,,,,,,,,,,,,,,,,,,,,,,,,,,,,,,
2021,Middle East and North Africa,Moroccan Red Crescent,Morocco,MAR,,37076584.0,141817797083.468,,3620.0,74.042,18.0,,64.065,,1.0,1.0,14.0,102.0,,,,,,8565.0,127.0,316.0,,,443.0,1197152.0,11597160.0,681367.0,6600606.0,0.0,0.0,,,0.0,0.0,0.0,0.0,0.0,0.0,0.0,0.0,162584.0,1575000.0,113218.0,1096773.0,,,,,,,125683.0,1217526.0,110231.0,57359.0,,52872.0,,,120000.0,1900000.0,,,,,
2022,Middle East and North Africa,Moroccan Red Crescent,Morocco,MAR,,37457971.0,130912558829.84,,3670.0,,,77.35,64.596,,1.0,1.0,14.0,89.0,,14100.0,,,,14100.0,36.0,22.0,,,58.0,1156820.0,11839082.0,4935598.0,50511692.0,,,,,,,,,,,,,264819.0,2710196.0,,,,,,,,,129300.0,1323277.0,10000.0,6000.0,,4000.0,20000.0,10000.0,10000.0,14100.0,,,,,
2023,Middle East and North Africa,Moroccan Red Crescent,Morocco,MAR,,,,,,,,,,,,,,,,,,,,,,,,,,1069310.0,12364967.0,575318.0,6652693.0,,,,,,,,,,,,,,,831706.0,9617430.0,,,,,,,166346.0,1923537.0,,,,,,,,,,,,,
2024,Middle East and North Africa,Moroccan Red Crescent,Morocco,MAR,,,,,,,,,,,,,,,,,,,,,,,,,,,,,,,,,,,,,,,,,,,,,,,,,,,,,,,,,,,,,,,,,,
2012,Europe and Central Asia,Red Cross of Monaco,Monaco,MCO,DMC001,34700.0,5742749294.0085,,,,3.8,,100.0,,,,,1.0,,,,,,417.0,,,,,48.0,6389814.0,5290766.0,6979050.0,5778653.0,,,,,,,,,,,,,,,,,144928.0,120000.0,,,,,,,,,,,0.0,,,,,,,,
2013,Europe and Central Asia,Red Cross of Monaco,Monaco,MCO,DMC001,35425.0,6555591709.8859,,,,3.7,,100.0,,,,,1.0,,,,,,493.0,5.0,43.0,,,48.0,6641569.0,5417528.0,7017292.0,5724005.0,,,,,,,,,,,,,,,,,0.0,,,,,,,,,,,,0.0,,,,,,,,
2014,Europe and Central Asia,Red Cross of Monaco,Monaco,MCO,DMC001,36110.0,7069353073.0888,,,,3.6,,100.0,,,,,1.0,,,,,,500.0,,,,,50.0,6341421.0,5271078.0,7423062.0,6170153.0,,,,,,,,,,,,,,,,,0.0,0.0,,,,,,,,,,,0.0,,,,,,,,
2015,Europe and Central Asia,Red Cross of Monaco,Monaco,MCO,DMC001,36760.0,6261649890.8239,,,,3.5,,100.0,,,,,1.0,,,,,,550.0,,,,,50.0,6875968.0,6340688.0,6582371.0,6069947.0,,,,,,,,,,,,,,,,,0.0,0.0,,,,,,,,,,,,,,,,,,,
2016,Europe and Central Asia,Red Cross of Monaco,Monaco,MCO,,37071.0,6465645584.9488,,,,3.4,,100.0,,,,,1.0,,189.0,424.0,,,613.0,8.0,44.0,,,52.0,7096231.0,6067089.0,8059642.0,6890780.0,1706058.0,1458634.0,274862.0,235000.0,67624.0,57817.0,0.0,0.0,0.0,0.0,0.0,0.0,44212.0,37800.0,763590.0,652849.0,0.0,0.0,0.0,0.0,0.0,0.0,880162.0,752515.0,1590.0,,,,0.0,0.0,0.0,0.0,,,,,
2017,Europe and Central Asia,Red Cross of Monaco,Monaco,MCO,,37044.0,6431271365.0834,,,,3.3,,100.0,,1.0,1.0,16.0,1.0,,,,,,650.0,,,,,52.0,6848317.0,5855129.0,7936505.0,6785501.0,995061.0,850751.0,67604.0,57800.0,118343.0,101180.0,0.0,0.0,0.0,0.0,0.0,0.0,817286.0,698758.0,76352.0,65279.0,0.0,0.0,0.0,0.0,0.0,0.0,1289011.0,1102070.0,1746.0,,,,0.0,57.0,57.0,0.0,,,,,
2018,Europe and Central Asia,Red Cross of Monaco,Monaco,MCO,,37029.0,7182444409.5407,,,,3.2,,100.0,,1.0,1.0,16.0,1.0,,,,,,585.0,8.0,54.0,,,62.0,8378694.0,7434973.0,8579086.0,7612794.0,1946579.0,1727329.0,432910.0,384150.0,653200.0,579628.0,0.0,0.0,0.0,0.0,0.0,0.0,0.0,0.0,1321387.0,1172555.0,0.0,0.0,0.0,0.0,0.0,0.0,453774.0,402664.0,1868.0,970.0,,898.0,639.0,70.0,70.0,0.0,,,,,
2019,Europe and Central Asia,Red Cross of Monaco,Monaco,MCO,,37034.0,7383944044.17,,,,3.1,,100.0,,,,15.0,1.0,,175.0,333.0,,,508.0,7.0,53.0,,,60.0,8877891.0,8145512.0,8265529.0,7583666.0,2654136.0,2435184.0,700068.0,642316.0,263891.0,242121.0,0.0,0.0,0.0,0.0,0.0,0.0,820718.0,753013.0,2267.0,2080.0,87193.0,80000.0,0.0,0.0,0.0,0.0,946872.0,868760.0,2555.0,,2555.0,,,3750.0,3750.0,,,,,,
2020,Europe and Central Asia,Red Cross of Monaco,Monaco,MCO,,36922.0,6739645416.4792,,,,3.0,,100.0,,,,16.0,1.0,,187.0,349.0,,,536.0,8.0,56.0,,,64.0,6417307.0,5949277.0,8115086.0,7523233.0,619139.0,573984.0,115520.0,107095.0,573572.0,531740.0,,,,,,,227706.0,211099.0,587177.0,544353.0,75507.0,70000.0,,,,,667498.0,618816.0,1481.0,699.0,,782.0,,,887.0,0.0,,,,,
2021,Europe and Central Asia,Red Cross of Monaco,Monaco,MCO,,36686.0,8626081320.5061,,,,2.9,,100.0,,1.0,1.0,17.0,1.0,,188.0,382.0,,,570.0,9.0,64.0,,,73.0,9276493.0,8635626.0,8993307.0,8372004.0,1930153.0,1796808.0,378399.0,352257.0,396840.0,369424.0,0.0,0.0,0.0,0.0,0.0,0.0,438372.0,408087.0,982586.0,914704.0,53711.0,50000.0,0.0,0.0,0.0,0.0,1454430.0,1353951.0,2078.0,933.0,,1145.0,,1227.0,1227.0,,,,,,
2022,Europe and Central Asia,Red Cross of Monaco,Monaco,MCO,,36469.0,8784002931.6867,,,,,,100.0,,0.0,0.0,17.0,1.0,,,,,,650.0,,,,,70.0,6738242.0,6528646.0,8835339.0,8560512.0,609491.0,590533.0,516052.0,500000.0,117484.0,113830.0,,,,,,,,,,,,,10321.0,10000.0,,,2025486.0,1962482.0,3880.0,,,,,,,,,,,,
2023,Europe and Central Asia,Red Cross of Monaco,Monaco,MCO,,,,,,,,,,,0.0,1.0,17.0,1.0,1.0,,,,,692.0,,,,,72.0,7314964.0,7864682.0,7869112.0,8460474.0,475767.0,511521.0,602056.0,647300.0,107188.0,115243.0,0.0,0.0,0.0,0.0,0.0,0.0,801636.0,861879.0,93010.0,100000.0,0.0,0.0,9301.0,10000.0,0.0,0.0,1520840.0,1635131.0,4886.0,,,,4886.0,4886.0,4886.0,,,,,,
2024,Europe and Central Asia,Red Cross of Monaco,Monaco,MCO,,,,,,,,,,,0.0,1.0,16.0,1.0,1.0,,,,,750.0,,,,,78.0,,,,,,,,,,,,,,,,,,,,,,,,,,,,,,,,,,,,,,,,,
2010,Europe and Central Asia,Red Cross Society of the Republic of Moldova,"Moldova, Republic of",MDA,DMD001,2862354.0,6974982369.6016,,2380.0,69.357,17.1,,42.62,18.0,,,,0.0,,,,,,2670.0,,,,,30.0,0.0,,0.0,,,,,,,,,,,,,,,,,,0.0,,,,,,,,,,,,,,,,,,,,
2011,Europe and Central Asia,Red Cross Society of the Republic of Moldova,"Moldova, Republic of",MDA,DMD001,2860699.0,8414352020.4944,,2730.0,69.192,16.8,,42.589,18.0,,,,18.0,,,,,,530.0,,,,,43.0,279873.0,3401525.0,279873.0,3401525.0,,,,,,,,,,,,,,,,,0.0,,,,,,,,,,,,,,,,,,,,
2012,Europe and Central Asia,Red Cross Society of the Republic of Moldova,"Moldova, Republic of",MDA,DMD001,2860324.0,8709138634.8292,,3140.0,69.143,16.6,,42.558,18.0,,,,18.0,,,,,,1800.0,,,,,43.0,370021.0,4798765.0,329780.0,4276886.0,,,,,,,,,,,,,,,,,0.0,,,,,,,,,,,,,,,,,,,,
2013,Europe and Central Asia,Red Cross Society of the Republic of Moldova,"Moldova, Republic of",MDA,DMD001,2859558.0,9496717875.5193,,3620.0,69.099,16.3,,42.527,17.0,,,,18.0,,150.0,450.0,,,600.0,5.0,30.0,,,35.0,283719.0,4119832.0,285111.0,4140044.0,,,,,,,,,,,,,,,,,0.0,,,,,,,,,,,,,,,,,,,,
2014,Europe and Central Asia,Red Cross Society of the Republic of Moldova,"Moldova, Republic of",MDA,DMD001,2857815.0,9399833207.4934,,3730.0,69.031,16.0,99.36,42.496,18.0,,,,18.0,,,,,,320.0,,,,,33.0,89043.0,1389624.0,89043.0,1389624.0,,,,,,,,,,,,,,,,,0.0,,,,,,,,,,,,,,,,,,,,
2015,Europe and Central Asia,Red Cross Society of the Republic of Moldova,"Moldova, Republic of",MDA,DMD001,2835978.0,7798692878.4014,,3290.0,69.24,15.8,,42.49,17.0,,,,16.0,,,,,,165.0,,,,,20.0,68287.0,68287.0,64846.0,64846.0,,,,,,,,,,,,,,,,,0.0,,,,,,,,,,,,,,,,,,,,
2016,Europe and Central Asia,Red Cross Society of the Republic of Moldova,"Moldova, Republic of",MDA,,2803186.0,7982450758.0321,,3180.0,69.917,15.5,,42.511,15.0,,,,16.0,,698.0,892.0,,,1590.0,4.0,21.0,,,25.0,67511.0,67511.0,75607.0,75607.0,4541.0,4541.0,7893.0,7893.0,0.0,0.0,0.0,0.0,0.0,0.0,0.0,0.0,0.0,0.0,0.0,0.0,22093.0,22093.0,0.0,0.0,32984.0,32984.0,0.0,0.0,86.0,41.0,,45.0,0.0,,,0.0,,,,,
2017,Europe and Central Asia,Red Cross Society of the Republic of Moldova,"Moldova, Republic of",MDA,,2755189.0,9519053158.464,,3300.0,70.516,15.3,,42.557,15.0,1.0,1.0,9.0,20.0,,726.0,901.0,,,1627.0,4.0,21.0,,,25.0,167444.0,143160.0,167444.0,143160.0,9053.0,7740.0,2094.0,1790.0,,,,,,,,,5029.0,4300.0,,,131618.0,112530.0,,,16515.0,14120.0,3135.0,2680.0,196.0,106.0,,90.0,0.0,0.0,0.0,0.0,,,,,
2018,Europe and Central Asia,Red Cross Society of the Republic of Moldova,"Moldova, Republic of",MDA,,2707203.0,11253727815.4762,,3850.0,70.492,15.0,,42.629,14.0,1.0,0.0,7.0,20.0,,,,,,1260.0,,,,,14.0,96984.0,86060.0,85269.0,75665.0,,,,,,,,,,,,,,,,,,,,,,,,,2205.0,,,,2912.0,3000.0,3000.0,0.0,,,,,
2019,Europe and Central Asia,Red Cross Society of the Republic of Moldova,"Moldova, Republic of",MDA,,2664224.0,11735774634.4239,25.2,4490.0,70.935,14.7,,42.726,12.0,,,,,,,,,,,,,,,,,,,,,,,,,,,,,,,,,,,,,,,,,,,,,,,,,,,,,,,,
2020,Europe and Central Asia,Red Cross Society of the Republic of Moldova,"Moldova, Republic of",MDA,,2635130.0,11531967881.0624,26.8,4360.0,70.166,14.5,,42.849,12.0,,,,,,,,,,,,,,,,,,,,,,,,,,,,,,,,,,,,,,,,,,,,,,,,,,,,,,,,
2021,Europe and Central Asia,Red Cross Society of the Republic of Moldova,"Moldova, Republic of",MDA,,2595809.0,13692230147.0588,24.5,5270.0,68.846,14.2,99.6,42.998,,,,,,,,,,,,,,,,,,,,,,,,,,,,,,,,,,,,,,,,,,,,,,,,,,,,,,,,,
2022,Europe and Central Asia,Red Cross Society of the Republic of Moldova,"Moldova, Republic of",MDA,,2538894.0,14508333280.4233,31.1,5500.0,,,,43.173,,1.0,1.0,9.0,16.0,,,,,,1103.0,2.0,20.0,,,22.0,,,,,,,,,,,,,,,,,,,,,,,,,,,,,,,,,,,,,,,,,
2023,Europe and Central Asia,Red Cross Society of the Republic of Moldova,"Moldova, Republic of",MDA,,,,,,,,,,,1.0,1.0,10.0,16.0,16.0,780.0,520.0,,,1300.0,2.0,20.0,,,22.0,630926.0,12879988.0,751202.0,15335346.0,8325.0,169956.0,,,,,,,,,,,970.0,19800.0,,,237545.0,4849346.0,340271.0,6946434.0,40168.0,820000.0,3647.0,74452.0,1240.0,,,,,,,22325.0,,,,,
2024,Europe and Central Asia,Red Cross Society of the Republic of Moldova,"Moldova, Republic of",MDA,,,,,,,,,,,,,,,,,,,,,,,,,,,,,,,,,,,,,,,,,,,,,,,,,,,,,,,,,,,,,,,,,,
2009,Europe and Central Asia,Red Cross of Montenegro,Montenegro,MNE,DME001,618294.0,4159330369.5471,,6740.0,74.784,7.3,,63.808,8.0,,,,21.0,,,,,,1079.0,,,,,52.0,1966286.0,1321541.0,1947310.0,1308787.0,,,,,,,,,,,,,,,,,590414.0,396817.0,,,,,,,,,,,151.0,,,,,,,,
2012,Europe and Central Asia,Red Cross of Montenegro,Montenegro,MNE,DME001,620601.0,4087526241.8127,25.2,7000.0,76.2,5.5,,64.804,7.0,,,,23.0,,710.0,1065.0,,,1775.0,,,,,64.0,1954337.0,1618191.0,1891833.0,1566438.0,,,,,,,,,,,,,,,,,0.0,,,,,,,,,,,,8300.0,,,,,,,,
2013,Europe and Central Asia,Red Cross of Montenegro,Montenegro,MNE,DME001,621207.0,4465772400.3745,24.1,7330.0,76.4902,5.0,,65.137,6.0,,,,23.0,,540.0,812.0,,,1352.0,27.0,37.0,,,64.0,1298027.0,1058801.0,1198879.0,977926.0,,,,,,,,,,,,,,,,,0.0,,,,,,,,,,,,100.0,,,,,,,,
2014,Europe and Central Asia,Red Cross of Montenegro,Montenegro,MNE,DME001,621810.0,4593853290.963,24.4,7320.0,76.4415,4.5,,65.471,6.0,,,,23.0,,676.0,1015.0,,,1691.0,28.0,38.0,,,66.0,1883126.0,1565281.0,1877396.0,1560518.0,,,,,,,,,,,,,,,,,0.0,,,,,,,,,,,,0.0,,,,,,,,
2015,Europe and Central Asia,Red Cross of Montenegro,Montenegro,MNE,DME001,622159.0,4054730077.5772,24.0,7260.0,76.4488,4.1,,65.806,6.0,,,,23.0,,636.0,953.0,,,1589.0,28.0,40.0,,,68.0,1116034.0,1029153.0,1234589.0,1138479.0,,,,,,,,,,,,,,,,,292038.0,269303.0,,,,,,,,,,,,,,,,,,,
2016,Europe and Central Asia,Red Cross of Montenegro,Montenegro,MNE,,622303.0,4376930578.324,23.6,7090.0,76.4415,3.7,,66.141,6.0,,,,23.0,,1050.0,700.0,,,1750.0,31.0,34.0,,,65.0,1438696.0,1338920.0,1430322.0,1331126.0,963.0,896.0,0.0,0.0,0.0,0.0,488931.0,455023.0,0.0,0.0,0.0,0.0,417123.0,388195.0,48637.0,45264.0,144765.0,134725.0,0.0,0.0,0.0,0.0,27592.0,25678.0,3827.0,,,,0.0,667.0,667.0,0.0,,,,,
2017,Europe and Central Asia,Red Cross of Montenegro,Montenegro,MNE,,622373.0,4856599480.7988,23.8,7410.0,76.4854,3.3,,66.477,5.0,1.0,1.0,15.0,23.0,,,,,,1760.0,30.0,34.0,,0.0,64.0,,,,,,,,,,,,,,,,,,,,,,,,,,,,,4994.0,,,,0.0,556.0,556.0,0.0,,,,,
2018,Europe and Central Asia,Red Cross of Montenegro,Montenegro,MNE,,622227.0,5506942238.3567,24.5,8450.0,76.8415,3.0,,66.813,5.0,1.0,1.0,15.0,23.0,,,,,,1469.0,20.0,51.0,,,71.0,1744074.0,1547633.0,1742814.0,1546515.0,,,26019.0,23088.0,,,255902.0,227079.0,,,,,96064.0,85244.0,,,450915.0,400127.0,394667.0,350214.0,,,97544.0,86557.0,8510.0,,,,3160.0,560.0,2560.0,3900.0,,,,,
2019,Europe and Central Asia,Red Cross of Montenegro,Montenegro,MNE,,622028.0,5542054181.1262,22.6,9140.0,76.6829,2.7,,67.15,6.0,,,15.0,23.0,,,,,1600.0,1600.0,20.0,51.0,,,71.0,1544704.0,1417274.0,1509570.0,1385038.0,,,110536.0,101417.0,,,151996.0,139457.0,41780.0,38333.0,,,197277.0,181003.0,95386.0,87517.0,419732.0,385106.0,77977.0,71544.0,5154.0,4729.0,65039.0,59674.0,6218.0,,6218.0,,0.0,632.0,2632.0,4218.0,,,,,
2020,Europe and Central Asia,Red Cross of Montenegro,Montenegro,MNE,,621306.0,4769996866.0076,21.2,7900.0,75.9317,2.5,,67.488,6.0,,,15.0,23.0,,,,,1720.0,1720.0,31.0,40.0,,,71.0,2963236.0,2747120.0,2772201.0,2570018.0,,,143376.0,132919.0,,,189091.0,175300.0,35432.0,32848.0,,,62890.0,58303.0,96598.0,89553.0,400699.0,371475.0,853259.0,791029.0,31253.0,28974.0,196770.0,182419.0,985.0,,985.0,,196572.0,497.0,497.0,186953.0,,,,,
2021,Europe and Central Asia,Red Cross of Montenegro,Montenegro,MNE,,619211.0,5861427505.1249,,9370.0,73.8244,2.3,98.98,67.826,,1.0,1.0,15.0,23.0,,,,,,1163.0,30.0,45.0,,,75.0,2166300.0,2016641.0,2163889.0,2014397.0,,,2686.0,2500.0,12831.0,11945.0,83862.0,78068.0,36478.0,33958.0,,,410980.0,382587.0,238093.0,221644.0,398941.0,371380.0,417889.0,389019.0,7305.0,6800.0,173893.0,161880.0,5177.0,,,,119988.0,571.0,2571.0,116297.0,,,,,
2022,Europe and Central Asia,Red Cross of Montenegro,Montenegro,MNE,,617213.0,6229801580.7916,,10480.0,,,,68.164,,1.0,1.0,15.0,23.0,,,,,,910.0,40.0,149.0,,,189.0,3380849.0,3275686.0,3042550.0,2947910.0,96102.0,93113.0,28176.0,27300.0,30860.0,29900.0,196733.0,190614.0,36902.0,35754.0,,,808653.0,783500.0,90178.0,87373.0,370640.0,359111.0,1160463.0,1124366.0,16567.0,16052.0,,,6916.0,,,,63868.0,647.0,647.0,53658.0,,,,,
2023,Europe and Central Asia,Red Cross of Montenegro,Montenegro,MNE,,,,,,,,,,,1.0,1.0,15.0,23.0,23.0,,,,,1493.0,36.0,158.0,,,194.0,3236254.0,3479458.0,3232294.0,3475200.0,89672.0,96411.0,227759.0,244875.0,13440.0,14450.0,247350.0,265938.0,38048.0,40907.0,11169.0,12008.0,216898.0,233198.0,52891.0,56866.0,298567.0,321004.0,677093.0,727976.0,18749.0,20158.0,311081.0,334459.0,4840.0,,,,33882.0,670.0,670.0,20141.0,,,,,
2024,Europe and Central Asia,Red Cross of Montenegro,Montenegro,MNE,,,,,,,,,,,1.0,1.0,15.0,23.0,23.0,,,,,841.0,31.0,148.0,,,179.0,2890340.0,3071695.0,2890340.0,3071695.0,17392.0,18483.0,79160.0,84127.0,0.0,0.0,171930.0,182718.0,57726.0,61348.0,0.0,0.0,242084.0,257274.0,56554.0,60102.0,333692.0,354630.0,700997.0,744981.0,21476.0,22823.0,52850.0,56166.0,8081.0,,,,5880.0,973.0,973.0,20059.0,,,,,
2012,Africa,Malagasy Red Cross Society,Madagascar,MDG,DMG001,22966240.0,11578975061.9479,70.7,480.0,63.544,68.0,71.57,33.227,476.0,,,,7800.0,,1946.0,4882.0,,,6828.0,52.0,25.0,,,77.0,1778852.0,4330740975.0,1511124.0,3678939015.0,,,,,,,,,,,,,,,,,0.0,0.0,,,,,,,,,,,16000.0,,,,,,,,
2013,Africa,Malagasy Red Cross Society,Madagascar,MDG,DMG001,23588073.0,12423555455.3853,,500.0,63.962,67.0,,33.878,455.0,,,,5013.0,,4468.0,4745.0,,,9213.0,57.0,22.0,,,79.0,2447149.0,6139898308.0,2445759.0,6136411518.0,,,,,,,,,,,,,,,,,1219495.0,3059714671.0,,,,,,,,,,,15000.0,,,,,,,,
2014,Africa,Malagasy Red Cross Society,Madagascar,MDG,DMG001,24215976.0,12522957399.2281,,500.0,64.255,66.4,,34.534,467.0,,,,5400.0,,4724.0,5546.0,,,10270.0,87.0,24.0,,,111.0,1618678.0,4192629088.0,1472760.0,3814678683.0,,,,,,,,,,,,,,,,,1584205.0,4103340699.0,,,,,,,,,,,15000.0,,,,,,,,
2015,Africa,Malagasy Red Cross Society,Madagascar,MDG,DMG001,24850912.0,11323020701.3017,,470.0,64.339,66.0,,35.193,482.0,,,,5400.0,,4244.0,5861.0,,,10105.0,88.0,25.0,,,113.0,2100378.0,6696203794.0,1818320.0,5796976334.0,,,,,,,,,,,,,,,,,0.0,,,,,,,,,,,,82373.0,,,,,,,,
2016,Africa,Malagasy Red Cross Society,Madagascar,MDG,,25501941.0,11848613858.442,,450.0,64.997,65.8,,35.856,447.0,,,,1189.0,,1990.0,3054.0,,,5044.0,115.0,37.0,,,152.0,3409947.0,11035428377.0,2631276.0,8515455049.0,0.0,0.0,0.0,0.0,0.0,0.0,968732.0,3135055282.0,0.0,0.0,0.0,0.0,0.0,0.0,0.0,0.0,1915365.0,6198591019.0,236701.0,766022167.0,57982.0,187643317.0,231168.0,748116591.0,1505.0,636.0,,869.0,69303.0,28563.0,73063.0,625.0,,,,,
2017,Africa,Malagasy Red Cross Society,Madagascar,MDG,,26169542.0,13176313593.5509,,460.0,65.094,65.7,,36.522,423.0,0.0,0.0,,,,,,,,,,,,,,,,,,,,,,,,,,,,,,,,,,,,,,,,,,,,,,,,,,,,,,
2018,Africa,Malagasy Red Cross Society,Madagascar,MDG,,26846541.0,13760033282.2925,,490.0,65.27,65.8,76.68,37.191,423.0,1.0,1.0,7.0,7800.0,,40.0,119.0,,,159.0,192.0,79.0,,,271.0,,,,,,,,,,,2353.0,8226692.0,,,,,,,19625.0,68619139.0,10743.0,37564468.0,,,,,,,865.0,605.0,,260.0,1966.0,30466.0,30466.0,29194.0,,,,,
2019,Africa,Malagasy Red Cross Society,Madagascar,MDG,,27533134.0,14104664678.5063,,510.0,65.882,66.1,,37.861,398.0,,,,,,,,,,,,,,,,,,,,,,,,,,,,,,,,,,,,,,,,,,,,,,,,,,,,,,,,
2020,Africa,Malagasy Red Cross Society,Madagascar,MDG,,28225177.0,13051441203.9474,,460.0,65.182,66.1,,38.534,392.0,,,7.0,141.0,,418.0,460.0,,999.0,1877.0,29.0,17.0,,,46.0,655191.0,2741384672.0,509184.0,2130476237.0,0.0,0.0,14370.0,60124000.0,0.0,0.0,122379.0,512045357.0,0.0,0.0,0.0,0.0,0.0,0.0,54665.0,228723230.0,92100.0,385356609.0,371677.0,1555135476.0,0.0,0.0,0.0,0.0,901.0,364.0,58.0,479.0,2578390.0,23670.0,43630.0,7068647.0,,,,,
2021,Africa,Malagasy Red Cross Society,Madagascar,MDG,,28915653.0,14554754116.5427,,490.0,64.485,66.0,,39.207,,1.0,1.0,7.0,141.0,,436.0,413.0,138.0,,987.0,40.0,17.0,,,57.0,1061393.0,4497425861.0,978370.0,4145636627.0,531.0,2250000.0,,,,,17411.0,73774420.0,,,14187.0,60114894.0,,,68874.0,291840574.0,211218.0,894990151.0,609819.0,2583977518.0,,,51920.0,220000000.0,1272.0,598.0,,674.0,172703.0,172703.0,191562.0,125821.0,,,,,
2022,Africa,Malagasy Red Cross Society,Madagascar,MDG,,29611714.0,15297192798.9771,,510.0,,,77.48,39.882,,1.0,1.0,7.0,141.0,,671.0,637.0,0.0,72.0,1380.0,,,,,126.0,2381249.0,10176279069.0,1920359.0,8206661444.0,0.0,0.0,0.0,0.0,0.0,0.0,116611.0,498339315.0,0.0,0.0,0.0,0.0,0.0,0.0,90506.0,386777319.0,791508.0,3382512939.0,815625.0,3485577812.0,0.0,0.0,0.0,0.0,2162.0,856.0,0.0,1306.0,399262.0,34069.0,34069.0,78043.0,,,,,
2023,Africa,Malagasy Red Cross Society,Madagascar,MDG,,,,,,,,,,,0.0,0.0,42.0,142.0,,,,,,9515.0,43.0,72.0,,,115.0,2303151.0,12449464385.0,2051903.0,11091367269.0,0.0,0.0,0.0,0.0,0.0,0.0,145521.0,786597436.0,0.0,0.0,0.0,0.0,0.0,0.0,271318.0,1466581263.0,101924.0,550942888.0,1784388.0,9645342798.0,0.0,0.0,0.0,0.0,2612.0,1071.0,176.0,1365.0,894956.0,36173.0,36173.0,85516.0,,,,,
2024,Africa,Malagasy Red Cross Society,Madagascar,MDG,,,,,,,,,,,0.0,0.0,42.0,118.0,23.0,,,,,10000.0,99.0,44.0,,,143.0,1129948.0,1129948.0,966742.0,966742.0,,,,,,,,,,,,,,,108427.0,108427.0,905273.0,905273.0,,,,,116247.0,116247.0,2021.0,,,,76692.0,43858.0,43858.0,36777.0,,,,,
2019,Asia Pacific,Marshall Islands Red Cross Society,Marshall Islands,MHL,,44728.0,231996704.1016,7.2,6640.0,64.746,31.8,,77.417,,,,,3.0,,,,,150.0,150.0,,,,8.0,8.0,,,,,,,,,,,,,,,,,,,,,,,,,,,,,,,,,,,,,,,,,
2020,Asia Pacific,Marshall Islands Red Cross Society,Marshall Islands,MHL,,43413.0,240751144.4092,,6480.0,64.977,30.7,,77.794,,,,,3.0,,,,,,,,,,9.0,9.0,,,,,,,,,,,,,,,,,,,,,,,,,,,,,,,,,,,,,,,,,
2021,Asia Pacific,Marshall Islands Red Cross Society,Marshall Islands,MHL,,42050.0,257784881.5918,,6520.0,65.269,29.7,,78.162,,1.0,1.0,10.0,3.0,,,,,,400.0,6.0,2.0,,,8.0,356435.0,384000.0,452969.0,488000.0,,,,,,,,,,,,,,,,,,,,,,,,,176.0,90.0,,86.0,18536.0,600.0,600.0,9000.0,,,,,
2022,Asia Pacific,Marshall Islands Red Cross Society,Marshall Islands,MHL,,41569.0,258774475.0977,,7270.0,,,,78.52,,1.0,1.0,8.0,3.0,,,,,,459.0,7.0,2.0,,,9.0,417763.0,453043.0,471141.0,510928.0,,,,,,,,,,,,,9849.0,10681.0,,,,,260586.0,282592.0,42843.0,46461.0,,,120.0,77.0,,43.0,,32835.0,32835.0,,,,,,
2023,Asia Pacific,Marshall Islands Red Cross Society,Marshall Islands,MHL,,,,,,,,,,,1.0,1.0,8.0,4.0,4.0,30.0,32.0,,,62.0,7.0,3.0,,,10.0,351769.0,418294.0,310962.0,369770.0,,,,,,,,,,,,,,,,,,,,,,,,,1005.0,,,,264.0,1188.0,1188.0,250.0,,,,,
2024,Asia Pacific,Marshall Islands Red Cross Society,Marshall Islands,MHL,,,,,,,,,,,1.0,1.0,8.0,4.0,4.0,19.0,18.0,,,37.0,5.0,4.0,,,9.0,867887.0,1023332.0,791451.0,933206.0,,,,,,,,,,,,,,,,,,,,,,,,,261.0,,,,5000.0,5000.0,5000.0,5000.0,,,,,
2012,Europe and Central Asia,Red Cross of The Republic of North Macedonia,North Macedonia,MKD,DMK001,2061044.0,9745261300.5779,24.2,4770.0,74.9024,10.1,97.6,57.125,5.0,,,,35.0,,3456.0,3743.0,,,7199.0,56.0,82.0,,,138.0,1349041.0,69197683.0,1215633.0,62354671.0,,,,,,,,,,,,,,,,,0.0,,,,,,,,,,,,5200.0,,,,,,,,
2013,Europe and Central Asia,Red Cross of The Republic of North Macedonia,North Macedonia,MKD,DMK001,2064032.0,10817702346.0674,22.1,5030.0,75.4,10.6,,57.189,4.0,,,,35.0,,3561.0,4766.0,,,8327.0,58.0,80.0,,,138.0,1323996.0,65719584.0,1177199.0,58432991.0,,,,,,,,,,,,,,,,,0.0,0.0,,,,,,,,,,,9400.0,,,,,,,,
2014,Europe and Central Asia,Red Cross of The Republic of North Macedonia,North Macedonia,MKD,DMK001,2067471.0,11362265252.778,21.5,5220.0,75.4512,11.2,,57.284,5.0,,,,35.0,,,,,,8200.0,,,,,138.0,1702964.0,86378756.0,1526530.0,77429582.0,,,,,,,,,,,,,,,,,0.0,,,,,,,,,,,,,,,,,,,,
2015,Europe and Central Asia,Red Cross of The Republic of North Macedonia,North Macedonia,MKD,DMK001,2070226.0,10064519962.5655,21.9,5130.0,75.4024,11.4,,57.408,5.0,,,,35.0,,,,,,8400.0,,,,,138.0,4651377.0,261931128.0,3116447.0,175495236.0,,,,,,,,,,,,,,,,,0.0,,,,,,,,,,,,,,,,,,,,
2016,Europe and Central Asia,Red Cross of The Republic of North Macedonia,North Macedonia,MKD,,2072490.0,10672467073.2873,22.2,5000.0,75.4,10.9,,57.563,3.0,,,,35.0,,5100.0,4942.0,,,10042.0,57.0,45.0,,,102.0,7956519.0,453983755.0,7434810.0,424216024.0,1556.0,88800.0,222997.0,12723786.0,10778.0,615000.0,50018.0,2853917.0,0.0,0.0,127523.0,7276243.0,118528.0,6763000.0,120901.0,6898385.0,902287.0,51482772.0,4255103.0,242788021.0,41203.0,2350979.0,1546641.0,88248356.0,19600.0,8430.0,,11170.0,17499.0,4812.0,4812.0,30.0,,,,,
2017,Europe and Central Asia,Red Cross of The Republic of North Macedonia,North Macedonia,MKD,,2074502.0,11307067069.6658,21.9,4940.0,75.9537,9.6,,57.748,3.0,1.0,1.0,13.0,34.0,,5250.0,5150.0,,0.0,10400.0,105.0,117.0,,0.0,222.0,2914275.0,152420230.0,2500693.0,130789397.0,,,,,,,,,,,,,,,,,,,,,,,,,17658.0,5428.0,0.0,12230.0,19504.0,6792.0,6792.0,5622.0,,,,,
2018,Europe and Central Asia,Red Cross of The Republic of North Macedonia,North Macedonia,MKD,,2076217.0,12683068114.2388,21.6,5500.0,76.6488,8.1,,57.963,3.0,1.0,1.0,13.0,34.0,,5250.0,5150.0,,,10400.0,105.0,117.0,,,222.0,1894101.0,102744807.0,1576919.0,85539383.0,209.0,11355.0,17473.0,947805.0,,,,,,,118177.0,6410484.0,188008.0,10198449.0,40434.0,2193330.0,45305.0,2457535.0,305856.0,16591063.0,22160.0,1202052.0,782012.0,42419942.0,16443.0,4851.0,,11592.0,853.0,14281.0,42843.0,0.0,,,,,
2019,Europe and Central Asia,Red Cross of The Republic of North Macedonia,North Macedonia,MKD,,2076694.0,12606338448.547,21.8,5890.0,76.6024,6.8,,58.208,3.0,,,,34.0,,,,,,,,,,,,2195930.0,2014777.0,1653351.0,1516958.0,3438.0,3154.0,13906.0,12759.0,,,5881.0,5396.0,,,762.0,699.0,154716.0,141953.0,31238.0,28661.0,145422.0,133425.0,150742.0,138307.0,26175.0,24016.0,1487464.0,1364756.0,,,,,,,,,,,,,
2020,Europe and Central Asia,Red Cross of The Republic of North Macedonia,North Macedonia,MKD,,2072531.0,12363580534.6811,,5730.0,74.3951,5.9,,58.482,3.0,,,13.0,34.0,,3440.0,3540.0,,,6980.0,106.0,120.0,,,226.0,3705589.0,209036432.0,2956532.0,166781303.0,,,32357.0,1825322.0,,,32280.0,1820967.0,,,,,72292.0,4078074.0,,,192927.0,10883256.0,674228.0,38033978.0,75248.0,4244804.0,1886884.0,106441258.0,14420.0,5178.0,,9242.0,208000.0,20658.0,20658.0,269149.0,,,,,
2021,Europe and Central Asia,Red Cross of The Republic of North Macedonia,North Macedonia,MKD,,2065092.0,13998355971.3044,,6280.0,74.5368,5.3,,58.786,,0.0,1.0,13.0,34.0,,,,,,2400.0,,,,,200.0,4472924.0,254620810.0,3355104.0,190989016.0,,,43450.0,2473400.0,,,31585.0,1798000.0,,,,,29171.0,1660540.0,,,527514.0,30028670.0,1886513.0,107389566.0,11705.0,666332.0,1390279.0,79141496.0,29283.0,,,,12612.0,450.0,570.0,16000.0,,,,,
2022,Europe and Central Asia,Red Cross of The Republic of North Macedonia,North Macedonia,MKD,,2057679.0,13563132102.1663,,6660.0,,,,59.118,,0.0,0.0,13.0,33.0,,,,,,3978.0,,,,,191.0,4524672.0,266564870.0,3907275.0,230191738.0,1636.0,96387.0,6790.0,400000.0,386179.0,22751222.0,39964.0,2354405.0,,,,,110725.0,6523220.0,51944.0,3060219.0,281537.0,16586388.0,601582.0,35441353.0,14468.0,852383.0,2713735.0,159875985.0,24492.0,,,,1264.0,22921.0,22921.0,134.0,,,,,
2023,Europe and Central Asia,Red Cross of The Republic of North Macedonia,North Macedonia,MKD,,,,,,,,,,,0.0,1.0,13.0,33.0,33.0,,,,,4693.0,,,,,216.0,4941984.0,324617956.0,4177054.0,274372978.0,73157.0,4805396.0,975774.0,64094466.0,,,26871.0,1765064.0,,,,,,,,,417290.0,27410006.0,293622.0,19286795.0,11940.0,784282.0,2853284.0,187420154.0,27486.0,,,,979.0,23760.0,23760.0,104.0,,,,,
2024,Europe and Central Asia,Red Cross of The Republic of North Macedonia,North Macedonia,MKD,,,,,,,,,,,,,,,,,,,,,,,,,,,,,,,,,,,,,,,,,,,,,,,,,,,,,,,,,,,,,,,,,,
2009,Africa,Mali Red Cross,Mali,MLI,DML001,14581427.0,10231962890.6125,41.1,660.0,54.756,135.1,,35.2,661.0,,,,123.0,,,,,,4183.0,,,,,109.0,3405452.0,1466649580.0,2314157.0,996654206.0,,,,,,,,,,,,,,,,,3046716.0,1312150467.0,,,,,,,,,,,7932.0,,,,,,,,
2010,Africa,Mali Red Cross,Mali,MLI,DML001,15529181.0,10689168016.2613,,670.0,56.382,134.1,31.1,35.999,547.0,,,,,,,,,,5012.0,,,,,,0.0,,0.0,,,,,,,,,,,,,,,,,,0.0,,,,,,,,,,,,,,,,,,,,
2012,Africa,Mali Red Cross,Mali,MLI,DML001,16514687.0,12442035339.1049,,710.0,57.079,126.1,,37.599,555.0,,,,9.0,,3072.0,3328.0,,,6400.0,141.0,44.0,,,185.0,7215793.0,3919179276.0,5087620.0,2763285058.0,,,,,,,,,,,,,,,,,5040790.0,2737849920.0,,,,,,,,,,,156814.0,,,,,,,,
2013,Africa,Mali Red Cross,Mali,MLI,DML001,17004033.0,13242690786.0938,47.1,750.0,57.357,122.5,,38.398,544.0,,,,9.0,,,,,,12852.0,128.0,49.0,,,177.0,8052517.0,4309039225.0,8144753.0,4358396287.0,,,,,,,,,,,,,,,,,0.0,,,,,,,,,,,,,,,,,,,,
2014,Africa,Mali Red Cross,Mali,MLI,DML001,17551814.0,14364937124.0727,46.9,780.0,57.9,119.0,,39.196,519.0,,,,9.0,,,,,,16396.0,,,,,286.0,8778395.0,4784200069.0,7954702.0,4335289647.0,,,,,,,,,,,,,,,,,0.0,,,,,,,,,,,,1394.0,,,,,,,,
2015,Africa,Mali Red Cross,Mali,MLI,DML001,18112907.0,13104764378.326,47.2,770.0,58.363,115.6,33.07,39.991,494.0,,,,9.0,,,,,,11393.0,151.0,72.0,,,223.0,9881191.0,5968564499.0,8477871.0,5120912674.0,,,,,,,,,,,,,,,,,5849983.0,3533582012.0,,,,,,,,,,,29237.0,,,,,,,,
2016,Africa,Mali Red Cross,Mali,MLI,,18700106.0,14026048335.7047,46.8,750.0,58.731,112.4,,40.783,470.0,,,,188.0,,4747.0,1582.0,,,6329.0,163.0,40.0,,,203.0,4831155.0,2953028491.0,5373124.0,3284305391.0,0.0,0.0,1636.0,1000000.0,0.0,0.0,0.0,0.0,0.0,0.0,0.0,0.0,0.0,0.0,145136.0,88714000.0,4230461.0,2585856309.0,178736.0,109251692.0,263920.0,161320431.0,5376.0,3286059.0,403.0,74.0,,329.0,2524.0,14673.0,14673.0,5948.0,,,,,
2017,Africa,Mali Red Cross,Mali,MLI,,19311355.0,15365713048.1993,44.9,730.0,59.132,109.3,,41.572,453.0,1.0,1.0,11.0,188.0,,7172.0,3331.0,,0.0,10503.0,261.0,49.0,,0.0,310.0,6086621.0,3413696714.0,5953168.0,3338848879.0,0.0,0.0,1783.0,1000000.0,0.0,0.0,0.0,0.0,0.0,0.0,0.0,0.0,0.0,0.0,337009.0,189012408.0,5273880.0,2957868705.0,95932.0,53803542.0,346474.0,194321008.0,24411.0,13691051.0,477.0,74.0,0.0,403.0,48843.0,30846.0,30846.0,313340.0,,,,,
2018,Africa,Mali Red Cross,Mali,MLI,,19934298.0,17070867589.9055,43.8,800.0,59.393,106.2,35.47,42.356,440.0,1.0,1.0,11.0,188.0,,7178.0,3426.0,,,10604.0,196.0,56.0,,,252.0,8368693.0,4871183621.0,8420467.0,4901319578.0,1718.0,1000000.0,0.0,0.0,,,,,,,,,,,305077.0,177576547.0,7592609.0,4419446510.0,60385.0,35148666.0,393990.0,229330412.0,14915.0,8681486.0,1502.0,163.0,,1339.0,16716.0,38108.0,38108.0,307356.0,,,,,
2019,Africa,Mali Red Cross,Mali,MLI,,20567424.0,17280250810.0321,42.3,820.0,59.664,103.1,,43.136,428.0,,,11.0,188.0,,4097.0,3917.0,,,8014.0,201.0,58.0,,,259.0,7732855.0,4652740470.0,7431981.0,4471709116.0,0.0,0.0,0.0,0.0,0.0,0.0,0.0,0.0,0.0,0.0,0.0,0.0,0.0,0.0,245438.0,147676140.0,6551671.0,3942040416.0,214275.0,128926014.0,439500.0,264440446.0,276985.0,166657454.0,845.0,162.0,,683.0,12718.0,55141.0,55141.0,306673.0,,,,,
2020,Africa,Mali Red Cross,Mali,MLI,,21224040.0,17465392764.3706,41.9,790.0,58.633,100.1,30.76,43.909,440.0,,,11.0,,,2227.0,1337.0,,,3564.0,177.0,36.0,,,213.0,7077332.0,4304946221.0,7293597.0,4436494563.0,,,,,,,,,,,,,,,340336.0,207016829.0,5930599.0,3607420073.0,296035.0,180070029.0,475740.0,289379720.0,28046.0,17059570.0,549.0,109.0,,440.0,8220.0,45080.0,45080.0,3568.0,,,,,
2021,Africa,Mali Red Cross,Mali,MLI,,21904983.0,19309463508.0377,44.6,820.0,58.941,97.1,,44.677,,1.0,1.0,13.0,149.0,,3836.0,4788.0,,,8624.0,156.0,75.0,,,231.0,8920360.0,5445885430.0,6824656.0,4166456876.0,,,,,,,,,,,,,,,676217.0,412830856.0,6151134.0,3755271057.0,88296.0,53904930.0,421868.0,257550484.0,328644.0,200637325.0,549.0,109.0,,440.0,8220.0,41210.0,41210.0,,,,,,
2022,Africa,Mali Red Cross,Mali,MLI,,22593590.0,18827176529.6983,,850.0,,,,45.437,,1.0,1.0,14.0,154.0,,4311.0,4687.0,,,8998.0,183.0,89.0,,0.0,272.0,9127053.0,5802322243.0,6413313.0,4077122243.0,,,,,,,,,,,,,,,50394.0,32036806.0,7841482.0,4985048822.0,219269.0,139395179.0,343248.0,218212254.0,137584.0,87466134.0,218.0,75.0,,143.0,21978.0,41210.0,97210.0,101557.0,,,,,
2023,Africa,Mali Red Cross,Mali,MLI,,,,,,,,,,,0.0,1.0,13.0,358.0,11.0,5401.0,3875.0,,,9276.0,214.0,107.0,,,321.0,8962264.0,6320355418.0,9215641.0,6499041540.0,,,,,,,15314.0,10800000.0,,,,,16883.0,11906230.0,89482.0,63104255.0,7956414.0,5611011472.0,317425.0,223854299.0,382405.0,269679162.0,56720.0,40000000.0,268.0,71.0,,197.0,4527.0,71936.0,71936.0,14565.0,,,,,
2024,Africa,Mali Red Cross,Mali,MLI,,,,,,,,,,,0.0,1.0,17.0,612.0,11.0,1524.0,1088.0,0.0,1.0,2613.0,209.0,77.0,0.0,0.0,286.0,,,,,,,,,,,,,,,,,,,,,,,,,,,,,1054.0,280.0,,774.0,40926.0,31123.0,31123.0,73880.0,,,,,
2009,Asia Pacific,Myanmar Red Cross Society,Myanmar,MMR,DMM001,50250366.0,42214048042.8044,,730.0,63.089,66.0,,28.695,274.0,,,,408.0,,,,,,7240.0,,,,,614.0,0.0,,0.0,,,,,,,,,,,,,,,,,,0.0,,,,,,,,,,,,20000.0,,,,,,,,
2010,Asia Pacific,Myanmar Red Cross Society,Myanmar,MMR,DMM001,49390988.0,49540813342.4834,42.2,870.0,63.329,63.4,,28.885,293.0,,,,,,,,,,588326.0,,,,,,0.0,,0.0,,,,,,,,,,,,,,,,,,0.0,,,,,,,,,,,,,,,,,,,,
2012,Asia Pacific,Myanmar Red Cross Society,Myanmar,MMR,DMM001,50218185.0,59937796641.7889,,1160.0,64.141,58.2,,29.266,285.0,,,,330.0,,,,,,8121.0,189.0,148.0,,,337.0,622473.0,681110.0,645377.0,706172.0,,,,,,,,,,,,,,,,,1700134.0,1860287.0,,,,,,,,,,,20896.0,,,,,,,,
2013,Asia Pacific,Myanmar Red Cross Society,Myanmar,MMR,DMM001,50648334.0,60269732882.8413,,1250.0,64.815,55.9,,29.457,268.0,,,,330.0,,4841.0,1210.0,,,6051.0,220.0,263.0,,,483.0,514084.0,576288.0,393256.0,440840.0,,,,,,,,,,,,,,,,,2028113.0,2273515.0,,,,,,,,,,,,,,,,,,,
2014,Asia Pacific,Myanmar Red Cross Society,Myanmar,MMR,DMM001,51072436.0,65446196919.6813,,1250.0,65.056,53.8,,29.65,262.0,,,,330.0,,22318.0,10098.0,,,32416.0,309.0,233.0,,,542.0,3661270.0,3757600000.0,3661270.0,3757600000.0,,,,,,,,,,,,,,,,,0.0,,,,,,,,,,,,,,,,,,,,
2015,Asia Pacific,Myanmar Red Cross Society,Myanmar,MMR,DMM001,51483949.0,59687411768.8224,32.1,1220.0,65.561,51.8,,29.858,243.0,,,,330.0,,14667.0,29333.0,,,44000.0,335.0,268.0,,,603.0,10601808.0,13852000000.0,10601808.0,13852000000.0,,,,,,,,,,,,,,,,,0.0,,,,,,,,,,,,91055.0,,,,,,,,
2016,Asia Pacific,Myanmar Red Cross Society,Myanmar,MMR,,51892349.0,63216143490.1423,,1230.0,65.685,49.9,75.55,30.082,242.0,,,,330.0,,,,,,16054.0,658.0,501.0,,,1159.0,838957.0,838957.0,907099.0,907099.0,,,,,,,,,,,,,,,,,,,,,,,,,21344.0,11925.0,,9419.0,337104.0,,,,,,,,
2017,Asia Pacific,Myanmar Red Cross Society,Myanmar,MMR,,52288341.0,66055090634.4518,24.8,1220.0,65.843,48.1,,30.322,238.0,1.0,1.0,11.0,330.0,,4550.0,3659.0,,,8209.0,,,,,603.0,,11826730000.0,,10772180000.0,,35260000.0,,,,,,228003000.0,,,,68710000.0,,,,1104550000.0,,3810400000.0,,2943170000.0,,1249080000.0,,303190000.0,14218.0,6086.0,2520.0,5612.0,91664.0,71554.0,71554.0,28410.0,,,,,
2018,Asia Pacific,Myanmar Red Cross Society,Myanmar,MMR,,52666014.0,67855845007.3168,,1300.0,66.465,46.4,,30.579,215.0,1.0,1.0,11.0,330.0,,4344.0,3161.0,,,7505.0,,,,,666.0,12607044.0,19637140000.0,7780199.0,12118690000.0,,,,,,,772955.0,1203980000.0,,,,,,,614599.0,957320000.0,283507.0,441600000.0,2709086.0,4219760000.0,1238925.0,1929790000.0,223808.0,348610000.0,24607.0,10337.0,,14270.0,3298.0,45342.0,45342.0,39321.0,,,,,
2019,Asia Pacific,Myanmar Red Cross Society,Myanmar,MMR,,53040212.0,75072038085.8542,,1370.0,66.61,44.8,89.07,30.852,213.0,,,11.0,330.0,,,,,6700.0,6700.0,376.0,340.0,,,716.0,9921694.0,14987452898.0,9929610.0,14999411252.0,2185.0,3300000.0,,,,,749695.0,1132469265.0,,,,,,,90205.0,136261400.0,4341471.0,6558112805.0,2279534.0,3443405398.0,1549798.0,2341085049.0,885636.0,1337818981.0,11924.0,4980.0,,6944.0,317462.0,806612.0,806612.0,54109.0,,,,,
2020,Asia Pacific,Myanmar Red Cross Society,Myanmar,MMR,,53423198.0,79045695084.5069,,1310.0,66.797,43.2,,31.141,179.0,,,11.0,330.0,,40000.0,,,,40000.0,357.0,335.0,,,692.0,11397164.0,15917826397.0,11266889.0,15735877922.0,473.0,660000.0,,,,,756866.0,1057075386.0,,,,,,,10740.0,15000000.0,5836945.0,8152157626.0,2239393.0,3127643645.0,1570342.0,2193215402.0,960925.0,1342074339.0,5678.0,4340.0,,1338.0,3728063.0,1995616.0,1995616.0,55666.0,,,,,
2021,Asia Pacific,Myanmar Red Cross Society,Myanmar,MMR,,53798084.0,66262813093.4824,,1230.0,65.672,41.8,,31.448,,1.0,1.0,11.0,330.0,,,,,,23842.0,337.0,298.0,,,635.0,713053.0,1268777094.0,644155.0,1146182785.0,,,,,,,,,,,,,,,,,,,,,,,,,9587.0,6038.0,,3549.0,180072.0,48462.0,48462.0,26407.0,,,,,
2022,Asia Pacific,Myanmar Red Cross Society,Myanmar,MMR,,54179306.0,62263466263.7375,,1270.0,,,,31.771,,1.0,1.0,11.0,330.0,,,,,,23842.0,366.0,303.0,,,669.0,15866672.0,30279908460.0,9193155.0,17544189497.0,,,,,,,,,,,,,,,,,,,,,,,,,17657.0,10694.0,,6963.0,829075.0,19878.0,41702.0,295.0,,,,,
2023,Asia Pacific,Myanmar Red Cross Society,Myanmar,MMR,,,,,,,,,,,1.0,1.0,11.0,274.0,274.0,,,,,6432.0,320.0,267.0,,,587.0,13407416.0,13407416.0,7549632.0,7549632.0,1037.0,1037.0,500964.0,500964.0,,,690440.0,690440.0,,,,,,,188195.0,188195.0,7682933.0,7682933.0,2117537.0,2117537.0,1483609.0,1483609.0,,,64907.0,35954.0,,28953.0,294102.0,22029.0,22029.0,283356.0,,,,,
2024,Asia Pacific,Myanmar Red Cross Society,Myanmar,MMR,,,,,,,,,,,,,,,,,,,,,,,,,,,,,,,,,,,,,,,,,,,,,,,,,,,,,,,,,,,,,,,,,,
2011,Asia Pacific,Mongolian Red Cross Society,Mongolia,MNG,DMN001,2743938.0,10409797377.8571,33.7,2610.0,67.439,24.4,,67.963,61.0,,,,33.0,,,,,,4500.0,,,,,250.0,2043.0,3000000.0,2043.0,3000000.0,,,,,,,,,,,,,,,,,0.0,,,,,,,,,,,,,,,,,,,,
2012,Asia Pacific,Mongolian Red Cross Society,Mongolia,MNG,DMN001,2792349.0,12292770631.565,27.4,3690.0,68.111,22.8,,68.03,58.0,,,,703.0,,6000.0,9000.0,,,15000.0,,,,,234.0,541609.0,814883455.0,525823.0,791131724.0,,,,,,,,,,,,,,,,,0.0,,,,,,,,,,,,,,,,,,,,
2013,Asia Pacific,Mongolian Red Cross Society,Mongolia,MNG,DMN001,2845153.0,12582122604.2577,,4390.0,68.585,21.5,,68.097,52.0,,,,703.0,,,,,,15800.0,,,,,228.0,526541.0,959194587.0,498443.0,908008290.0,,,,,,,,,,,,,,,,,0.0,,,,,,,,,,,,,,,,,,,,
2014,Asia Pacific,Mongolian Red Cross Society,Mongolia,MNG,DMN001,2902823.0,12226514668.0622,21.6,4270.0,69.047,20.4,,68.163,49.0,,,,736.0,,,,,,15800.0,,,,,168.0,553631.0,1051273435.0,527112.0,1000916887.0,,,,,,,,,,,,,,,,,0.0,,,,,,,,,,,,,,,,,,,,
2015,Asia Pacific,Mongolian Red Cross Society,Mongolia,MNG,DMN001,2964749.0,11619892590.6941,,3850.0,69.498,19.4,,68.23,47.0,,,,736.0,,,,,,15877.0,55.0,125.0,,,180.0,2209372.0,4443440976.0,2196880.0,4418316103.0,,,,,,,,,,,,,,,,,1068900.0,2149747415.0,,,,,,,,,,,1725.0,,,,,,,,
2016,Asia Pacific,Mongolian Red Cross Society,Mongolia,MNG,,3029555.0,11181350649.3573,29.6,3520.0,69.865,18.5,,68.297,47.0,,,,733.0,,2106.0,4286.0,,,6392.0,103.0,104.0,,,247.0,2608857.0,2608857.0,2562880.0,2562880.0,7485.0,7485.0,,,,,47019.0,47019.0,,,37455.0,37455.0,9455.0,9455.0,86188.0,86188.0,969504.0,969504.0,1329369.0,1329369.0,125043.0,125043.0,,,38131.0,13995.0,,24136.0,33496.0,228315.0,228315.0,94806.0,,,,,
2017,Asia Pacific,Mongolian Red Cross Society,Mongolia,MNG,,3096030.0,11480847740.736,,3250.0,70.237,17.6,,68.363,48.0,1.0,1.0,17.0,703.0,,17316.0,36797.0,,0.0,54113.0,60.0,157.0,,0.0,217.0,3227833.0,3227833.0,3185222.0,3185222.0,0.0,0.0,0.0,0.0,53791.0,53791.0,945.0,945.0,0.0,0.0,0.0,0.0,60740.0,60740.0,0.0,0.0,1595137.0,1595137.0,1138844.0,1138844.0,37709.0,37709.0,0.0,0.0,44016.0,17423.0,0.0,26593.0,33318.0,247838.0,795691.0,78085.0,,,,,
2018,Asia Pacific,Mongolian Red Cross Society,Mongolia,MNG,,3163991.0,13178094720.4986,28.4,3700.0,71.199,16.8,,68.445,42.0,1.0,1.0,19.0,703.0,,17565.0,24886.0,,,42451.0,62.0,145.0,,,207.0,2730610.0,2730610.0,2683114.0,2683114.0,,,92384.0,92384.0,,,,,,,42052.0,42052.0,331657.0,331657.0,,,1185106.0,1185106.0,950725.0,950725.0,34267.0,34267.0,12191.0,12191.0,36476.0,18558.0,,17918.0,27542.0,141368.0,843928.0,229995.0,,,,,
2019,Asia Pacific,Mongolian Red Cross Society,Mongolia,MNG,,3232430.0,14206359017.5143,,3840.0,71.822,16.0,,68.543,40.0,,,,,,,,,,,,,,,,,,,,,,,,,,,,,,,,,,,,,,,,,,,,,,,,,,,,,,,,
2020,Asia Pacific,Mongolian Red Cross Society,Mongolia,MNG,,3294335.0,13312981429.0891,27.8,3720.0,72.141,15.4,99.18,68.657,39.0,,,25.0,703.0,,20325.0,23978.0,,,44303.0,64.0,128.0,,,192.0,1718652.0,4896445132.0,1718652.0,4896445130.0,0.0,0.0,2211.0,6300390.0,0.0,0.0,0.0,0.0,0.0,0.0,0.0,0.0,0.0,0.0,0.0,0.0,165527.0,471587366.0,1306537.0,3722328771.0,84503.0,240748747.0,,,18426.0,10282.0,,8144.0,94357.0,311135.0,1246565.0,490808.0,,,,,
2021,Asia Pacific,Mongolian Red Cross Society,Mongolia,MNG,,3347782.0,15286441737.6686,,3730.0,70.975,14.7,,68.785,,1.0,1.0,19.0,703.0,,17131.0,18938.0,,,36069.0,60.0,111.0,,,171.0,1928523.0,5525852739.0,1941143.0,5562013261.0,0.0,0.0,0.0,0.0,0.0,0.0,163312.0,467943534.0,0.0,0.0,158122.0,453072728.0,96664.0,276975000.0,82617.0,236724000.0,117693.0,337229636.0,1086263.0,3112501839.0,45719.0,130998714.0,63086.0,180762287.0,16607.0,9022.0,,7585.0,86119.0,210728.0,877476.0,884114.0,,,,,
2022,Asia Pacific,Mongolian Red Cross Society,Mongolia,MNG,,3398366.0,17146471626.3963,,4260.0,,,,68.93,,1.0,1.0,19.0,703.0,,8298.0,12559.0,,,20857.0,60.0,111.0,,,171.0,3306517.0,9393514541.0,3306517.0,9393514541.0,0.0,0.0,0.0,0.0,355642.0,1010346905.0,156521.0,444661942.0,0.0,0.0,59480.0,168976970.0,0.0,0.0,601046.0,1707516500.0,628298.0,1784938673.0,1030148.0,2926556567.0,39925.0,113421940.0,180688.0,513319400.0,19555.0,10638.0,,8917.0,11380.0,107497.0,219928.0,87610.0,,,,,
2023,Asia Pacific,Mongolian Red Cross Society,Mongolia,MNG,,,,,,,,,,,1.0,1.0,18.0,703.0,31.0,,,,,28590.0,56.0,129.0,,,185.0,2675200.0,7600000000.0,2675200.0,7600000000.0,,,,,,,,,,,,,,,,,,,,,,,,,34255.0,,,,58590.0,195846.0,195846.0,313034.0,,,,,
2024,Asia Pacific,Mongolian Red Cross Society,Mongolia,MNG,,,,,,,,,,,0.0,1.0,26.0,703.0,31.0,,,,,27634.0,124.0,57.0,,,181.0,3719440.0,3719440.0,3719440.0,3719440.0,50.0,50.0,86050.0,86050.0,295777.0,295777.0,24071.0,24071.0,,,,,,,5262.0,5262.0,767752.0,767752.0,1652132.0,1652132.0,10884.0,10884.0,,,37631.0,,,,227398.0,227398.0,227398.0,16473.0,,,,,
2010,Africa,Mauritanian Red Crescent,Mauritania,MRT,DMR001,3419461.0,5628878797.9826,,1540.0,63.105,56.7,,46.588,586.0,,,,,,,,,,271.0,,,,,,0.0,,0.0,,,,,,,,,,,,,,,,,,0.0,,,,,,,,,,,,,,,,,,,,
2012,Africa,Mauritanian Red Crescent,Mauritania,MRT,DMR001,3636113.0,6728208836.2214,,1790.0,63.578,53.4,,48.4,558.0,,,,56.0,,276.0,297.0,,,573.0,,,,,45.0,1041436.0,341640000.0,804931.0,264055030.0,,,,,,,,,,,,,,,,,0.0,,,,,,,,,,,,45600.0,,,,,,,,
2013,Africa,Mauritanian Red Crescent,Mauritania,MRT,DMR001,3742959.0,7223071097.0842,,1890.0,63.911,51.9,62.07,49.306,534.0,,,,56.0,,,,,,740.0,,,,,23.0,42892.0,13940800.0,42892.0,13940800.0,,,,,,,,,,,,,,,,,0.0,,,,,,,,,,,,,,,,,,,,
2014,Africa,Mauritanian Red Crescent,Mauritania,MRT,DMR001,3843174.0,6592537781.8152,34.3,1790.0,64.155,50.5,,50.203,536.0,,,,56.0,,1400.0,2100.0,,,3500.0,15.0,5.0,,,20.0,255463.0,74000000.0,255463.0,74000000.0,,,,,,,,,,,,,,,,,0.0,,,,,,,,,,,,9836.0,,,,,,,,
2015,Africa,Mauritanian Red Crescent,Mauritania,MRT,DMR001,3946220.0,6166863896.6868,,1690.0,64.485,48.9,,51.089,510.0,,,,56.0,,1914.0,1566.0,,,3480.0,15.0,5.0,,,20.0,272765.0,82600000.0,272765.0,82600000.0,,,,,,,,,,,,,,,,,0.0,,,,,,,,,,,,9836.0,,,,,,,,
2016,Africa,Mauritanian Red Crescent,Mauritania,MRT,,4051890.0,6398747592.1319,,1560.0,64.768,47.4,,51.962,480.0,,,,56.0,,1974.0,2961.0,,,4935.0,15.0,5.0,,,20.0,973461.0,334752840.0,958921.0,329752840.0,0.0,0.0,11632.0,4000000.0,0.0,0.0,2297.0,789725.0,0.0,0.0,3717.0,1278200.0,5307.0,1825000.0,41259.0,14188188.0,708603.0,243673727.0,0.0,0.0,186112.0,64000000.0,0.0,0.0,155.0,62.0,,93.0,165681.0,165681.0,389538.0,0.0,,,,,
2017,Africa,Mauritanian Red Crescent,Mauritania,MRT,,4160015.0,6800135898.2883,,1570.0,65.083,46.0,,52.824,458.0,1.0,1.0,8.0,56.0,,1974.0,2961.0,,0.0,4935.0,15.0,5.0,,0.0,20.0,109862.0,39476270.0,85837.0,30843388.0,0.0,0.0,0.0,0.0,0.0,0.0,2449.0,880000.0,0.0,0.0,2505.0,900000.0,7414.0,2664000.0,52394.0,18826588.0,0.0,0.0,0.0,0.0,19036.0,6840000.0,0.0,0.0,125.0,50.0,0.0,75.0,1250.0,6720.0,16128.0,,,,,,
2018,Africa,Mauritanian Red Crescent,Mauritania,MRT,,4270712.0,7473550557.0738,,1710.0,65.31,44.6,,53.672,461.0,0.0,0.0,,,,,,,,6000.0,,,,,,,,,,,,,,,,,,,,,,,,,,,,,,,,,,535.0,,,,,11231.0,11231.0,2800.0,,,,,
2019,Africa,Mauritanian Red Crescent,Mauritania,MRT,,4383849.0,7894764885.8231,31.8,1750.0,65.687,43.2,,54.507,431.0,,,,,,,,,,,,,,,,,,,,,,,,,,,,,,,,,,,,,,,,,,,,,,,,,,,,,,,,
2020,Africa,Mauritanian Red Crescent,Mauritania,MRT,,4498604.0,8260752385.2309,,1760.0,64.532,41.8,,55.327,464.0,,,8.0,56.0,,1974.0,2961.0,,,4935.0,15.0,5.0,,,20.0,129486.0,52360000.0,115143.0,46560000.0,0.0,0.0,0.0,0.0,0.0,0.0,5935.0,2400000.0,0.0,0.0,1731.0,700000.0,1484.0,600000.0,3644.0,1473600.0,4451.0,1800000.0,102382.0,41400000.0,1138.0,460000.0,0.0,0.0,95.0,35.0,,60.0,225000.0,870000.0,2220000.0,157500.0,,,,,
2021,Africa,Mauritanian Red Crescent,Mauritania,MRT,,4614974.0,9222536364.0127,,1860.0,64.364,40.5,66.96,56.133,,,,,,,,,,,,,,,,,,,,,,,,,,,,,,,,,,,,,,,,,,,,,,,,,,,,,,,,,
2022,Africa,Mauritanian Red Crescent,Mauritania,MRT,,4736139.0,9780863578.9769,,2080.0,,,,56.923,,,,,,,,,,,,,,,,,,,,,,,,,,,,,,,,,,,,,,,,,,,,,,,,,,,,,,,,,
2023,Africa,Mauritanian Red Crescent,Mauritania,MRT,,,,,,,,,,,1.0,1.0,8.0,56.0,7.0,1925.0,3575.0,,,5500.0,12.0,7.0,,,19.0,17204.0,6738829.0,12449.0,4876376.0,,,,,,,,,,,,,260.0,102000.0,5097.0,1996388.0,613.0,240000.0,,,,,3384.0,1325441.0,546.0,79.0,,467.0,10800.0,405389.0,405389.0,18000.0,,,,,
2024,Africa,Mauritanian Red Crescent,Mauritania,MRT,,,,,,,,,,,,,,,,,,,,,,,,,,,,,,,,,,,,,,,,,,,,,,,,,,,,,,,,,,,,,,,,,,
2012,Europe and Central Asia,Malta Red Cross Society,Malta,MLT,DMT001,420028.0,9461776291.7991,15.8,22160.0,80.7463,6.8,,94.211,5.0,,,,3.0,,26.0,34.0,,,60.0,19.0,4.0,,,23.0,191035.0,158177.0,213678.0,176925.0,,,,,,,,,,,,,,,,,0.0,0.0,,,,,,,,,,,10.0,,,,,,,,
2013,Europe and Central Asia,Malta Red Cross Society,Malta,MLT,DMT001,425967.0,10551030596.7558,15.8,23370.0,81.7463,6.7,,94.279,4.0,,,,1.0,,26.0,34.0,,,60.0,,,,,5.0,303223.0,247339.0,228781.0,186617.0,,,,,,,,,,,,,,,,,0.0,,,,,,,,,,,,,,,,,,,,
2014,Europe and Central Asia,Malta Red Cross Society,Malta,MLT,DMT001,434558.0,11625848974.8051,16.6,24560.0,82.0463,6.7,,94.347,4.0,,,,1.0,,35.0,30.0,,,65.0,12.0,7.0,,,19.0,325388.0,270467.0,283331.0,235509.0,,,,,,,,,,,,,,,,,0.0,,,,,,,,,,,,20.0,,,,,,,,
2015,Europe and Central Asia,Malta Red Cross Society,Malta,MLT,DMT001,445053.0,11091483659.6156,16.5,25230.0,81.8976,6.6,,94.414,4.0,,,,1.0,,,,,,,45.0,35.0,,,80.0,0.0,,0.0,,,,,,,,,,,,,,,,,,0.0,,,,,,,,,,,,,,,,,,,,
2016,Europe and Central Asia,Malta Red Cross Society,Malta,MLT,,455356.0,11668015565.8082,16.7,23440.0,82.4537,6.5,,94.48,3.0,,,,1.0,,42.0,39.0,,,81.0,17.0,9.0,,,26.0,627595.0,536577.0,619433.0,529599.0,,,,,,,,,,,,,,,,,,,,,,,,,3490.0,1708.0,,1782.0,0.0,0.0,0.0,0.0,,,,,
2017,Europe and Central Asia,Malta Red Cross Society,Malta,MLT,,467999.0,13484541925.7714,16.8,24660.0,82.3463,6.4,,94.546,4.0,1.0,1.0,6.0,1.0,,46.0,55.0,,0.0,101.0,17.0,9.0,,0.0,26.0,608603.0,548326.0,596999.0,537871.0,38694.0,34862.0,,,26638.0,24000.0,,,,,,,447252.0,402955.0,6882.0,6200.0,,,,,15262.0,13750.0,14804.0,13338.0,4432.0,2206.0,0.0,2226.0,0.0,0.0,0.0,0.0,,,,,
2018,Europe and Central Asia,Malta Red Cross Society,Malta,MLT,,484630.0,15404393365.2073,17.1,27610.0,82.4488,6.3,,94.612,4.0,1.0,1.0,6.0,1.0,,57.0,59.0,,,116.0,15.0,16.0,,,31.0,1040782.0,923555.0,944022.0,837694.0,54858.0,48679.0,,,,,,,,,,,918922.0,815421.0,22972.0,20385.0,8993.0,7980.0,,,19964.0,17715.0,9331.0,8280.0,4049.0,2049.0,,2000.0,0.0,0.0,0.0,0.0,,,,,
2019,Europe and Central Asia,Malta Red Cross Society,Malta,MLT,,504062.0,15992378640.0553,16.9,29330.0,82.8585,6.1,,94.678,4.0,,,6.0,1.0,,62.0,64.0,,,126.0,19.0,10.0,,,29.0,1498595.0,1374969.0,1160711.0,1064958.0,37175.0,34108.0,186199.0,170839.0,1838.0,1686.0,,,,,,,124930.0,114624.0,31083.0,28519.0,362.0,332.0,,,30554.0,28033.0,21315.0,19557.0,4129.0,,4129.0,,,,,,,,,,
2020,Europe and Central Asia,Malta Red Cross Society,Malta,MLT,,515332.0,15252609039.0749,16.9,26480.0,82.3488,6.0,,94.744,3.0,,,,1.0,,,,,,,,,,,,,,,,,,,,,,,,,,,,,,,,,,,,,,,,,,,,,,,,,,,,
2021,Europe and Central Asia,Malta Red Cross Society,Malta,MLT,,518536.0,18087205251.3605,16.7,30770.0,82.861,5.8,94.94,94.81,,,,,,,,,,,,,,,,,,,,,,,,,,,,,,,,,,,,,,,,,,,,,,,,,,,,,,,,,
2022,Europe and Central Asia,Malta Red Cross Society,Malta,MLT,,531113.0,18125564514.2664,,32860.0,,,,94.875,,,,,,,,,,,,,,,,,,,,,,,,,,,,,,,,,,,,,,,,,,,,,,,,,,,,,,,,,
2023,Europe and Central Asia,Malta Red Cross Society,Malta,MLT,,,,,,,,,,,0.0,0.0,5.0,1.0,0.0,,,,,133.0,,,,,62.0,,,,,,,,,,,,,,,,,,,,,,,,,,,,,2957.0,,,,,,,,,,,,
2024,Europe and Central Asia,Malta Red Cross Society,Malta,MLT,,,,,,,,,,,,,,,,,,,,,,,,,,,,,,,,,,,,,,,,,,,,,,,,,,,,,,,,,,,,,,,,,,
2012,Africa,Mauritius Red Cross Society,Mauritius,MUS,DMU001,1255882.0,11668696396.7887,7.9,9550.0,73.8634,14.9,91.77,41.332,47.0,,,,6.0,,183.0,222.0,,,405.0,8.0,16.0,,,24.0,291124.0,9405789.0,214059.0,6915911.0,,,,,,,,,,,,,,,,,173682.0,5611418.0,,,,,,,,,,,35.0,,,,,,,,
2013,Africa,Mauritius Red Cross Society,Mauritius,MUS,DMU001,1258927.0,12292974141.4044,,10090.0,74.0171,14.9,91.49,41.222,48.0,,,,5.0,,80.0,38.0,,,118.0,,,,,19.0,212292.0,6961836.0,210168.0,6892202.0,,,,,,,,,,,,,,,,,11588.0,380000.0,,,,,,,,,,,350.0,,,,,,,,
2014,Africa,Mauritius Red Cross Society,Mauritius,MUS,DMU001,1261208.0,13074129952.0532,,10460.0,74.1944,14.8,92.47,41.111,51.0,,,,6.0,,157.0,154.0,,,311.0,15.0,5.0,,,20.0,167262.0,5144369.0,246280.0,7574655.0,,,,,,,,,,,,,,,,,0.0,,,,,,,,,,,,110.0,,,,,,,,
2015,Africa,Mauritius Red Cross Society,Mauritius,MUS,DMU001,1262879.0,12007291045.6489,,10410.0,74.3532,14.6,92.71,41.0,57.0,,,,9.0,,136.0,145.0,,,281.0,9.0,8.0,,,17.0,211765.0,7400396.0,216831.0,7577451.0,,,,,,,,,,,,,,,,,0.0,,,,,,,,,,,,,,,,,,,,
2016,Africa,Mauritius Red Cross Society,Mauritius,MUS,,1263747.0,12594155464.4136,,10270.0,74.3949,14.6,93.16,40.91,52.0,,,,6.0,,104.0,278.0,,,382.0,7.0,10.0,,,17.0,241234.0,8429146.0,224557.0,7846424.0,5245.0,183274.0,0.0,0.0,1431.0,50000.0,20033.0,700000.0,0.0,0.0,0.0,0.0,90743.0,3170709.0,0.0,0.0,71017.0,2481461.0,1431.0,50000.0,11305.0,395000.0,1804.0,63052.0,625.0,407.0,,218.0,0.0,2485.0,2485.0,0.0,,,,,
2017,Africa,Mauritius Red Cross Society,Mauritius,MUS,,1264887.0,13713506130.6081,10.3,10560.0,74.5146,14.9,,40.841,46.0,1.0,1.0,14.0,6.0,,137.0,185.0,,0.0,322.0,5.0,5.0,,0.0,10.0,,,,,,,,,,,,,,,,,,,,,,,,,,,,,,,,,,1975.0,1975.0,0.0,,,,,
2018,Africa,Mauritius Red Cross Society,Mauritius,MUS,,1265577.0,14735695930.9727,,11910.0,74.4163,15.4,,40.793,50.0,1.0,1.0,14.0,5.0,,60.0,89.0,,,149.0,5.0,5.0,,,10.0,147549.0,5061207.0,130569.0,4478738.0,5565.0,190894.0,,,,,,,,,,,51290.0,1759347.0,47775.0,1638774.0,,,,,,,,,1652.0,739.0,,913.0,438.0,1515.0,1515.0,0.0,,,,,
2019,Africa,Mauritius Red Cross Society,Mauritius,MUS,,1265985.0,14436346979.6355,,12440.0,74.2359,15.9,,40.766,49.0,,,8.0,4.0,,65.0,97.0,,,162.0,4.0,5.0,,,9.0,213606.0,7726196.0,201588.0,7291479.0,1521.0,55000.0,2212.0,80000.0,0.0,0.0,0.0,0.0,0.0,0.0,0.0,0.0,57634.0,2084624.0,18743.0,677943.0,13083.0,473226.0,0.0,0.0,4039.0,146100.0,75637.0,2735804.0,966.0,415.0,,551.0,115.0,839.0,839.0,,,,,,
2020,Africa,Mauritius Red Cross Society,Mauritius,MUS,,1266014.0,11408106446.3144,,10220.0,74.1771,16.3,,40.76,84.0,,,8.0,2.0,,69.0,76.0,,,145.0,4.0,3.0,,,7.0,202992.0,8531212.0,200530.0,8427747.0,1256.0,52800.0,,,,,,,,,,,4899.0,205890.0,31074.0,1305974.0,,,116225.0,4884628.0,,,,,804.0,247.0,,557.0,62.0,379.0,379.0,,,,,,
2021,Africa,Mauritius Red Cross Society,Mauritius,MUS,,1266334.0,11484357947.9086,,10280.0,73.6802,16.6,92.15,40.775,,1.0,1.0,8.0,3.0,,63.0,70.0,,,133.0,5.0,4.0,,,9.0,,,,,,,,,,,,,,,,,,,,,,,,,,,,,191.0,105.0,,86.0,379.0,,,,,,,,
2022,Africa,Mauritius Red Cross Society,Mauritius,MUS,,1262523.0,12948726653.811,,10360.0,,,,40.81,,1.0,1.0,8.0,3.0,,59.0,67.0,,,126.0,4.0,5.0,,,9.0,158047.0,7307189.0,144384.0,6675504.0,,,,,,,68123.0,3149600.0,,,,,2163.0,100000.0,15797.0,730356.0,,,,,,,21542.0,996000.0,408.0,214.0,,194.0,,547.0,547.0,,,,,,
2023,Africa,Mauritius Red Cross Society,Mauritius,MUS,,,,,,,,,,,1.0,1.0,8.0,5.0,5.0,65.0,77.0,,,142.0,4.0,5.0,,,9.0,176405.0,9000734.0,122837.0,6267532.0,,,,,2352.0,120000.0,,,,,,,29879.0,1524497.0,2352.0,120030.0,29229.0,1491341.0,,,,,74472.0,3799800.0,682.0,298.0,,384.0,,634.0,984.0,,,,,,
2024,Africa,Mauritius Red Cross Society,Mauritius,MUS,,,,,,,,,,,0.0,1.0,12.0,5.0,4.0,,,,,110.0,,,,,9.0,293413.0,14943112.0,263355.0,13412313.0,309.0,15750.0,,,,,,,,,,,2160.0,110000.0,25349.0,1290976.0,65167.0,3318881.0,157764.0,8034728.0,,,652.0,33205.0,542.0,244.0,,298.0,0.0,535.0,535.0,,,,,,
2011,Asia Pacific,Maldivian Red Crescent,Maldives,MDV,DMV001,374440.0,2774350237.7974,,6690.0,78.124,12.9,,36.849,60.0,,,,10.0,,,,,,100.0,,,,,25.0,767807.0,12431637.0,756270.0,12244847.0,,,,,,,,,,,,,,,,,0.0,,,,,,,,,,,,,,,,,,,,
2012,Asia Pacific,Maldivian Red Crescent,Maldives,MDV,DMV001,387539.0,2886163995.9967,,6790.0,78.682,12.1,,37.267,52.0,,,,20.0,,,,,,113.0,,,,,28.0,910937.0,15171562.0,925880.0,15420439.0,,,,,,,,,,,,,,,,,0.0,,,,,,,,,,,,,,,,,,,,
2013,Asia Pacific,Maldivian Red Crescent,Maldives,MDV,DMV001,400728.0,3295009236.5566,,7040.0,79.057,11.3,,37.685,49.0,,,,30.0,,,,,,78.0,,,,,32.0,1054058.0,18031775.0,979348.0,16753706.0,,,,,,,,,,,,,,,,,0.0,,,,,,,,,,,,,,,,,,,,
2014,Asia Pacific,Maldivian Red Crescent,Maldives,MDV,DMV001,416738.0,3697353036.5865,,7660.0,79.424,10.5,98.61,38.106,56.0,,,,20.0,,,,,,1065.0,20.0,25.0,,,45.0,1666082.0,25337271.0,1378427.0,20962704.0,,,,,,,,,,,,,,,,,0.0,,,,,,,,,,,,30675.0,,,,,,,,
2015,Asia Pacific,Maldivian Red Crescent,Maldives,MDV,DMV001,435582.0,4129505319.8187,,8070.0,79.695,9.8,,38.529,57.0,,,,20.0,,,,,,333.0,,,,,34.0,1296344.0,19586587.0,1225176.0,18511308.0,,,,,,,,,,,,,,,,,0.0,,,,,,,,,,,,,,,,,,,,
2016,Asia Pacific,Maldivian Red Crescent,Maldives,MDV,,454252.0,4409942623.3867,,8530.0,79.872,9.0,97.73,38.954,51.0,,,,20.0,,768.0,708.0,,,1476.0,4.0,10.0,,,14.0,894512.0,13182891.0,871902.0,12849673.0,,,,,,,,,,,22579.0,332765.0,,,53824.0,793234.0,199266.0,2936689.0,575313.0,8478694.0,19065.0,280977.0,24464.0,360532.0,8763.0,,,,16000.0,4000.0,4000.0,0.0,,,,,
2017,Asia Pacific,Maldivian Red Crescent,Maldives,MDV,,472442.0,4816426259.5137,,9120.0,79.943,8.3,,39.38,46.0,1.0,1.0,11.0,20.0,,804.0,1001.0,,0.0,1805.0,5.0,10.0,,0.0,15.0,960195.0,15127369.0,608155.0,9581161.0,1045.0,16465.0,,,13665.0,215291.0,25278.0,398240.0,,,,,45855.0,722429.0,27390.0,431523.0,100887.0,1589423.0,577169.0,9092999.0,86887.0,1368857.0,82017.0,1292142.0,1272.0,382.0,,890.0,136.0,12956.0,12956.0,0.0,,,,,
2018,Asia Pacific,Maldivian Red Crescent,Maldives,MDV,,489758.0,5404344159.4996,,9880.0,80.013,7.6,,39.808,49.0,1.0,1.0,10.0,20.0,,635.0,333.0,,,968.0,6.0,10.0,,,16.0,835156.0,13028143.0,710034.0,11076285.0,6850.0,106860.0,,,11300.0,176270.0,,,,,,,,,70403.0,1098268.0,46054.0,718433.0,146837.0,2290603.0,263952.0,4117566.0,289759.0,4520143.0,546.0,,,,10106.0,4477.0,4477.0,0.0,,,,,
2019,Asia Pacific,Maldivian Red Crescent,Maldives,MDV,,504508.0,5726094797.6749,5.4,10400.0,80.116,7.0,,40.238,50.0,,,10.0,20.0,,498.0,408.0,,,906.0,6.0,11.0,,,17.0,462177.0,7178329.0,748088.0,11618975.0,,,7485.0,116250.0,,,17043.0,264700.0,,,,,,,126010.0,1957139.0,39323.0,610749.0,30918.0,480206.0,167800.0,2606194.0,73598.0,1143091.0,1417.0,,1417.0,,2703.0,519.0,519.0,,,,,,
2020,Asia Pacific,Maldivian Red Crescent,Maldives,MDV,,514438.0,3712604580.3208,,6890.0,79.875,6.4,,40.669,57.0,,,8.0,20.0,,558.0,448.0,,,1006.0,8.0,12.0,,,20.0,730128.0,12105053.0,786876.0,13045889.0,26045.0,431812.0,9361.0,155204.0,,,36534.0,605718.0,,,,,,,40565.0,672538.0,37003.0,613478.0,197151.0,3268629.0,143562.0,2380167.0,76580.0,1269641.0,143.0,36.0,,107.0,23715.0,6988.0,6988.0,73710.0,,,,,
2021,Asia Pacific,Maldivian Red Crescent,Maldives,MDV,,521457.0,5254366310.448,,9350.0,79.918,6.0,97.86,41.102,,1.0,1.0,11.0,20.0,,508.0,598.0,,,1106.0,7.0,12.0,,,19.0,824134.0,13680836.0,852501.0,14151745.0,6316.0,104848.0,0.0,0.0,0.0,0.0,95290.0,1581836.0,0.0,0.0,17069.0,283349.0,27642.0,458865.0,41370.0,686760.0,15878.0,263574.0,242832.0,4031072.0,174540.0,2897409.0,63031.0,1046339.0,289.0,84.0,,205.0,15736.0,9355.0,9355.0,5379.0,,,,,
2022,Asia Pacific,Maldivian Red Crescent,Maldives,MDV,,523787.0,6170638746.965,,10880.0,,,,41.536,,1.0,1.0,11.0,5.0,,538.0,681.0,,,1219.0,7.0,12.0,,,19.0,715946.0,11873264.0,819006.0,13582420.0,4038.0,66963.0,,,,,177691.0,2946836.0,,,,,46980.0,779116.0,29527.0,489671.0,12095.0,200592.0,137067.0,2273125.0,98344.0,1630941.0,29307.0,486020.0,909.0,354.0,,555.0,4578.0,8355.0,8355.0,2741.0,,,,,
2023,Asia Pacific,Maldivian Red Crescent,Maldives,MDV,,,,,,,,,,,1.0,1.0,9.0,5.0,0.0,568.0,638.0,,,1206.0,5.0,14.0,,,19.0,651418.0,11808529.0,713426.0,12932588.0,24170.0,438138.0,,,,,159412.0,2889734.0,,,,,44957.0,814962.0,32003.0,580141.0,5479.0,99315.0,27830.0,504486.0,178499.0,3235733.0,13572.0,246020.0,843.0,289.0,,554.0,2748.0,7258.0,43550.0,13282.0,,,,,
2024,Asia Pacific,Maldivian Red Crescent,Maldives,MDV,,,,,,,,,,,1.0,1.0,9.0,8.0,0.0,628.0,678.0,,,1306.0,13.0,19.0,,,32.0,949644.0,16051104.0,966231.0,16331461.0,17849.0,301693.0,,,,,213552.0,3609508.0,,,,,49790.0,841569.0,41025.0,693406.0,92073.0,1556243.0,135751.0,2294491.0,191641.0,3239158.0,30471.0,515036.0,913.0,411.0,,502.0,7395.0,13915.0,83488.0,3384.0,,,,,
2009,Africa,Malawi Red Cross Society,Malawi,MWI,DMW001,14128161.0,6191127665.1963,,410.0,53.888,89.8,,15.429,466.0,,,,28.0,,,,,,40000.0,,,,,122.0,4722136.0,654162260.0,4444945.0,615762648.0,,,,,,,,,,,,,,,,,4230600.0,586069231.0,,,,,,,,,,,4680.0,,,,,,,,
2010,Africa,Malawi Red Cross Society,Malawi,MWI,DMW001,14718422.0,10128323010.6049,50.7,650.0,56.381,83.0,61.31,15.544,513.0,,,,,,,,,,2125.0,,,,,,0.0,,0.0,,,,,,,,,,,,,,,,,,0.0,,,,,,,,,,,,,,,,,,,,
2012,Africa,Malawi Red Cross Society,Malawi,MWI,DMW001,15581251.0,8773203178.1651,,660.0,58.679,70.5,,15.812,502.0,,,,32.0,,14000.0,16000.0,,,30000.0,84.0,37.0,,,121.0,2884788.0,1011000000.0,2693040.0,943800000.0,,,,,,,,,,,,,,,,,25055362.0,8780876427.0,,,,,,,,,,,11141.0,,,,,,,,
2013,Africa,Malawi Red Cross Society,Malawi,MWI,DMW001,16024775.0,8031571927.6206,,590.0,59.729,64.5,,15.966,473.0,,,,33.0,,1400.0,1600.0,,,3000.0,85.0,40.0,,,125.0,1784121.0,2000000.0,1605709.0,1800000.0,,,,,,,,,,,,,,,,,0.0,,,,,,,,,,,,40000.0,,,,,,,,
2014,Africa,Malawi Red Cross Society,Malawi,MWI,DMW001,16477966.0,8801326169.1455,,540.0,60.899,59.8,65.15,16.132,442.0,,,,33.0,,11555.0,19845.0,,,31400.0,103.0,37.0,,,140.0,0.0,,0.0,,,,,,,,,,,,,,,,,,3925246.0,1845057647.0,,,,,,,,,,,220000.0,,,,,,,,
2015,Africa,Malawi Red Cross Society,Malawi,MWI,DMW001,16938942.0,9219474379.3153,,510.0,61.378,56.6,62.14,16.313,445.0,,,,33.0,,11790.0,20528.0,,,32318.0,122.0,37.0,,,159.0,815854.0,523452936.0,950295.0,609710027.0,,,,,,,,,,,,,,,,,0.0,,,,,,,,,,,,220200.0,,,,,,,,
2016,Africa,Malawi Red Cross Society,Malawi,MWI,,17405624.0,7909868618.4637,51.5,500.0,62.209,53.5,,16.506,430.0,,,,33.0,,29905.0,31133.0,,,61038.0,131.0,49.0,,,180.0,,,,,,,,,,,,,,,,,,,,,,,,,,,,,1540.0,1066.0,,474.0,164583.0,218154.0,218154.0,,,,,,
2017,Africa,Malawi Red Cross Society,Malawi,MWI,,17881167.0,8943543677.189,,480.0,62.977,50.7,,16.714,375.0,1.0,1.0,14.0,33.0,,37536.0,34941.0,,0.0,72477.0,113.0,33.0,,0.0,146.0,4034692.0,2962329285.0,3511325.0,2578065447.0,0.0,0.0,0.0,0.0,0.0,0.0,994515.0,730187162.0,0.0,0.0,0.0,0.0,0.0,0.0,88487.0,64968736.0,2789044.0,2047755964.0,123449.0,90637831.0,39198.0,28779592.0,0.0,0.0,2005.0,1103.0,,902.0,72000.0,72000.0,468000.0,163665.0,,,,,
2018,Africa,Malawi Red Cross Society,Malawi,MWI,,18367883.0,9880675785.9306,,500.0,63.276,47.8,,16.937,392.0,1.0,1.0,13.0,33.0,,38278.0,38084.0,,,76362.0,126.0,51.0,,0.0,177.0,4134555.0,3024546575.0,3755897.0,2747547313.0,,,,,,,369933.0,270616981.0,,,,,,,556057.0,406771764.0,3118067.0,2280955929.0,59819.0,43759288.0,30679.0,22442613.0,,,4973.0,3320.0,0.0,1653.0,37913.0,338865.0,338865.0,359525.0,,,,,
2019,Africa,Malawi Red Cross Society,Malawi,MWI,,18867337.0,11025371147.1876,50.7,550.0,64.119,45.6,,17.174,370.0,,,13.0,33.0,,39618.0,35421.0,,0.0,75039.0,182.0,73.0,,0.0,255.0,,4949909134.0,,4101306550.0,,,,118832365.0,,,,718169569.0,,,,,,,,208884319.0,,3307101519.0,,160570763.0,,29757648.0,,176292950.0,11421.0,4797.0,0.0,6624.0,46198.0,321203.0,321203.0,495000.0,,,,,
2020,Africa,Malawi Red Cross Society,Malawi,MWI,,19377061.0,12056108778.3125,,580.0,63.717,43.5,,17.427,381.0,,,,,,,,,,,,,,,,,,,,,,,,,,,,,,,,,,,,,,,,,,,,,,,,,,,,,,,,
2021,Africa,Malawi Red Cross Society,Malawi,MWI,,19889742.0,12602334121.6286,,620.0,62.904,41.9,,17.695,,1.0,1.0,21.0,594.0,,33686.0,36127.0,,,69813.0,171.0,89.0,,,260.0,9989018.0,8785415647.0,8769938.0,7713226103.0,1363.0,1198675.0,,,,,734061.0,645611784.0,,,,,,,341813.0,300626778.0,,,8518752.0,7492305938.0,,,,,13418.0,6461.0,,6957.0,422630.0,772350.0,2575739.0,4315805.0,,,,,
2022,Africa,Malawi Red Cross Society,Malawi,MWI,,20405317.0,13164667626.9363,,640.0,,,68.08,17.98,,1.0,1.0,21.0,1824.0,,41841.0,43976.0,,,85817.0,195.0,102.0,,,297.0,9631031.0,10606861952.0,9624247.0,10599391190.0,1133.0,1247350.0,,,,,515028.0,567211089.0,,,,,,,273175.0,300853000.0,6893947.0,7592452735.0,1248511.0,1375011778.0,373824.0,411700000.0,,,13395.0,6708.0,,6687.0,2675729.0,2675729.0,8675729.0,8922631.0,,,,,
2023,Africa,Malawi Red Cross Society,Malawi,MWI,,,,,,,,,,,1.0,1.0,21.0,1824.0,33.0,41841.0,43976.0,,,85817.0,202.0,108.0,,,310.0,6242657.0,12435570998.0,5541153.0,11038152429.0,664375.0,1323456458.0,,,,,1109731.0,2210619912.0,,,,,,,506352.0,1008670134.0,2332234.0,4645884595.0,1302047.0,2593720098.0,12911.0,25719807.0,,,8108.0,4473.0,,3635.0,2236375.0,2236375.0,8236375.0,8922631.0,,,,,
2024,Africa,Malawi Red Cross Society,Malawi,MWI,,,,,,,,,,,0.0,1.0,15.0,2150.0,33.0,,,,,85600.0,,,,,272.0,5004523.0,5004523.0,4085922.0,4085922.0,,,,,,,148104.0,148104.0,469080.0,469080.0,,,,,106804.0,106804.0,2075384.0,2075384.0,1392463.0,1392463.0,25759.0,25759.0,,,2106.0,1257.0,,849.0,27669.0,3103410.0,9313410.0,3723405.0,,,,,
2009,Americas,Mexican Red Cross,Mexico,MEX,DMX001,112463886.0,900045350649.351,,8820.0,75.128,19.8,93.44,77.52,51.0,,,,454.0,,,,,,16429.0,,,,,5612.0,21331093.0,268232098.0,20877293.0,262525697.0,,,,,,,,,,,,,,,,,1416232.0,17808694.0,,,,,,,,,,,100000.0,,,,,,,,
2012,Americas,Mexican Red Cross,Mexico,MEX,DMX001,115755909.0,1255110424741.85,,10590.0,74.574,17.9,94.23,78.405,49.0,,,,528.0,,23895.0,18989.0,,,42884.0,,,,,5773.0,20288717.0,288779453.0,20615951.0,293437132.0,,,,,,,,,,,,,,,,,0.0,,,,,,,,,,,,,,,,,,,,
2013,Americas,Mexican Red Cross,Mexico,MEX,DMX001,117290686.0,1327436290360.97,,10810.0,74.739,17.3,93.96,78.699,49.0,,,,532.0,,16239.0,16254.0,,,32493.0,4811.0,4462.0,,,9273.0,30694199.0,449049999.0,29651298.0,433792560.0,,,,,,,,,,,,,,,,,0.0,,,,,,,,,,,,,,,,,,,,
2014,Americas,Mexican Red Cross,Mexico,MEX,DMX001,118755887.0,1364507717463.67,,11050.0,74.797,16.8,94.56,78.993,50.0,,,,536.0,,17109.0,17105.0,,,34214.0,4918.0,3374.0,,,8292.0,22422895.0,333993496.0,25059305.0,373263359.0,,,,,,,,,,,,,,,,,634321.0,9448331.0,,,,,,,,,,,,,,,,,,,
2015,Americas,Mexican Red Cross,Mexico,MEX,DMX001,120149897.0,1213294467527.59,,10660.0,74.682,16.2,94.47,79.285,52.0,,,,555.0,,15468.0,14733.0,,,30201.0,4843.0,4377.0,,,9220.0,20043691.0,348774253.0,21054236.0,366358454.0,,,,,,,,,,,,,,,,,685498.0,11928145.0,,,,,,,,,,,,,,,,,,,
2016,Americas,Mexican Red Cross,Mexico,MEX,,121519221.0,1112233497399.12,43.6,9800.0,74.412,15.7,94.86,79.577,49.0,,,,554.0,,14295.0,18518.0,,,32813.0,5168.0,4708.0,,,9876.0,16265291.0,328167432.0,17868908.0,360521909.0,6172479.0,124535527.0,2089812.0,42163918.0,1248076.0,25181095.0,0.0,0.0,0.0,0.0,0.0,0.0,2610039.0,52659967.0,2793754.0,56366605.0,0.0,0.0,34567.0,697427.0,0.0,0.0,1019609.0,20571568.0,58953.0,27825.0,,31128.0,7192.0,28192.0,35384.0,0.0,,,,,
2017,Americas,Mexican Red Cross,Mexico,MEX,,122839258.0,1190721475958.84,,9310.0,74.138,15.2,94.97,79.867,52.0,1.0,1.0,27.0,549.0,,20542.0,24572.0,,0.0,45114.0,5168.0,4708.0,,0.0,9876.0,41371895.0,833875427.0,20614308.0,415493772.0,11767672.0,237184512.0,18364407.0,370145671.0,1215543.0,24500000.0,,,,,,,2237992.0,45108069.0,1372934.0,27672310.0,4557977.0,91868763.0,500585.0,10089600.0,314177.0,6332433.0,832236.0,16774223.0,63368.0,35887.0,0.0,27481.0,1387000.0,13000.0,30788.0,9456.0,,,,,
2018,Americas,Mexican Red Cross,Mexico,MEX,,124013861.0,1256300182983.65,41.9,9610.0,74.015,14.7,95.38,80.156,56.0,1.0,1.0,26.0,549.0,,18390.0,17807.0,,0.0,36197.0,5171.0,4957.0,,0.0,10128.0,18687686.0,372843989.0,20507340.0,409148470.0,1512063.0,30167660.0,5545693.0,110643884.0,1475969.0,29447520.0,0.0,0.0,0.0,0.0,0.0,0.0,2273146.0,45352267.0,712122.0,14207770.0,3179612.0,63437453.0,358123.0,7145017.0,358123.0,7145017.0,3127321.0,62394181.0,49043.0,26917.0,0.0,22126.0,1239.0,303766.0,303766.0,2364.0,,,,,
2019,Americas,Mexican Red Cross,Mexico,MEX,,125085311.0,1305212479961.59,,9930.0,74.202,14.2,,80.444,58.0,,,24.0,550.0,,25978.0,21159.0,,184.0,47321.0,4691.0,4471.0,,,9162.0,10051639.0,193893615.0,15393102.0,296929102.0,671024.0,12943894.0,1539346.0,29693599.0,1052372.0,20300000.0,,,,,598730.0,11549360.0,1250832.0,24128241.0,1652105.0,31868686.0,1234415.0,23811558.0,49950.0,963530.0,273551.0,5276722.0,1393091.0,26872388.0,30402.0,16245.0,180.0,13977.0,,36481.0,36481.0,22225.0,,,,,
2020,Americas,Mexican Red Cross,Mexico,MEX,,125998302.0,1120741118380.27,43.9,8960.0,70.133,13.7,95.25,80.731,59.0,,,24.0,555.0,,21230.0,17292.0,,147.0,38669.0,4610.0,4732.0,,,9342.0,20869453.0,489479610.0,18002532.0,422237828.0,1160984.0,27230123.0,6916780.0,162228625.0,4882095.0,114506402.0,,,,,196427.0,4607063.0,497467.0,11667762.0,1089423.0,25551728.0,2565692.0,60176668.0,181152.0,4248800.0,291185.0,6829565.0,2167602.0,50839719.0,17891.0,9407.0,3.0,8481.0,5320.0,27067.0,27067.0,85614.0,,,,,
2021,Americas,Mexican Red Cross,Mexico,MEX,,126705138.0,1312557512901.28,,9920.0,70.213,13.2,,81.016,,1.0,1.0,25.0,557.0,,21339.0,17321.0,,147.0,38807.0,4427.0,4481.0,,,8908.0,15830453.0,350471639.0,15659413.0,346684950.0,1359061.0,30088358.0,4351128.0,96329967.0,1731471.0,38333182.0,0.0,0.0,0.0,0.0,0.0,0.0,718786.0,15913250.0,677966.0,15009537.0,3822342.0,84623136.0,804664.0,17814528.0,268626.0,5947127.0,2029734.0,44936428.0,58329.0,26404.0,,31925.0,,186784.0,186784.0,33546.0,,,,,
2022,Americas,Mexican Red Cross,Mexico,MEX,,127504125.0,1465854089286.47,36.3,10820.0,,,,81.3,,0.0,1.0,23.0,554.0,,,,,,39904.0,3868.0,4256.0,,,8124.0,12564323.0,279461792.0,14056096.0,312642547.0,1653926.0,36787436.0,3879671.0,86293525.0,928403.0,20650000.0,,,,,548952.0,12210054.0,802638.0,17852658.0,347448.0,7728115.0,1177000.0,26179408.0,574256.0,12772892.0,373889.0,8316216.0,2221941.0,49421488.0,66180.0,35135.0,,31045.0,73065.0,124419.0,124419.0,11791.0,,,,,
2023,Americas,Mexican Red Cross,Mexico,MEX,,,,,,,,,,,1.0,1.0,23.0,553.0,553.0,,,,,38406.0,3140.0,3590.0,,,6730.0,15773884.0,317938530.0,14780135.0,297908503.0,2359733.0,47562790.0,8129380.0,163855849.0,23343.0,470500.0,,,,,,,1182262.0,23829688.0,659026.0,13283335.0,516424.0,10409050.0,1326169.0,26730272.0,208845.0,4209484.0,1065642.0,21479092.0,61505.0,30805.0,227.0,30473.0,,95836.0,95836.0,11568.0,,,,,
2024,Americas,Mexican Red Cross,Mexico,MEX,,,,,,,,,,,1.0,1.0,24.0,468.0,297.0,17093.0,17791.0,,,34884.0,,,,,17025.0,13802617.0,310841168.0,17492633.0,393941970.0,1380123.0,31080999.0,5125060.0,115418651.0,548801.0,12359250.0,,,,,464346.0,10457283.0,1345671.0,30305122.0,298429.0,6720750.0,840181.0,18921256.0,860834.0,19386367.0,299801.0,6751658.0,1753646.0,39492904.0,40926.0,22699.0,13.0,18214.0,97722.0,58958.0,58958.0,7671.0,,,,,
2009,Asia Pacific,Malaysian Red Crescent Society,Malaysia,MYS,DMY001,27735038.0,202257625195.063,,7600.0,74.305,8.1,,70.075,29.0,,,,163.0,,,,,,5000.0,,,,,249.0,2648697.0,8785464.0,3762232.0,12478948.0,,,,,,,,,,,,,,,,,0.0,,,,,,,,,,,,24869.0,,,,,,,,
2012,Asia Pacific,Malaysian Red Crescent Society,Malaysia,MYS,DMY001,29660212.0,314443047642.111,,9980.0,74.944,8.1,,72.275,24.0,,,,164.0,,12000.0,18000.0,,,30000.0,,,,,,1467435.0,4911946.0,1065637.0,3567006.0,,,,,,,,,,,,,,,,,0.0,,,,,,,,,,,,,,,,,,,,
2013,Asia Pacific,Malaysian Red Crescent Society,Malaysia,MYS,DMY001,30134807.0,323276235524.415,,10600.0,75.035,8.1,,72.93,23.0,,,,166.0,,196.0,79.0,,,275.0,56.0,29.0,,,85.0,802678.0,2957787.0,711667.0,2622423.0,,,,,,,,,,,,,,,,,0.0,,,,,,,,,,,,55200.0,,,,,,,,
2014,Asia Pacific,Malaysian Red Crescent Society,Malaysia,MYS,DMY001,30606459.0,338066095097.254,,10870.0,75.146,8.1,,73.577,23.0,,,,166.0,,4000.0,2000.0,,,6000.0,54.0,27.0,,,81.0,2376819.0,8414748.0,3450974.0,12217621.0,,,,,,,,,,,,,,,,,0.0,0.0,,,,,,,,,,,3000.0,,,,,,,,
2015,Asia Pacific,Malaysian Red Crescent Society,Malaysia,MYS,DMY001,31068833.0,301355266964.947,,10400.0,75.094,8.2,,74.213,22.0,,,,166.0,,400.0,300.0,,,700.0,56.0,28.0,,,84.0,2846162.0,12328235.0,1779895.0,7709669.0,,,,,,,,,,,,,,,,,8080.0,35000.0,,,,,,,,,,,,,,,,,,,
2016,Asia Pacific,Malaysian Red Crescent Society,Malaysia,MYS,,31526418.0,301256033870.334,,9880.0,75.289,8.2,,74.84,22.0,,,,150.0,,3060.0,1510.0,,,4570.0,67.0,25.0,,,92.0,1389177.0,6071658.0,1831035.0,8002881.0,15186.0,66374.0,188568.0,824173.0,,,,,,,,,,,468930.0,2049545.0,,,,,,,175767.0,768223.0,14383.0,,,,14000.0,5000.0,8000.0,4000.0,,,,,
2017,Asia Pacific,Malaysian Red Crescent Society,Malaysia,MYS,,31975806.0,319109094160.343,,9680.0,75.476,8.1,,75.447,22.0,1.0,1.0,25.0,151.0,,4260.0,2410.0,,,6670.0,63.0,24.0,,0.0,87.0,1601606.0,6655637.0,1891025.0,7858346.0,0.0,0.0,510102.0,2119781.0,0.0,0.0,0.0,0.0,0.0,0.0,0.0,0.0,0.0,0.0,589676.0,2450458.0,0.0,0.0,67099.0,278837.0,0.0,0.0,73771.0,306561.0,14611.0,6986.0,0.0,7625.0,1886.0,3338.0,3338.0,2170.0,,,,,
2018,Asia Pacific,Malaysian Red Crescent Society,Malaysia,MYS,,32399271.0,358788845712.53,,10360.0,75.644,8.0,,76.036,22.0,1.0,1.0,20.0,735.0,,3820.0,2120.0,,,5940.0,57.0,22.0,,,79.0,1153457.0,4862742.0,1619967.0,6829453.0,,,,,58589.0,247000.0,,,70723.0,298153.0,,,209481.0,883129.0,253927.0,1070507.0,,,167559.0,706394.0,,,37313.0,157302.0,33451.0,16173.0,,17278.0,1768.0,9142.0,54852.0,2010.0,,,,,
2019,Asia Pacific,Malaysian Red Crescent Society,Malaysia,MYS,,32804020.0,365177721021.516,,10960.0,75.76,7.9,,76.607,22.0,,,26.0,152.0,,4205.0,2384.0,,,6589.0,49.0,24.0,,,73.0,1185303.0,5005247.0,1480128.0,6250224.0,23563.0,99501.0,,,,,,,,,,,,,516409.0,2180672.0,,,290112.0,1225074.0,,,,,23171.0,9765.0,,13406.0,303.0,,,,,,,,
2020,Asia Pacific,Malaysian Red Crescent Society,Malaysia,MYS,,33199993.0,337456163961.211,,10320.0,75.938,7.7,,77.16,21.0,,,24.0,152.0,,11694.0,16687.0,,,28381.0,48.0,28.0,,,76.0,2614313.0,11807030.0,2292837.0,10355148.0,179472.0,810550.0,1288898.0,5821057.0,44352.0,200309.0,19602.0,88528.0,,,,,,,,,5381.0,24301.0,577480.0,2608075.0,129531.0,585000.0,,,2310.0,1060.0,,1250.0,23444.0,18.0,18.0,,,,,,
2021,Asia Pacific,Malaysian Red Crescent Society,Malaysia,MYS,,33573874.0,373832428055.449,6.2,10740.0,74.884,7.6,,77.696,,1.0,1.0,19.0,139.0,,18091.0,21306.0,,,39397.0,,,,,79.0,2007493.0,9236179.0,1107967.0,5097595.0,814410.0,3746981.0,131834.0,606547.0,,,,,74931.0,344748.0,,,255846.0,1177111.0,422854.0,1945487.0,,,,,,,91555.0,421231.0,2643.0,,,,346563.0,,,4800.0,,,,,
2022,Asia Pacific,Malaysian Red Crescent Society,Malaysia,MYS,,33938221.0,407027451714.616,,11830.0,,,,78.214,,1.0,1.0,19.0,159.0,,66007.0,9800.0,,,75807.0,46.0,32.0,,,78.0,6083318.0,27689457.0,4862930.0,22134611.0,491620.0,2237710.0,1222129.0,5562766.0,363446.0,1654297.0,7433.0,33833.0,51067.0,232444.0,65009.0,295900.0,580649.0,2642940.0,905465.0,4121406.0,1134126.0,5162203.0,151328.0,688802.0,11517.0,52420.0,499654.0,2274277.0,6234.0,4117.0,,2117.0,72080.0,,,13318.0,,,,,
2023,Asia Pacific,Malaysian Red Crescent Society,Malaysia,MYS,,,,,,,,,,,0.0,1.0,18.0,159.0,142.0,,,,,79206.0,53.0,39.0,,,92.0,1913464.0,10447637.0,1825016.0,9964708.0,77983.0,425794.0,484125.0,2643356.0,,,,,,,,,49107.0,268128.0,149628.0,816980.0,25865.0,141224.0,58863.0,321394.0,,,268254.0,1464683.0,7196.0,,,,12707.0,,,13957.0,,,,,
2024,Asia Pacific,Malaysian Red Crescent Society,Malaysia,MYS,,,,,,,,,,,0.0,1.0,22.0,159.0,142.0,,,,,81959.0,65.0,55.0,,,120.0,1953933.0,1953933.0,2401644.0,2401644.0,3964.0,3964.0,39078.0,39078.0,,,472790.0,472790.0,,,,,38456.0,38456.0,340859.0,340859.0,,,219689.0,219689.0,14816.0,14816.0,,,16925.0,,,,38770.0,500.0,500.0,9622.0,,,,,
2012,Africa,Mozambique Red Cross Society,Mozambique,MOZ,DMZ001,24487611.0,16688114144.0745,,610.0,55.639,96.4,,32.846,271.0,,,,11.0,,3282.0,2304.0,,,5586.0,169.0,80.0,,,249.0,5805187.0,6352036.0,5180036.0,5667995.0,,,,,,,,,,,,,,,,,3490351.0,3819142.0,,,,,,,,,,,70000.0,,,,,,,,
2013,Africa,Mozambique Red Cross Society,Mozambique,MOZ,DMZ001,25251731.0,17198073057.1981,,680.0,56.492,92.1,,33.36,241.0,,,,3.0,,,,,,4400.0,,,,,211.0,0.0,,0.0,,,,,,,,,,,,,,,,,,0.0,,,,,,,,,,,,,,,,,,,,
2014,Africa,Mozambique Red Cross Society,Mozambique,MOZ,DMZ001,26038704.0,17978246586.0662,46.1,700.0,57.274,88.3,,33.878,241.0,,,,11.0,,1347.0,899.0,,,2246.0,,,,,252.0,1201603.0,40766190.0,1269962.0,43085376.0,,,,,,,,,,,,,,,,,339986.0,11534526.0,,,,,,,,,,,,,,,,,,,
2015,Africa,Mozambique Red Cross Society,Mozambique,MOZ,DMZ001,26843246.0,16208985769.615,,650.0,58.151,84.0,56.04,34.4,226.0,,,,11.0,,416.0,179.0,,,595.0,134.0,88.0,,,222.0,774944.0,36880455.0,903262.0,42987256.0,,,,,,,,,,,,,,,,,952528.0,45331879.0,,,,,,,,,,,,,,,,,,,
2016,Africa,Mozambique Red Cross Society,Mozambique,MOZ,,27696493.0,12069051237.1711,,540.0,59.038,80.8,,34.926,194.0,,,,11.0,,,,,,334.0,,,,,207.0,1654470.0,114306315.0,2010123.0,138878191.0,0.0,0.0,0.0,0.0,0.0,0.0,10132.0,700000.0,0.0,0.0,0.0,0.0,0.0,0.0,378468.0,26148111.0,904359.0,62481647.0,297297.0,20540042.0,34641.0,2393315.0,0.0,0.0,0.0,,,,16150.0,95500.0,95500.0,11872.0,,,,,
2017,Africa,Mozambique Red Cross Society,Mozambique,MOZ,,28569441.0,13264640645.7768,,470.0,59.771,78.4,60.66,35.455,177.0,1.0,1.0,12.0,65.0,,2086.0,2205.0,,0.0,4291.0,140.0,55.0,,0.0,195.0,3151280.0,188383541.0,2016036.0,120518659.0,638748.0,38184374.0,0.0,0.0,229307.0,13708000.0,429184.0,25656623.0,0.0,0.0,0.0,0.0,0.0,0.0,628750.0,37586677.0,866926.0,51824818.0,283446.0,16944433.0,60393.0,3610268.0,0.0,0.0,948.0,307.0,0.0,641.0,60445.0,121260.0,121260.0,23465.0,,,,,
2018,Africa,Mozambique Red Cross Society,Mozambique,MOZ,,29423878.0,15017358750.6113,,460.0,60.526,76.3,,35.988,160.0,1.0,1.0,12.0,65.0,,3410.0,3751.0,,,7161.0,126.0,43.0,,,169.0,3221678.0,198525912.0,3226976.0,198852362.0,18078.0,1114027.0,0.0,0.0,0.0,0.0,29629.0,1825789.0,,,476.0,29350.0,,,921975.0,56813813.0,2175634.0,134066658.0,17944.0,1105729.0,43597.0,2686554.0,0.0,0.0,913.0,346.0,,567.0,27940.0,239900.0,239900.0,23750.0,,,,,
2019,Africa,Mozambique Red Cross Society,Mozambique,MOZ,,30285595.0,15512759174.573,,490.0,61.166,73.5,,36.528,150.0,,,13.0,69.0,,0.0,0.0,,2681.0,2681.0,138.0,44.0,,0.0,182.0,6252084.0,390462408.0,5130908.0,320441445.0,5360.0,334778.0,1760934.0,109975907.0,485788.0,30339000.0,82974.0,5182000.0,,,14540.0,908051.0,,,599187.0,37421097.0,2572862.0,160683352.0,223622.0,13965889.0,44066.0,2752064.0,131531.0,8214552.0,2056.0,489.0,418.0,1149.0,8256.0,16629.0,16629.0,26654.0,,,,,
2020,Africa,Mozambique Red Cross Society,Mozambique,MOZ,,31178239.0,14235420505.2904,,460.0,61.172,71.6,59.78,37.074,127.0,,,13.0,111.0,,2839.0,2824.0,,,5663.0,156.0,57.0,,0.0,213.0,1979939.0,154068879.0,2210103.0,171979102.0,,,47549.0,3700000.0,,,,,,,,,34186.0,2660195.0,342097.0,26620227.0,885994.0,68943552.0,536683.0,41761991.0,51445.0,4003163.0,81986.0,6379748.0,895.0,217.0,348.0,330.0,218914.0,592802.0,592802.0,7274.0,,,,,
2021,Africa,Mozambique Red Cross Society,Mozambique,MOZ,,32077072.0,16168056388.9101,,450.0,59.325,69.6,,37.628,,1.0,1.0,11.0,111.0,,3456.0,3376.0,,,6832.0,93.0,82.0,,,175.0,2244567.0,154904533.0,2324182.0,160399016.0,29313.0,2023005.0,88548.0,6110970.0,,,,,,,,,1445.0,99700.0,818421.0,56481784.0,556042.0,38374213.0,639704.0,44147953.0,103805.0,7163878.0,1783.0,123030.0,989.0,508.0,,481.0,57889.0,144179.0,144179.0,213891.0,,,,,
2022,Africa,Mozambique Red Cross Society,Mozambique,MOZ,,32969518.0,18406835954.6695,,440.0,,,,38.187,,1.0,1.0,13.0,111.0,,3471.0,3391.0,0.0,0.0,6862.0,113.0,52.0,0.0,0.0,165.0,2077488.0,142381482.0,2166013.0,148448583.0,,,5836.0,400000.0,,,46413.0,3180957.0,,,6448.0,441940.0,,,640756.0,43914467.0,467247.0,32022947.0,731260.0,50117205.0,117618.0,8061019.0,,,1535.0,440.0,0.0,1095.0,8095.0,98654.0,98654.0,7592.0,,,,,
2023,Africa,Mozambique Red Cross Society,Mozambique,MOZ,,,,,,,,,,,1.0,1.0,13.0,111.0,11.0,3777.0,3131.0,,,6908.0,130.0,55.0,,,185.0,3025806.0,227401613.0,2894054.0,217499903.0,0.0,0.0,4657.0,350000.0,0.0,0.0,0.0,0.0,0.0,0.0,0.0,0.0,128610.0,9665576.0,492938.0,37046316.0,1336014.0,100406872.0,770920.0,57937776.0,214938.0,16153435.0,0.0,0.0,1874.0,974.0,0.0,900.0,244217.0,189736.0,189736.0,544301.0,,,,,
2024,Africa,Mozambique Red Cross Society,Mozambique,MOZ,,,,,,,,,,,,,,,,,,,,,,,,,,3449639.0,3449639.0,2961192.0,2961192.0,,,,,,,,,,,,,,,,,,,,,,,,,,,,,,,,,1350.0,,,,7188.0
2010,Africa,Namibia Red Cross,Namibia,NAM,DNA001,2099271.0,11431412421.1316,,4540.0,56.015,49.4,,41.616,482.0,,,,,,,,,,740.0,,,,,,0.0,,0.0,,,,,,,,,,,,,,,,,,0.0,,,,,,,,,,,,,,,,,,,,
2012,Africa,Namibia Red Cross,Namibia,NAM,DNA001,2167470.0,13042053591.6857,,5800.0,57.64,50.3,,43.693,362.0,,,,8.0,,,,,,4500.0,,,,,143.0,3934799.0,35830677.0,4048602.0,36866972.0,,,,,,,,,,,,,,,,,0.0,,,,,,,,,,,,,,,,,,,,
2013,Africa,Namibia Red Cross,Namibia,NAM,DNA001,2204510.0,12043307277.1235,,6020.0,58.694,48.1,,44.756,334.0,,,,8.0,,,,,,4500.0,79.0,143.0,,,222.0,3382567.0,39863894.0,3142120.0,37030193.0,,,,,,,,,,,,,,,,,0.0,0.0,,,,,,,,,,,,,,,,,,,
2014,Africa,Namibia Red Cross,Namibia,NAM,DNA001,2243001.0,12435430969.6301,,5870.0,59.822,45.5,,45.826,306.0,,,,8.0,,,,,,915.0,,,,,319.0,3050016.0,35832809.0,2723002.0,31990920.0,,,,,,,,,,,,,,,,,0.0,,,,,,,,,,,,,,,,,,,,
2015,Africa,Namibia Red Cross,Namibia,NAM,DNA001,2282704.0,11335161083.5061,17.4,5380.0,60.7,46.2,,46.9,299.0,,,,8.0,,1055.0,2840.0,,,3895.0,81.0,244.0,,,325.0,1771877.0,27370718.0,1814509.0,28029268.0,,,,,,,,,,,,,,,,,0.0,,,,,,,,,,,,3002.0,,,,,,,,
2016,Africa,Namibia Red Cross,Namibia,NAM,,2323352.0,10722018732.0936,,4810.0,61.682,45.5,,47.961,246.0,,,,9.0,,,,,,3540.0,,,,,315.0,4808027.0,64326593.0,2148840.0,28749337.0,2280896.0,30516109.0,0.0,0.0,0.0,0.0,0.0,0.0,253173.0,3387195.0,44184.0,591140.0,24131.0,322850.0,0.0,0.0,171043.0,2288384.0,193406.0,2587577.0,130184.0,1741729.0,35846.0,479584.0,715.0,,,,1865.0,1865.0,13988.0,0.0,,,,,
2017,Africa,Namibia Red Cross,Namibia,NAM,,2364534.0,12895153160.466,,4700.0,62.293,44.4,,49.005,228.0,1.0,1.0,11.0,11.0,,,,,,4000.0,,,,,315.0,1316235.0,16656350.0,1418238.0,17947157.0,6586.0,83340.0,0.0,0.0,0.0,0.0,0.0,0.0,0.0,0.0,0.0,0.0,56214.0,711359.0,30966.0,391863.0,0.0,0.0,269422.0,3409416.0,78177.0,989296.0,584855.0,7401077.0,242.0,,,,1897.0,1750.0,1750.0,28000.0,,,,,
2018,Africa,Namibia Red Cross,Namibia,NAM,,2405680.0,13682018827.0434,,5000.0,62.586,43.6,,50.032,218.0,1.0,1.0,9.0,9.0,,420.0,1173.0,,,1593.0,6.0,7.0,,,13.0,782685.0,11455497.0,691224.0,10116860.0,,,,,,,,,,,,,45213.0,661737.0,33003.0,483041.0,,,,,,,,,,,,,,135.0,1135.0,0.0,,,,,
2019,Africa,Namibia Red Cross,Namibia,NAM,,2446644.0,12541928102.7657,,5270.0,63.075,41.9,,51.042,223.0,,,13.0,10.0,,,,,697.0,697.0,16.0,10.0,,0.0,26.0,286377.0,5159298.0,158546.0,2856323.0,0.0,0.0,68773.0,1239000.0,5551.0,100000.0,0.0,0.0,0.0,0.0,0.0,0.0,0.0,0.0,0.0,0.0,41551.0,748564.0,176053.0,3171733.0,,,,,370.0,,370.0,,19087.0,,,7087.0,,,,,
2020,Africa,Namibia Red Cross,Namibia,NAM,,2489098.0,10583748541.5258,,4650.0,62.829,40.3,,52.033,215.0,,,,,,,,,,,,,,,,,,,,,,,,,,,,,,,,,,,,,,,,,,,,,,,,,,,,,,,,
2021,Africa,Namibia Red Cross,Namibia,NAM,,2530151.0,12446290854.8973,,4660.0,59.269,39.0,92.25,53.005,,1.0,1.0,12.0,10.0,,673.0,1411.0,,,2084.0,15.0,19.0,,,34.0,1111714.0,18205418.0,1759274.0,28809854.0,366.0,6000.0,,,63038.0,1032311.0,42261.0,692074.0,,,,,270643.0,4432048.0,,,290465.0,4756653.0,426879.0,6990568.0,,,,,564.0,151.0,317.0,96.0,6770.0,,,,,,,,
2022,Africa,Namibia Red Cross,Namibia,NAM,,2567012.0,12914932655.685,,5010.0,,,,53.956,,1.0,1.0,16.0,11.0,,283.0,735.0,,,1018.0,9.0,16.0,,,25.0,1207251.0,20152094.0,1168516.0,19505506.0,965740.0,16120653.0,,,,,,,,,,,14925.0,249138.0,218497.0,3647265.0,,,,,,,8090.0,135038.0,,,,,,,,,,,,,
2023,Africa,Namibia Red Cross,Namibia,NAM,,,,,,,,,,,,,,,,,,,,,,,,,,,,,,,,,,,,,,,,,,,,,,,,,,,,,,,,,,,,,,,,,,
2024,Africa,Namibia Red Cross,Namibia,NAM,,,,,,,,,,,0.0,0.0,13.0,9.0,9.0,,,,,,,,,,13.0,,,,,,,,,,,,,,,,,,,,,,,,,,,,,,,,,,,,,,,,,
2011,Africa,Red Cross Society of Niger,Niger,NER,DNE001,17283112.0,8772950777.7918,,520.0,58.994,129.1,,16.216,576.0,,,,47.0,,,,,,5000.0,,,,,94.0,877058.0,460000000.0,772192.0,405000000.0,,,,,,,,,,,,,,,,,0.0,,,,,,,,,,,,,,,,,,,,
2012,Africa,Red Cross Society of Niger,Niger,NER,DNE001,17954407.0,9426912647.5911,,540.0,59.65,126.0,30.56,16.212,561.0,,,,73.0,,3245.0,2248.0,,,5493.0,,,,,164.0,576611.0,313180000.0,504913.0,274238000.0,,,,,,,,,,,,,,,,,11990573.0,6512549219.0,,,,,,,,,,,,,,,,,,,
2013,Africa,Red Cross Society of Niger,Niger,NER,DNE001,18653199.0,10224897437.8648,,570.0,60.239,123.4,,16.208,536.0,,,,82.0,,,,,,10000.0,,,,,291.0,429914.0,230054389.0,397245.0,212572559.0,,,,,,,,,,,,,,,,,0.0,,,,,,,,,,,,,,,,,,,,
2014,Africa,Red Cross Society of Niger,Niger,NER,DNE001,19372014.0,10862943543.5419,,580.0,60.786,121.6,,16.219,513.0,,,,91.0,,,,,,4500.0,,,,,191.0,2758211.0,1503217271.0,2758211.0,1503217271.0,,,,,,,,,,,,,,,,,0.0,,,,,,,,,,,,,,,,,,,,
2015,Africa,Red Cross Society of Niger,Niger,NER,DNE001,20128124.0,9683867926.4428,,550.0,61.083,120.2,,16.247,491.0,,,,82.0,,,,,,8500.0,,,,,37.0,2981335.0,2981335.0,3477997.0,3477997.0,,,,,,,,,,,,,,,,,0.0,,,,,,,,,,,,,,,,,,,,
2016,Africa,Red Cross Society of Niger,Niger,NER,,20921743.0,10398861981.7583,,520.0,61.629,119.1,,16.29,468.0,,,,,,,,,,,,,,,139.0,573025.0,350260000.0,573025.0,350260000.0,,,,,,,,,,,,,,,,,,,,,,,,,,,,,,,,,,,,,
2017,Africa,Red Cross Society of Niger,Niger,NER,,21737922.0,11185104251.6785,,510.0,62.16,118.4,,16.35,433.0,1.0,1.0,7.0,71.0,,,,,,10000.0,161.0,29.0,,0.0,190.0,445364.0,249783614.0,331260.0,185788084.0,,,,,,,,,,,,,,,,,,,,,,,,,490.0,145.0,0.0,345.0,700.0,349760.0,349760.0,21000.0,,,,,
2018,Africa,Red Cross Society of Niger,Niger,NER,,22577058.0,12837307496.8797,40.8,570.0,62.454,117.7,,16.425,432.0,1.0,1.0,8.0,83.0,,,,,,3703.0,,,,,270.0,,283440916.0,,257566258.0,,,,,,,,,,,,,,,,,,,,,,,,,2975.0,,,,6566.0,730799.0,730799.0,39829.0,,,,,
2019,Africa,Red Cross Society of Niger,Niger,NER,,23443393.0,12889555561.304,,590.0,62.897,117.0,,16.517,410.0,,,,,,,,,,,,,,,,,,,,,,,,,,,,,,,,,,,,,,,,,,,,,,,,,,,,,,,,
2020,Africa,Red Cross Society of Niger,Niger,NER,,24333639.0,13744653102.9945,,550.0,61.451,116.3,,16.626,441.0,,,,,,,,,,,,,,,,,,,,,,,,,,,,,,,,,,,,,,,,,,,,,,,,,,,,,,,,
2021,Africa,Red Cross Society of Niger,Niger,NER,,25252722.0,14915002435.9913,,590.0,61.576,115.2,,16.751,,,,,,,,,,,,,,,,,,,,,,,,,,,,,,,,,,,,,,,,,,,,,,,,,,,,,,,,,
2022,Africa,Red Cross Society of Niger,Niger,NER,,26207977.0,15342278919.4009,,580.0,,,38.1,16.894,,0.0,1.0,8.0,,,,,,,,404.0,,,,404.0,,,,,,,,,,,,,,,,,,,,,,,,,,,,,,,,,,,,,,,,,
2023,Africa,Red Cross Society of Niger,Niger,NER,,,,,,,,,,,1.0,1.0,16.0,71.0,0.0,400.0,200.0,,,600.0,654.0,169.0,,,823.0,,,,,,,,,,,,,,,,,,,,,,,,,,,,,,,,,4527.0,213750.0,213750.0,25557.0,,,,,
2024,Africa,Red Cross Society of Niger,Niger,NER,,,,,,,,,,,,,,,,,,,,,,,,,,,,,,,,,,,,,,,,,,,,,,,,,,,,,,2654.0,817.0,,1837.0,43287.0,,,86574.0,,,,,
2010,Africa,Nigerian Red Cross Society,Nigeria,NGA,DNG001,160952853.0,366990417129.04,,2130.0,50.945,135.7,,43.48,1123.0,,,,581.0,,,,,,250000.0,,,,,145.0,130261.0,20715783.0,130094.0,20689213.0,,,,,,,,,,,,,,,,,0.0,,,,,,,,,,,,750000.0,,,,,,,,
2012,Africa,Nigerian Red Cross Society,Nigeria,NGA,DNG001,170075932.0,463971018239.281,,2450.0,51.497,131.4,,45.246,1087.0,,,,37.0,,,,,,564200.0,,,,,35.0,1943235.0,326733514.0,1261717.0,212143795.0,,,,,,,,,,,,,,,,,0.0,,,,,,,,,,,,115080.0,,,,,,,,
2013,Africa,Nigerian Red Cross Society,Nigeria,NGA,DNG001,174726123.0,520117180313.906,,2700.0,51.707,129.6,,46.118,1109.0,,,,37.0,,327235.0,251170.0,,,578405.0,150.0,88.0,,,238.0,1789873.0,319839599.0,1737062.0,310402623.0,,,,,,,,,,,,,,,,,0.0,,,,,,,,,,,,175489.0,,,,,,,,
2014,Africa,Nigerian Red Cross Society,Nigeria,NGA,DNG001,179379016.0,574183763411.508,,2970.0,51.791,128.0,,46.982,1135.0,,,,37.0,,,,,,465207.0,280.0,110.0,,,390.0,1806658.0,330202831.0,1902147.0,347655442.0,,,,,,,,,,,,,,,,,0.0,,,,,,,,,,,,,,,,,,,,
2015,Africa,Nigerian Red Cross Society,Nigeria,NGA,DNG001,183995785.0,493026682800.63,,2860.0,51.841,126.4,,47.838,1113.0,,,,37.0,,270000.0,200000.0,,,470000.0,298.0,107.0,,,405.0,2685244.0,539508533.0,2454960.0,493240692.0,,,,,,,,,,,,,,,,,0.0,,,,,,,,,,,,3000000.0,,,,,,,,
2016,Africa,Nigerian Red Cross Society,Nigeria,NGA,,188666931.0,404649125252.16,,2460.0,52.043,124.7,,48.683,1129.0,,,,37.0,,10409.0,7715.0,,,18124.0,104.0,29.0,,,133.0,1424537.0,434840287.0,1349775.0,412019196.0,82189.0,25088259.0,165970.0,50662408.0,0.0,0.0,206409.0,63006460.0,151739.0,46318341.0,3112.0,950000.0,1363.0,416000.0,32637.0,9962331.0,0.0,0.0,126235.0,38533302.0,585111.0,178605414.0,3019.0,921489.0,7394.0,2531.0,,4863.0,9901.0,129846.0,129846.0,1748.0,,,,,
2017,Africa,Nigerian Red Cross Society,Nigeria,NGA,,193495907.0,375745731053.427,,2090.0,52.305,122.4,,49.519,1127.0,1.0,1.0,12.0,37.0,,,,,,23004.0,,,,,448.0,,120882892.0,,200314329.0,,6347670.0,,0.0,,0.0,,37138019.0,,0.0,,0.0,,39782.0,,8618100.0,,0.0,,27602891.0,,40836431.0,,240000.0,12614.0,5610.0,,7004.0,956602.0,,,1778751.0,,,,,
2018,Africa,Nigerian Red Cross Society,Nigeria,NGA,,198387623.0,421739251509.08,40.1,2020.0,52.554,119.6,62.02,50.344,1135.0,1.0,1.0,12.0,37.0,,14963.0,9986.0,,,24949.0,272.0,172.0,,,444.0,1956097.0,720743289.0,2081809.0,767063048.0,73045.0,26914067.0,679.0,250000.0,271.0,99750.0,603321.0,222299732.0,,,2696.0,993500.0,39134.0,14419250.0,87631.0,32288401.0,,,526705.0,194069577.0,493238.0,181738268.0,14942.0,5505376.0,36423.0,15351.0,,21072.0,442021.0,50039.0,50039.0,619632.0,,,,,
2019,Africa,Nigerian Red Cross Society,Nigeria,NGA,,203304492.0,474517491092.913,,2110.0,52.91,116.8,,51.157,1122.0,,,28.0,37.0,,12089.0,8508.0,,,20597.0,226.0,125.0,,,351.0,1409927.0,521615748.0,1419947.0,525322464.0,0.0,0.0,0.0,0.0,0.0,0.0,68828.0,25463704.0,0.0,0.0,0.0,0.0,0.0,0.0,68501.0,25342428.0,0.0,0.0,878786.0,325115043.0,231930.0,85804673.0,161882.0,59889900.0,20208.0,8549.0,,11659.0,1603812.0,13733.0,13733.0,1314926.0,,,,,
2020,Africa,Nigerian Red Cross Society,Nigeria,NGA,,208327405.0,432198898221.967,,2110.0,52.887,113.8,,51.958,1047.0,,,28.0,37.0,,9306.0,6073.0,,,15379.0,237.0,101.0,,,338.0,2338316.0,971061571.0,1655066.0,687319678.0,5711.0,2371730.0,0.0,0.0,0.0,0.0,10772.0,4473607.0,0.0,0.0,0.0,0.0,132771.0,55137453.0,13548.0,5626443.0,0.0,0.0,1935192.0,803651272.0,234940.0,97566407.0,4177.0,1734660.0,14993.0,5419.0,,9574.0,6829537.0,26640.0,26640.0,12326703.0,,,,,
2021,Africa,Nigerian Red Cross Society,Nigeria,NGA,,213401323.0,440838992188.478,,2160.0,52.676,110.8,,52.746,,1.0,1.0,28.0,37.0,,13056.0,7348.0,,,20404.0,215.0,90.0,,,305.0,2722721.0,1224244999.0,2719806.0,1222934395.0,,,,,,,996086.0,447880597.0,,,610266.0,274400000.0,,,,,398218.0,179054720.0,673631.0,302891626.0,44520.0,20018056.0,,,14784.0,4714.0,,10070.0,7906828.0,535046.0,535046.0,2345681.0,,,,,
2022,Africa,Nigerian Red Cross Society,Nigeria,NGA,,218541212.0,472624597402.898,,2160.0,,,,53.521,,1.0,1.0,28.0,37.0,,11484.0,7181.0,,,18665.0,98.0,48.0,,,146.0,,,,,,,,,,,,,,,,,,,,,,,,,,,,,6332.0,2790.0,,3542.0,2261601.0,26231.0,26231.0,1669190.0,,,,,
2023,Africa,Nigerian Red Cross Society,Nigeria,NGA,,,,,,,,,,,1.0,1.0,28.0,774.0,37.0,,,0.0,0.0,800000.0,,,,,500.0,3031970.0,3232377684.0,2384266.0,2541861604.0,,,,,,,,,,,6459.0,6885488.0,,,,,439014.0,468031466.0,833531.0,888626293.0,556095.0,592851901.0,1196872.0,1275982536.0,34115.0,16075.0,0.0,18040.0,12342576.0,620407.0,620407.0,1521706.0,,,,,
2024,Africa,Nigerian Red Cross Society,Nigeria,NGA,,,,,,,,,,,,,,,,,,,,,,,,,,,,,,,,,,,,,,,,,,,,,,,,,,,,,,,,,,,,,,,,,,
2012,Americas,Nicaraguan Red Cross,Nicaragua,NIC,DNI001,6030607.0,10531980241.4474,,1660.0,72.615,21.9,,57.309,92.0,,,,34.0,,1529.0,1019.0,,,2548.0,177.0,139.0,,,316.0,1905065.0,49832310.0,2319019.0,60660441.0,,,,,,,,,,,,,,,,,0.0,,,,,,,,,,,,14380.0,,,,,,,,
2013,Americas,Nicaraguan Red Cross,Nicaragua,NIC,DNI001,6119379.0,10982995267.0341,,1730.0,72.704,20.8,,57.505,91.0,,,,42.0,,,,,,2000.0,,,,,,2380125.0,67164283.0,2061208.0,58164823.0,,,,,,,,,,,,,,,,,0.0,,,,,,,,,,,,,,,,,,,,
2014,Americas,Nicaraguan Red Cross,Nicaragua,NIC,DNI001,6208676.0,11880434070.7811,29.6,1810.0,72.812,19.8,,57.7,81.0,,,,31.0,,,,,,3000.0,85.0,39.0,,,124.0,4923687.0,129231527.0,2070771.0,54351319.0,,,,,,,,,,,,,,,,,0.0,,,,,,,,,,,,0.0,,,,,,,,
2015,Americas,Nicaraguan Red Cross,Nicaragua,NIC,DNI001,6298598.0,12756685522.4807,,1870.0,72.983,18.8,82.61,57.895,79.0,,,,33.0,,1025.0,404.0,,,1429.0,89.0,42.0,,,131.0,1151548.0,31840984.0,1164756.0,32206215.0,,,,,,,,,,,,,,,,,0.0,,,,,,,,,,,,,,,,,,,,
2016,Americas,Nicaraguan Red Cross,Nicaragua,NIC,,6389235.0,13286101284.7856,24.9,1930.0,73.256,17.8,,58.09,77.0,,,,33.0,,1324.0,1127.0,,,2451.0,93.0,55.0,,,148.0,2490983.0,70075769.0,1557261.0,43808498.0,13804.0,388345.0,2152.0,60540.0,0.0,0.0,0.0,0.0,0.0,0.0,45120.0,1269314.0,1460542.0,41087617.0,33188.0,933626.0,13813.0,388571.0,15661.0,440585.0,0.0,0.0,9376.0,263760.0,150.0,62.0,,88.0,0.0,541.0,541.0,2000.0,,,,,
2017,Americas,Nicaraguan Red Cross,Nicaragua,NIC,,6480532.0,13785924374.2151,,2000.0,73.554,16.8,,58.299,76.0,1.0,1.0,26.0,32.0,,1324.0,1127.0,,0.0,2451.0,93.0,55.0,,0.0,148.0,2158306.0,67658485.0,1596475.0,50046223.0,11278.0,353554.0,1931.0,60540.0,0.0,0.0,0.0,0.0,0.0,0.0,0.0,0.0,2073119.0,64988068.0,0.0,0.0,0.0,0.0,48388.0,1516863.0,0.0,0.0,8414.0,263760.0,150.0,62.0,0.0,88.0,0.0,541.0,541.0,2000.0,,,,,
2018,Americas,Nicaraguan Red Cross,Nicaragua,NIC,,6572233.0,13025234958.647,,1940.0,73.85,15.8,,58.522,74.0,1.0,1.0,26.0,32.0,,1062.0,938.0,,0.0,2000.0,61.0,86.0,,0.0,147.0,2581282.0,84537968.0,2200454.0,72065685.0,1442.0,47220.0,65644.0,2149857.0,0.0,0.0,0.0,0.0,0.0,0.0,255298.0,8361095.0,1578577.0,51699003.0,124690.0,4083641.0,106.0,3477.0,488378.0,15994579.0,18136.0,593977.0,0.0,0.0,727.0,207.0,0.0,520.0,1116.0,519.0,519.0,0.0,,,,,
2019,Americas,Nicaraguan Red Cross,Nicaragua,NIC,,6663924.0,12699028991.3771,,1880.0,74.054,14.9,,58.76,75.0,,,31.0,32.0,,911.0,610.0,,0.0,1521.0,175.0,145.0,,0.0,320.0,4647832.0,159626050.0,4371662.0,150141234.0,,,,,,,,,,,,,536624.0,18429911.0,1022783.0,35126650.0,2562009.0,87990154.0,259094.0,8898368.0,41460.0,1423918.0,,,243.0,105.0,0.0,138.0,7927.0,8947.0,8947.0,51426.0,,,,,
2020,Americas,Nicaraguan Red Cross,Nicaragua,NIC,,6755895.0,12678162403.5929,,1760.0,71.795,14.0,,59.012,78.0,,,31.0,31.0,,800.0,618.0,,,1418.0,175.0,159.0,,,334.0,4408074.0,4786572.0,3443059.0,3738696.0,118074.0,128212.0,485136.0,526792.0,334583.0,363312.0,,,,,575801.0,625242.0,734037.0,797065.0,488570.0,530521.0,174382.0,189355.0,1404750.0,1525368.0,39801.0,43219.0,,,400.0,145.0,,255.0,179954.0,762.0,762.0,180584.0,,,,,
2021,Americas,Nicaraguan Red Cross,Nicaragua,NIC,,6850540.0,14145880399.1935,,1970.0,73.837,13.3,,59.277,,0.0,1.0,23.0,28.0,,1146.0,854.0,,,2000.0,187.0,158.0,,,345.0,4957477.0,5423028.0,4957477.0,5423028.0,,,691081.0,755980.0,,,,,,,,,1208952.0,1322483.0,225151.0,246295.0,809806.0,885854.0,1453041.0,1589494.0,69236.0,75738.0,,,478.0,200.0,,278.0,69979.0,727.0,727.0,17930.0,,,,,
2022,Americas,Nicaraguan Red Cross,Nicaragua,NIC,,6948392.0,15671583939.9889,,2090.0,,,,59.556,,1.0,1.0,31.0,28.0,,1073.0,927.0,,,2000.0,151.0,143.0,,,294.0,142186.0,5423027.0,133854.0,5105218.0,,,19821.0,755979.0,,,,,,,,,34674.0,1322483.0,6458.0,246295.0,23226.0,885854.0,41675.0,1589494.0,1986.0,75738.0,,,319.0,142.0,,177.0,780.0,3639.0,3639.0,421.0,,,,,
2023,Americas,Nicaraguan Red Cross,Nicaragua,NIC,,,,,,,,,,,,,,,,,,,,,,,,,,,,,,,,,,,,,,,,,,,,,,,,,,,,,,,,,,,,,,,,,,
2024,Americas,Nicaraguan Red Cross,Nicaragua,NIC,,,,,,,,,,,,,,,,,,,,,,,,,,,,,,,,,,,,,,,,,,,,,,,,,,,,,,,,,,,,,,,,,,
2012,Europe and Central Asia,The Netherlands Red Cross,Netherlands,NLD,DNL001,16754962.0,838923319919.531,,51500.0,81.1049,4.2,,88.588,6.0,,,,247.0,,,,,,32313.0,,,,,501.0,99014493.0,81984000.0,98647343.0,81680000.0,,,,,,,,,,,,,,,,,0.0,,,,,,,,,,,,,,,,,,,,
2013,Europe and Central Asia,The Netherlands Red Cross,Netherlands,NLD,DNL001,16804432.0,877172824534.512,,51900.0,81.3049,4.1,,89.187,6.0,,,,260.0,,,,,,31818.0,,,,,434.0,119051122.0,97110000.0,111483389.0,90937000.0,,,,,,,,,,,,,,,,,0.0,,,,,,,,,,,,,,,,,,,,
2014,Europe and Central Asia,The Netherlands Red Cross,Netherlands,NLD,DNL001,16865008.0,892167986713.722,,51600.0,81.7073,4.1,,89.69,5.0,,,,251.0,,,,,,27839.0,,,,,428.0,116284134.0,96657000.0,112724280.0,93698000.0,,,,,,,,,,,,,,,,,1737218.0,1444000.0,,,,,,,,,,,,,,,,,,,
2015,Europe and Central Asia,The Netherlands Red Cross,Netherlands,NLD,DNL001,16939923.0,765572770634.375,12.7,49300.0,81.5098,4.1,,90.173,5.0,,,,257.0,,,,,,29466.0,,,,,401.0,112641951.0,103873000.0,112641951.0,103873000.0,,,,,,,,,,,,,,,,,0.0,,,,,,,,,,,,,,,,,,,,
2016,Europe and Central Asia,The Netherlands Red Cross,Netherlands,NLD,,17030314.0,784060430240.08,13.2,46480.0,81.561,4.0,,90.635,5.0,,,,241.0,,,,,,28850.0,,,,,412.0,100680769.0,93916000.0,95482496.0,89067000.0,56299800.0,52517000.0,3799274.0,3544000.0,2517126.0,2348000.0,0.0,0.0,0.0,0.0,0.0,0.0,0.0,0.0,0.0,0.0,0.0,0.0,0.0,0.0,0.0,0.0,6511510.0,6074000.0,57000.0,,,,0.0,,,,,,,,
2017,Europe and Central Asia,The Netherlands Red Cross,Netherlands,NLD,,17131296.0,833869641687.06,13.3,46270.0,81.761,4.0,,91.077,5.0,1.0,1.0,9.0,222.0,,8929.0,18298.0,,0.0,27227.0,126.0,308.0,,0.0,434.0,149333297.0,127676000.0,135846328.0,116145000.0,73426844.0,62778000.0,4387271.0,3751000.0,12553607.0,10733000.0,0.0,0.0,0.0,0.0,0.0,0.0,0.0,0.0,0.0,0.0,0.0,0.0,0.0,0.0,0.0,0.0,10633079.0,9091000.0,80662.0,,,,0.0,0.0,0.0,0.0,,,,,
2018,Europe and Central Asia,The Netherlands Red Cross,Netherlands,NLD,,17231624.0,914043438179.607,13.2,50540.0,81.8122,4.0,,91.49,4.0,1.0,1.0,8.0,202.0,,7249.0,12182.0,,575.0,20006.0,121.0,296.0,,,417.0,121583351.0,107889000.0,126274760.0,112052000.0,46227796.0,41021000.0,7544796.0,6695000.0,7136848.0,6333000.0,,,,,,,,,,,,,,,,,17393038.0,15434000.0,98000.0,,,,,38403.0,38403.0,0.0,,,,,
2019,Europe and Central Asia,The Netherlands Red Cross,Netherlands,NLD,,17344874.0,910194347568.626,13.4,51930.0,82.1122,4.0,,91.876,4.0,,,9.0,197.0,,5921.0,8697.0,,21.0,14639.0,126.0,304.0,,,430.0,96400537.0,88448000.0,109663676.0,100617000.0,46857497.0,42992000.0,5076810.0,4658000.0,5112777.0,4691000.0,,,,,,,,,,,,,,,,,9097495.0,8347000.0,104075.0,,104075.0,,2530.0,18086.0,1503260.0,,,,,,
2020,Europe and Central Asia,The Netherlands Red Cross,Netherlands,NLD,,17441500.0,909793466661.481,14.4,50170.0,81.3585,4.1,,92.236,4.0,,,9.0,185.0,,,,,14464.0,14464.0,159.0,331.0,,,490.0,168272520.0,156000000.0,144002445.0,133500000.0,64935934.0,60200000.0,6256286.0,5800000.0,12836173.0,11900000.0,,,,,15856449.0,14700000.0,,,,,,,,,,,68387678.0,63400000.0,80242.0,,80242.0,,,,,,,,,,
2021,Europe and Central Asia,The Netherlands Red Cross,Netherlands,NLD,,17533044.0,1029678338329.44,14.5,58170.0,81.461,4.1,,92.572,,1.0,1.0,8.0,23.0,,3714.0,5332.0,,36.0,9082.0,169.0,394.0,,,563.0,146296932.0,136190000.0,144626533.0,134635000.0,47286812.0,44020000.0,6160606.0,5735000.0,18543048.0,17262000.0,,,,,,,,,,,,,,,,,3524490.0,3281000.0,71961.0,,,,730.0,,,,,,,,
2022,Europe and Central Asia,The Netherlands Red Cross,Netherlands,NLD,,17700982.0,1009398719033.08,,60230.0,,,,92.886,,1.0,1.0,8.0,23.0,,4484.0,6988.0,,34.0,11506.0,264.0,528.0,2.0,,794.0,175588757.0,170127000.0,174032344.0,168619000.0,54904836.0,53197000.0,9889621.0,9582000.0,42467983.0,41147000.0,,,,,,,,,,,,,,,,,506763.0,491000.0,90279.0,,,,1480.0,,,,,,,,
2023,Europe and Central Asia,The Netherlands Red Cross,Netherlands,NLD,,,,,,,,,,,1.0,1.0,9.0,141.0,23.0,3364.0,4058.0,,20.0,7442.0,209.0,506.0,,,715.0,180931076.0,194528000.0,176711199.0,189991000.0,63885055.0,68686000.0,10745480.0,11553000.0,33334892.0,35840000.0,,,,,,,,,,,,,,,,,1142166.0,1228000.0,110000.0,,,,2203.0,,,,,,,,
2024,Europe and Central Asia,The Netherlands Red Cross,Netherlands,NLD,,,,,,,,,,,,,,,,,,,,,,,,,,214633740.0,228101000.0,211989644.0,225291000.0,48506448.0,51550000.0,6629058.0,7045000.0,,,,,,,12922193.0,13733000.0,,,6295017.0,6690000.0,,,,,,,37396542.0,39743000.0,,,,,,,,,,,,,
2010,Europe and Central Asia,Norwegian Red Cross,Norway,NOR,DNO001,4889252.0,431052143940.438,10.5,88940.0,80.9976,3.3,,79.102,4.0,,,,,,,,,,40000.0,,,,,,0.0,,0.0,,,,,,,,,,,,,,,,,,0.0,,,,,,,,,,,,,,,,,,,,
2012,Europe and Central Asia,Norwegian Red Cross,Norway,NOR,DNO001,5018573.0,512777309840.997,10.9,99750.0,81.4512,3.0,,79.874,3.0,,,,398.0,,12000.0,28000.0,,,40000.0,,,,,450.0,197321569.0,1205398000.0,187993877.0,1148417000.0,,,,,,,,,,,,,,,,,0.0,,,,,,,,,,,,,,,,,,,,
2013,Europe and Central Asia,Norwegian Red Cross,Norway,NOR,DNO001,5079623.0,526014468085.106,10.9,104830.0,81.7512,2.9,,80.286,3.0,,,,398.0,,14700.0,27300.0,,,42000.0,165.0,283.0,,,448.0,237767335.0,1636933000.0,188078465.0,1294845000.0,,,,,,,,,,,,,,,,,1639892.0,11290000.0,,,,,,,,,,,,,,,,,,,
2014,Europe and Central Asia,Norwegian Red Cross,Norway,NOR,DNO001,5137232.0,501736471832.848,11.9,105070.0,82.1,2.8,,80.692,3.0,,,,382.0,,15700.0,27300.0,,,43000.0,200.0,202.0,,,402.0,211034507.0,1591694000.0,177822533.0,1341198000.0,,,,,,,,,,,,,,,,,894550.0,6747000.0,,,,,,,,,,,,,,,,,,,
2015,Europe and Central Asia,Norwegian Red Cross,Norway,NOR,DNO001,5188607.0,388159512245.53,12.2,93440.0,82.3049,2.7,,81.091,2.0,,,,380.0,,,,,,43000.0,205.0,252.0,,,457.0,187198449.0,1643301000.0,168263770.0,1477085000.0,,,,,,,,,,,,,,,,,2130117.0,18699000.0,,,,,,,,,,,,,,,,,,,
2016,Europe and Central Asia,Norwegian Red Cross,Norway,NOR,,5234519.0,370956547619.048,12.3,81870.0,82.4073,2.6,,81.485,2.0,,,,380.0,,,,,,50000.0,334.0,509.0,,,843.0,240380688.0,2035210000.0,221804545.0,1877933000.0,48307399.0,409000000.0,8356589.0,70752000.0,3622464.0,30670000.0,2011548.0,17031000.0,0.0,0.0,1047172.0,8866000.0,0.0,0.0,6242639.0,52854000.0,651736.0,5518000.0,0.0,0.0,0.0,0.0,41383260.0,350376000.0,28944.0,,,,0.0,0.0,0.0,0.0,,,,,
2017,Europe and Central Asia,Norwegian Red Cross,Norway,NOR,,5276968.0,401745275035.261,12.9,76230.0,82.6098,2.5,,81.871,2.0,1.0,1.0,17.0,383.0,,20073.0,19928.0,,,40001.0,297.0,467.0,,,764.0,238253432.0,2003763000.0,231821850.0,1949672000.0,24733013.0,208010000.0,6210423.0,52231000.0,3316918.0,27896000.0,2542622.0,21384000.0,0.0,0.0,1058831.0,8905000.0,0.0,0.0,7098152.0,59697000.0,1742642.0,14656000.0,0.0,0.0,0.0,0.0,60303916.0,507169000.0,30828.0,,,,0.0,0.0,0.0,0.0,,,,,
2018,Europe and Central Asia,Norwegian Red Cross,Norway,NOR,,5311916.0,439788625883.8,12.7,80970.0,82.7585,2.4,,82.248,2.0,1.0,1.0,17.0,380.0,,16569.0,25442.0,,,42011.0,265.0,437.0,,,702.0,193441356.0,1706915822.0,208310580.0,1838121025.0,,,,,,,,,,,,,,,,,,,,,,,,,40300.0,,,,1720.0,0.0,0.0,0.0,,,,,
2019,Europe and Central Asia,Norwegian Red Cross,Norway,NOR,,5347896.0,408742840909.091,12.7,82430.0,82.9585,2.4,,82.616,2.0,,,17.0,375.0,,15804.0,25050.0,,1808.0,42662.0,300.0,467.0,,0.0,767.0,244892394.0,2209721583.0,220838544.0,1992678046.0,30698354.0,276998460.0,3989690.0,35999911.0,28282401.0,255198750.0,,,,,,,,,9701614.0,87539939.0,784645.0,7080035.0,,,,,40636131.0,366669353.0,,,,,,,,,,,,,
2020,Europe and Central Asia,Norwegian Red Cross,Norway,NOR,,5379475.0,367633418886.627,,78610.0,83.2098,2.3,,82.974,2.0,,,17.0,375.0,,15910.0,25370.0,,1720.0,43000.0,229.0,384.0,,,613.0,214185558.0,2161940000.0,202254635.0,2041512000.0,30915304.0,312052000.0,4042988.0,40809000.0,26767420.0,270184208.0,,,,,,,,,10916733.0,110191000.0,446837.0,4510273.0,,,97127.0,980376.0,27044518.0,272981177.0,1421.0,,1421.0,,5552.0,,,,,,,,
2021,Europe and Central Asia,Norwegian Red Cross,Norway,NOR,,5408320.0,490293364377.183,,83190.0,83.1634,2.2,,83.323,,1.0,1.0,17.0,372.0,,16895.0,27038.0,,2880.0,46813.0,315.0,515.0,,,830.0,255979175.0,2472201643.0,224588401.0,2169035097.0,43695953.0,422007795.0,2746807.0,26528178.0,4536338.0,43811153.0,2290269.0,22119018.0,,,,,,,,,122216.0,1180337.0,176417.0,1703808.0,156651.0,1512906.0,68892165.0,665348361.0,44446.0,,,,5814.0,,,,,,,,
2022,Europe and Central Asia,Norwegian Red Cross,Norway,NOR,,5457127.0,579422449510.271,,95520.0,,,,83.664,,1.0,1.0,17.0,367.0,,14973.0,23742.0,0.0,2658.0,41373.0,231.0,472.0,0.0,0.0,703.0,269962305.0,2602297141.0,284701211.0,2744372576.0,48163693.0,464273114.0,19607404.0,189005244.0,0.0,0.0,0.0,0.0,0.0,0.0,0.0,0.0,0.0,0.0,0.0,0.0,990941.0,9552158.0,16771.0,161659.0,124986.0,1204801.0,23859540.0,229993634.0,9090.0,,,,,,,,,,,,
2023,Europe and Central Asia,Norwegian Red Cross,Norway,NOR,,,,,,,,,,,1.0,1.0,17.0,379.0,360.0,16857.0,28030.0,,1620.0,46507.0,344.0,551.0,,,895.0,341432915.0,4127075000.0,323941311.0,3915645000.0,30861427.0,373037920.0,18750951.0,226652375.0,2026637.0,24497000.0,4219892.0,51008000.0,,,,,,,27343920.0,330520000.0,5670976.0,68548000.0,20702.0,250231.0,81330.0,983073.0,49441384.0,597623401.0,,,,,1770.0,,,,,,,,
2024,Europe and Central Asia,Norwegian Red Cross,Norway,NOR,,,,,,,,,,,1.0,1.0,17.0,370.0,351.0,,,,,39415.0,340.0,538.0,,,878.0,234554771.0,2949575360.0,182705949.0,2297565572.0,25231316.0,317289083.0,4660268.0,58603845.0,2005511.0,25219715.0,0.0,0.0,0.0,0.0,16657.0,209461.0,0.0,0.0,2800575.0,35217818.0,,,452733.0,5693216.0,722002.0,9079325.0,41707023.0,524474551.0,63915.0,,,,2215.0,,,,,,,,
2009,Asia Pacific,Nepal Red Cross Society,Nepal,NPL,DNP001,26883531.0,12854985464.0764,,480.0,67.178,49.2,,16.434,323.0,,,,6504.0,,,,,,20000.0,,,,,259.0,1127323.0,80143512.0,1061161.0,75439975.0,,,,,,,,,,,,,,,,,0.0,,,,,,,,,,,,12000.0,,,,,,,,
2010,Asia Pacific,Nepal Red Cross Society,Nepal,NPL,DNP001,27161567.0,16002656434.4746,25.2,540.0,66.814,45.9,,16.768,349.0,,,,,,,,,,90000.0,,,,,,0.0,,0.0,,,,,,,,,,,,,,,,,,0.0,,,,,,,,,,,,,,,,,,,,
2011,Asia Pacific,Nepal Red Cross Society,Nepal,NPL,DNP001,27266399.0,21573872273.8375,,630.0,67.313,43.6,59.63,17.108,295.0,,,,6743.0,,,,,,20000.0,,,,,257.0,2657733.0,235089482.0,2813533.0,248870748.0,,,,,,,,,,,,,,,,,0.0,,,,,,,,,,,,,,,,,,,,
2012,Asia Pacific,Nepal Red Cross Society,Nepal,NPL,DNP001,27330694.0,21703100747.4797,,760.0,67.47,41.5,,17.458,288.0,,,,7249.0,,14476.0,6205.0,,,20681.0,,,,,255.0,6146442.0,578929637.0,5818089.0,548002353.0,,,,,,,,,,,,,,,,,0.0,,,,,,,,,,,,,,,,,,,,
2013,Asia Pacific,Nepal Red Cross Society,Nepal,NPL,DNP001,27381555.0,22162205046.022,,840.0,67.965,39.4,,17.815,261.0,,,,7468.0,,12739.0,9225.0,,,21964.0,314.0,60.0,,,374.0,8177921.0,900977955.0,6281362.0,692030207.0,,,,,,,,,,,,,,,,,0.0,,,,,,,,,,,,,,,,,,,,
2014,Asia Pacific,Nepal Red Cross Society,Nepal,NPL,DNP001,27462106.0,22731612827.0632,,860.0,68.085,37.4,,18.182,253.0,,,,7991.0,,,,,,24160.0,,,,,389.0,9110057.0,926228658.0,8719984.0,886569475.0,,,,,,,,,,,,,,,,,0.0,,,,,,,,,,,,,,,,,,,,
2015,Asia Pacific,Nepal Red Cross Society,Nepal,NPL,DNP001,27610325.0,24360801337.6944,,870.0,67.456,35.5,,18.557,252.0,,,,7863.0,,,,,,21109.0,,,,,500.0,1963247.0,207134384.0,1801991.0,190120844.0,,,,,,,,,,,,,,,,,0.0,,,,,,,,,,,,,,,,,,,,
2016,Asia Pacific,Nepal Red Cross Society,Nepal,NPL,,27861186.0,24524109483.5293,,860.0,68.776,33.7,,18.942,224.0,,,,7975.0,,50347.0,53461.0,,,103808.0,523.0,229.0,,,752.0,28899450.0,3106799631.0,24414867.0,2624690119.0,,,,,369408.0,39712737.0,19813340.0,2130008581.0,,,,,1014179.0,109028062.0,278222.0,29909958.0,,,,,,,7424301.0,798140290.0,7120.0,3667.0,,3453.0,1085502.0,602995.0,602995.0,1184057.0,,,,,
2017,Asia Pacific,Nepal Red Cross Society,Nepal,NPL,,28183426.0,28971588880.3546,,970.0,68.91,32.1,,19.336,223.0,1.0,1.0,30.0,7975.0,,54615.0,57998.0,,0.0,112613.0,471.0,466.0,,0.0,937.0,35167380.0,3691725790.0,26012296.0,2730663008.0,,,,,,,500108.0,52499236.0,,,,,1419546.0,149018005.0,1144848.0,120181396.0,20841391.0,2187842898.0,6300042.0,661352280.0,112664.0,11827020.0,4848781.0,509004951.0,2666.0,1373.0,0.0,1293.0,385356.0,282220.0,282220.0,220791.0,,,,,
2018,Asia Pacific,Nepal Red Cross Society,Nepal,NPL,,28506712.0,33111525183.2178,,1110.0,68.979,30.6,,19.74,201.0,1.0,1.0,31.0,8019.0,,70810.0,50776.0,,,121586.0,597.0,261.0,,,858.0,44487589.0,4822502846.0,37700007.0,4086721621.0,,,,,,,701157.0,76006199.0,,,6834.0,740802.0,2214342.0,240037091.0,420291.0,45559970.0,31195840.0,3381662853.0,9816324.0,1064100167.0,116818.0,12663165.0,15983.0,1732596.0,1371.0,658.0,,713.0,619816.0,222546.0,222546.0,307187.0,,,,,
2019,Asia Pacific,Nepal Red Cross Society,Nepal,NPL,,28832496.0,34186180695.9969,,1220.0,69.558,29.3,,20.153,182.0,,,30.0,8177.0,,71715.0,45902.0,,0.0,117617.0,355.0,112.0,,,467.0,28410098.0,3118219489.0,23991534.0,2633249279.0,,,,,,,254567.0,27940657.0,,,24217.0,2657980.0,448244.0,49198060.0,2190693.0,240444860.0,18187947.0,1996262451.0,5014216.0,550347511.0,86215.0,9462688.0,2203999.0,241905279.0,7425.0,3494.0,,3931.0,545040.0,502251.0,502251.0,33752.0,,,,,
2020,Asia Pacific,Nepal Red Cross Society,Nepal,NPL,,29348627.0,33433659223.6349,,1180.0,69.246,28.2,,20.576,174.0,,,33.0,8244.0,,69342.0,57298.0,,,126640.0,330.0,92.0,,,422.0,14606149.0,1840956497.0,10946556.0,1379702055.0,,,,,205347.0,25881859.0,791097.0,99709725.0,,,24354.0,3069585.0,1078705.0,135959844.0,1069787.0,134835806.0,9983382.0,1258303785.0,1389813.0,175171752.0,58819.0,7413528.0,4845.0,610614.0,2355.0,1109.0,,1246.0,232235.0,857315.0,857315.0,408158.0,,,,,
2021,Asia Pacific,Nepal Red Cross Society,Nepal,NPL,,30034989.0,36924841428.7182,,1230.0,68.45,27.2,71.15,21.008,,1.0,1.0,30.0,8182.0,,76211.0,70313.0,,,146524.0,310.0,82.0,,,392.0,14662188.0,1884115704.0,10661410.0,1370008931.0,,,,,,,,,,,,,,,,,,,,,,,,,6462.0,3424.0,,3038.0,2314801.0,717483.0,717483.0,476463.0,,,,,
2022,Asia Pacific,Nepal Red Cross Society,Nepal,NPL,,30547580.0,40828247303.5337,,1340.0,,,,21.451,,1.0,1.0,30.0,8244.0,,76211.0,70313.0,,,146524.0,250.0,71.0,,,321.0,9650586.0,1235828636.0,8282088.0,1060582389.0,574.0,73500.0,605.0,77445.0,,,994583.0,127363626.0,,,2737.0,350493.0,137293.0,17581365.0,188688.0,24162853.0,6208778.0,795079834.0,1476987.0,189139010.0,49552.0,6345443.0,494323.0,63301691.0,1404.0,787.0,,617.0,2000404.0,20600.0,20600.0,168000.0,,,,,
2023,Asia Pacific,Nepal Red Cross Society,Nepal,NPL,,,,,,,,,,,1.0,1.0,34.0,8319.0,77.0,70965.0,75559.0,,,146524.0,242.0,81.0,,,323.0,7181848.0,1083398373.0,6159065.0,929109275.0,,,,,1309.0,197416.0,173621.0,26191099.0,,,,,1556919.0,234864808.0,631520.0,95266286.0,2876984.0,433999693.0,256263.0,38657887.0,54237.0,8181707.0,2213.0,333790.0,15443.0,7953.0,,7490.0,499458.0,3037776.0,3037776.0,76032.0,,,,,
2024,Asia Pacific,Nepal Red Cross Society,Nepal,NPL,,,,,,,,,,,1.0,1.0,55.0,8319.0,77.0,43905.0,45958.0,,0.0,89863.0,264.0,79.0,,,343.0,12396631.0,1827989684.0,12442806.0,1834798518.0,,,,,,,186795.0,27544566.0,,,,,1614070.0,238008487.0,720819.0,106290894.0,3848093.0,567434378.0,1010281.0,148974533.0,31068.0,4581266.0,,,2002.0,964.0,,1038.0,341323.0,137473.0,137473.0,108816.0,,,,,
2010,Asia Pacific,New Zealand Red Cross,New Zealand,NZL,DNZ001,4350700.0,146517541181.254,,29670.0,80.9049,6.2,,86.16,10.0,,,,106.0,,,,,,6500.0,,,,,260.0,20904159.0,28900000.0,19963834.0,27600000.0,,,,,,,,,,,,,,,,,0.0,,,,,,,,,,,,350.0,,,,,,,,
2011,Asia Pacific,New Zealand Red Cross,New Zealand,NZL,DNZ001,4384000.0,168291357111.739,,32220.0,81.1561,6.1,,86.1,10.0,,,,,,,,,,,,,,,350.0,0.0,,0.0,,,,,,,,,,,,,,,,,,0.0,,,,,,,,,,,,,,,,,,,,
2012,Asia Pacific,New Zealand Red Cross,New Zealand,NZL,DNZ001,4408100.0,176206659722.524,,36700.0,81.4073,6.0,,86.161,10.0,,,,82.0,,,,,,15390.0,,,,,475.0,25361613.0,33840000.0,40963052.0,54657000.0,,,,,,,,,,,,,,,,,1546129.0,2063000.0,,,,,,,,,,,,,,,,,,,
2013,Asia Pacific,New Zealand Red Cross,New Zealand,NZL,DNZ001,4442100.0,190906575136.003,,39950.0,81.4049,5.8,,86.221,8.0,,,,141.0,,,,,,9346.0,,,,,448.0,25885436.0,35564000.0,39882815.0,54795000.0,,,,,,,,,,,,,,,,,0.0,,,,,,,,,,,,,,,,,,,,
2014,Asia Pacific,New Zealand Red Cross,New Zealand,NZL,DNZ001,4516500.0,201313497220.917,,41690.0,81.4568,5.7,,86.281,8.0,,,,152.0,,,,,,10000.0,,,,,438.0,29052674.0,37826000.0,33518948.0,43641000.0,,,,,,,,,,,,,,,,,0.0,,,,,,,,,,,,10808.0,,,,,,,,
2015,Asia Pacific,New Zealand Red Cross,New Zealand,NZL,DNZ001,4609400.0,178064471137.921,,40660.0,81.6124,5.5,,86.341,9.0,,,,149.0,,,,,,8000.0,,,,,471.0,28950605.0,42604000.0,33703903.0,49599000.0,,,,,,,,,,,,,,,,,0.0,,,,,,,,,,,,9298.0,,,,,,,,
2016,Asia Pacific,New Zealand Red Cross,New Zealand,NZL,,4714100.0,188838342527.975,,39450.0,81.6585,5.3,,86.4,8.0,,,,144.0,,,,,,8000.0,118.0,335.0,,,476.0,27446345.0,39784000.0,32311407.0,46836000.0,9907141.0,14360590.0,721506.0,1045837.0,831027.0,1204589.0,,,,,,,332744.0,482319.0,10242546.0,14846766.0,41273.0,59826.0,4901.0,7104.0,377281.0,546876.0,183659.0,266217.0,64292.0,,,,17782.0,,,,,,,,
2017,Asia Pacific,New Zealand Red Cross,New Zealand,NZL,,4813600.0,206556258844.567,,38860.0,81.8585,5.2,,86.466,7.0,1.0,1.0,8.0,154.0,,,,,,12865.0,,,,,530.0,32709519.0,46777000.0,33294804.0,47614000.0,15134192.0,21643000.0,404175.0,578000.0,1258677.0,1800000.0,,,,,,,290894.0,416000.0,10273601.0,14692000.0,73423.0,105000.0,4196.0,6000.0,353828.0,506000.0,62235.0,89000.0,65458.0,,,,,119192.0,119192.0,,,,,,
2018,Asia Pacific,New Zealand Red Cross,New Zealand,NZL,,4900600.0,211886686924.483,,41680.0,81.7073,5.0,,86.538,8.0,1.0,1.0,9.0,154.0,,,,,,13383.0,140.0,337.0,,,477.0,31234969.0,46285000.0,32329560.0,47907000.0,12736255.0,18873000.0,522326.0,774000.0,1565629.0,2320000.0,,,,,,,,,8805987.0,13049000.0,,,576313.0,854000.0,,,1736363.0,2573000.0,65458.0,,,,6303.0,0.0,0.0,300.0,,,,,
2019,Asia Pacific,New Zealand Red Cross,New Zealand,NZL,,4979200.0,213091987153.092,,43110.0,82.0561,4.9,,86.615,7.0,,,9.0,154.0,,,,,13840.0,13840.0,144.0,347.0,,,491.0,30619430.0,46761000.0,31164884.0,47594000.0,11186723.0,17084000.0,481938.0,736000.0,1375095.0,2100000.0,,,,,,,,,9774959.0,14928000.0,,,640401.0,978000.0,,,1269671.0,1939000.0,68675.0,,68675.0,,4941.0,,,,,,,,
2020,Asia Pacific,New Zealand Red Cross,New Zealand,NZL,,5090200.0,212569779569.519,,41590.0,82.2561,4.8,,86.699,7.0,,,9.0,146.0,,1723.0,4283.0,,5919.0,11925.0,158.0,416.0,,2.0,576.0,30878870.0,50682000.0,27418843.0,45003000.0,10021224.0,16448000.0,374699.0,615000.0,463043.0,760000.0,,,,,,,,,9132912.0,14990000.0,,,31073.0,51000.0,210806.0,346000.0,3628794.0,5956000.0,54784.0,,54784.0,,12144.0,13721.0,13721.0,0.0,,,,,
2021,Asia Pacific,New Zealand Red Cross,New Zealand,NZL,,5111400.0,255551704625.831,,45770.0,82.2073,4.7,,86.789,,0.0,1.0,9.0,98.0,,2114.0,6198.0,6.0,1808.0,10126.0,,,,,543.0,34359762.0,54929040.0,31461657.0,50296000.0,10039860.0,16050166.0,310005.0,495588.0,401574.0,641974.0,0.0,0.0,0.0,0.0,0.0,0.0,982144.0,1570099.0,11057444.0,17676920.0,0.0,0.0,25058.0,40059.0,13566.0,21688.0,1953996.0,3123745.0,84326.0,,,,1096.0,748.0,748.0,0.0,,,,,
2022,Asia Pacific,New Zealand Red Cross,New Zealand,NZL,,5124100.0,248101705541.399,,49090.0,,,,86.884,,1.0,1.0,9.0,105.0,,2206.0,6209.0,6.0,1318.0,9739.0,,,,,514.0,30047479.0,55016797.0,28429344.0,52054000.0,10514871.0,19252681.0,1127344.0,2064162.0,569893.0,1043472.0,0.0,0.0,0.0,0.0,0.0,0.0,678028.0,1241466.0,9164693.0,16780511.0,0.0,0.0,99349.0,181907.0,0.0,0.0,2013491.0,3686692.0,61183.0,,,,1097.0,,,,,,,,
2023,Asia Pacific,New Zealand Red Cross,New Zealand,NZL,,,,,,,,,,,1.0,1.0,9.0,101.0,47.0,1601.0,4287.0,10.0,467.0,6365.0,166.0,397.0,0.0,0.0,563.0,43429115.0,79518512.0,36061429.0,66028312.0,22915585.0,41958332.0,701391.0,1284244.0,500150.0,915772.0,,,,,,,699448.0,1280686.0,12068376.0,22097141.0,,,,,,,2398836.0,4392257.0,68915.0,33147.0,4158.0,31557.0,62275.0,64606.0,64606.0,20000.0,,,,,
2024,Asia Pacific,New Zealand Red Cross,New Zealand,NZL,,,,,,,,,,,1.0,1.0,9.0,108.0,46.0,1529.0,4200.0,2.0,363.0,6094.0,163.0,387.0,0.0,0.0,550.0,29240267.0,53464608.0,39663885.0,72523758.0,7878416.0,14405355.0,848457.0,1551368.0,580715.0,1061814.0,,,,,,,745306.0,1362761.0,12389678.0,22654009.0,,,,,,,1927444.0,3524250.0,68648.0,33519.0,3531.0,31544.0,12724.0,30606.0,30606.0,1500.0,,,,,
2010,Americas,Red Cross Society of Panama,Panama,PAN,DPA001,3623617.0,29440287600.0,29.8,7290.0,76.448,19.8,94.09,65.14,55.0,,,,,,,,,,90.0,,,,,,0.0,,0.0,,,,,,,,,,,,,,,,,,0.0,,,,,,,,,,,,,,,,,,,,
2012,Americas,Red Cross Society of Panama,Panama,PAN,DPA001,3754862.0,40429700000.0,26.5,9580.0,76.819,18.6,,65.741,53.0,,,,23.0,,2500.0,1300.0,,,3800.0,12.0,45.0,,,57.0,1681521.0,1810998.0,1334968.0,1437760.0,,,,,,,,,,,,,,,,,0.0,,,,,,,,,,,,,,,,,,,,
2013,Americas,Red Cross Society of Panama,Panama,PAN,DPA001,3821556.0,45599900000.0,25.8,10670.0,77.038,18.0,,66.052,52.0,,,,24.0,,286.0,214.0,,,500.0,12.0,48.0,,,60.0,1658879.0,1810998.0,1267616.0,1383856.0,,,,,,,,,,,,,,,,,0.0,,,,,,,,,,,,,,,,,,,,
2014,Americas,Red Cross Society of Panama,Panama,PAN,DPA001,3888793.0,49921400000.0,25.6,11220.0,77.248,17.5,,66.371,50.0,,,,24.0,,,,,,849.0,,,,,123.0,1350533.0,1367725.0,1521813.0,1541186.0,,,,,,,,,,,,,,,,,0.0,,,,,,,,,,,,,,,,,,,,
2015,Americas,Red Cross Society of Panama,Panama,PAN,DPA001,3957099.0,54091800000.0,23.0,12240.0,77.468,16.9,,66.696,49.0,,,,24.0,,,,,,841.0,,,,,138.0,1562581.0,1579207.0,21662032.0,21892516.0,,,,,,,,,,,,,,,,,0.0,,,,,,,,,,,,,,,,,,,,
2016,Americas,Red Cross Society of Panama,Panama,PAN,,4026336.0,57907700000.0,22.1,12810.0,77.653,16.4,,67.027,49.0,,,,22.0,,374.0,426.0,,,800.0,19.0,67.0,,,86.0,1562022.0,1523240.0,1197350.0,1167622.0,1963.0,1914.0,0.0,0.0,5413.0,5279.0,12306.0,12000.0,0.0,0.0,0.0,0.0,156065.0,152190.0,17030.0,16607.0,6153.0,6000.0,1758.0,1714.0,0.0,0.0,356043.0,347203.0,1099.0,479.0,,620.0,650.0,274.0,274.0,650.0,,,,,
2017,Americas,Red Cross Society of Panama,Panama,PAN,,4096063.0,62202700000.0,20.7,13770.0,77.795,15.9,,67.365,49.0,1.0,1.0,10.0,23.0,,338.0,462.0,,0.0,800.0,13.0,67.0,,0.0,80.0,1570971.0,1609043.0,1457598.0,1492922.0,84357.0,86401.0,4540.0,4650.0,9763.0,10000.0,0.0,0.0,0.0,0.0,0.0,0.0,171044.0,175189.0,17094.0,17508.0,0.0,0.0,1997.0,2045.0,,,55940.0,57296.0,800.0,462.0,0.0,338.0,3250.0,70.0,70.0,100.0,,,,,
2018,Americas,Red Cross Society of Panama,Panama,PAN,,4165255.0,67294169200.0,21.4,14820.0,77.863,15.4,95.41,67.709,47.0,1.0,1.0,9.0,23.0,,606.0,748.0,,0.0,1354.0,20.0,70.0,,0.0,90.0,2857628.0,2902235.0,2040881.0,2072739.0,0.0,0.0,8916.0,9055.0,9846.0,10000.0,518174.0,526263.0,0.0,0.0,0.0,0.0,158755.0,161233.0,61414.0,62373.0,79542.0,80784.0,0.0,0.0,27570.0,28000.0,197560.0,200644.0,3823.0,1908.0,0.0,1915.0,6948.0,2029.0,2029.0,74594.0,,,,,
2019,Americas,Red Cross Society of Panama,Panama,PAN,,4232532.0,69721787500.0,21.5,15330.0,77.81,14.8,95.74,68.059,51.0,,,9.0,23.0,,605.0,706.0,,0.0,1311.0,20.0,68.0,,0.0,88.0,1767699.0,1812220.0,2139305.0,2193185.0,0.0,0.0,0.0,0.0,4877.0,5000.0,589703.0,604555.0,0.0,0.0,0.0,0.0,116553.0,119488.0,40656.0,41680.0,0.0,0.0,0.0,0.0,0.0,0.0,80136.0,82154.0,1869.0,888.0,0.0,981.0,2155.0,1500.0,1500.0,18271.0,,,,,
2020,Americas,Red Cross Society of Panama,Panama,PAN,,4294396.0,57086836900.0,,12930.0,76.657,14.4,,68.414,50.0,,,9.0,23.0,,636.0,710.0,,,1346.0,25.0,77.0,,,102.0,5440207.0,5907329.0,2529089.0,2746249.0,61459.0,66736.0,115049.0,124928.0,37390.0,40600.0,785053.0,852461.0,,,,,42627.0,46287.0,,,24853.0,26987.0,429484.0,466361.0,46548.0,50545.0,36491.0,39624.0,989.0,386.0,209.0,394.0,731467.0,3165.0,3165.0,22818.0,,,,,
2021,Americas,Red Cross Society of Panama,Panama,PAN,,4351267.0,67406738100.0,,14590.0,76.223,13.9,,68.775,,1.0,1.0,9.0,23.0,,774.0,943.0,,,1717.0,21.0,68.0,,,89.0,2856883.0,3125169.0,3268904.0,3575883.0,,,,,,,,,,,,,,,,,,,,,,,,,1466.0,569.0,273.0,624.0,1769176.0,6536.0,6536.0,30543.0,,,,,
2022,Americas,Red Cross Society of Panama,Panama,PAN,,4408581.0,76522511800.0,,16960.0,,,,69.141,,1.0,1.0,9.0,23.0,,773.0,943.0,,,1716.0,21.0,68.0,,,89.0,3725776.0,4040415.0,3869368.0,4196133.0,,,,,384531.0,417004.0,,,,,,,,,,,,,1151482.0,1248724.0,112377.0,121867.0,,,2157.0,1059.0,,1098.0,623.0,2800.0,2800.0,46490.0,,,,,
2023,Americas,Red Cross Society of Panama,Panama,PAN,,,,,,,,,,,0.0,1.0,11.0,32.0,23.0,,,,,1300.0,,,,,132.0,3942134.0,4687654.0,4002961.0,4759984.0,,,,,,,,,692203.0,823109.0,,,107290.0,127580.0,,,,,,,,,3117516.0,3707088.0,1447.0,733.0,783.0,714.0,240.0,2362.0,2362.0,34600.0,,,,,
2024,Americas,Red Cross Society of Panama,Panama,PAN,,,,,,,,,,,,,,,,,,,,,,,,,,,,,,,,,,,,,,,,,,,,,,,,,,,,,,,,,,,,,,,,,,
2010,Americas,Peruvian Red Cross,Peru,PER,DPE001,29229572.0,147527631520.729,30.8,4380.0,73.711,19.9,,76.43,76.0,,,,,,,,,,1861.0,,,,,,0.0,,0.0,,,,,,,,,,,,,,,,,,0.0,,,,,,,,,,,,,,,,,,,,
2011,Americas,Peruvian Red Cross,Peru,PER,DPE001,29477721.0,171761737046.585,27.8,4930.0,74.133,19.0,,76.617,73.0,,,,38.0,,,,,,2000.0,,,,,64.0,438342.0,464686.0,315395.0,334350.0,,,,,,,,,,,,,,,,,0.0,,,,,,,,,,,,,,,,,,,,
2012,Americas,Peruvian Red Cross,Peru,PER,DPE001,29749589.0,192650021648.583,25.8,5740.0,74.544,18.3,93.84,76.804,72.0,,,,38.0,,,,,,2030.0,,,,,85.0,1835587.0,1835587.0,1810995.0,1810995.0,,,,,,,,,,,,,,,,,0.0,,,,,,,,,,,,,,,,,,,,
2013,Americas,Peruvian Red Cross,Peru,PER,DPE001,30038809.0,201175543571.392,23.9,6360.0,74.967,17.6,,76.989,71.0,,,,38.0,,,,,,2030.0,,,,,73.0,1619822.0,4998771.0,1619822.0,4998771.0,,,,,,,,,,,,,,,,,0.0,,,,,,,,,,,,,,,,,,,,
2014,Americas,Peruvian Red Cross,Peru,PER,DPE001,30353951.0,200786250582.943,22.7,6470.0,75.333,17.1,93.71,77.173,65.0,,,,38.0,,,,,,2030.0,,,,,62.0,1316763.0,3886781.0,1272817.0,3757064.0,,,,,,,,,,,,,,,,,0.0,,,,,,,,,,,,,,,,,,,,
2015,Americas,Peruvian Red Cross,Peru,PER,DPE001,30711863.0,189802976285.619,21.8,6290.0,75.621,16.5,94.16,77.357,65.0,,,,42.0,,,,,,2030.0,,,,,70.0,1200337.0,1200337.0,1175554.0,1175554.0,,,,,,,,,,,,,,,,,0.0,,,,,,,,,,,,,,,,,,,,
2016,Americas,Peruvian Red Cross,Peru,PER,,31132779.0,191898104390.379,20.7,6070.0,75.789,16.1,94.17,77.539,62.0,,,,38.0,,545.0,678.0,,,1223.0,35.0,40.0,,,75.0,1279126.0,1279126.0,1406322.0,1406322.0,0.0,0.0,0.0,0.0,0.0,0.0,0.0,0.0,0.0,0.0,0.0,0.0,412675.0,412675.0,173739.0,173739.0,493922.0,493922.0,156854.0,156854.0,41936.0,41936.0,0.0,0.0,837.0,504.0,,333.0,2000.0,2100.0,2100.0,6890.0,,,,,
2017,Americas,Peruvian Red Cross,Peru,PER,,31605486.0,211007984080.911,21.7,6030.0,75.879,15.7,94.15,77.72,61.0,1.0,1.0,10.0,41.0,,331.0,527.0,,0.0,858.0,31.0,31.0,,0.0,62.0,1533170.0,5069754.0,1928638.0,6377455.0,558345.0,1846289.0,74456.0,246205.0,,,,,,,,,613404.0,2028351.0,,,93170.0,308087.0,151607.0,501320.0,42187.0,139502.0,,,2700.0,,,,14995.0,1436.0,1436.0,3634.0,,,,,
2018,Americas,Peruvian Red Cross,Peru,PER,,32203944.0,222597009739.235,20.5,6430.0,76.009,15.3,94.41,77.907,63.0,0.0,0.0,,,,755.0,1177.0,,0.0,1932.0,,,,,,1004139.0,3433965.0,970911.0,3320330.0,0.0,0.0,2983.0,10200.0,0.0,0.0,6115.0,20913.0,0.0,0.0,0.0,0.0,0.0,0.0,816506.0,2792295.0,65801.0,225028.0,60541.0,207037.0,35239.0,120510.0,16955.0,57982.0,,,,,,,,,,,,,
2019,Americas,Peruvian Red Cross,Peru,PER,,32824861.0,228325821196.153,20.2,6770.0,76.156,14.9,,78.099,72.0,,,,40.0,,,,,2000.0,2000.0,,,,,,,,,,,,,,,,,,,,,,,,,,,,,,,,,,,,,,,,,,,,,,
2020,Americas,Peruvian Red Cross,Peru,PER,,33304756.0,201947615138.567,30.1,6000.0,73.665,14.5,94.5,78.297,69.0,,,1.0,32.0,,,,,2616.0,2616.0,,,,100.0,100.0,,,,,,,,,,,,,,,,,,,,,,,,,,,,,,,,,,,,396000.0,,,,,
2021,Americas,Peruvian Red Cross,Peru,PER,,33715471.0,223717799056.526,25.9,6420.0,72.377,14.1,,78.5,,1.0,1.0,10.0,32.0,,,,,,2641.0,,,,,152.0,564263.0,2505062.0,1394199.0,6189592.0,0.0,0.0,0.0,0.0,0.0,0.0,0.0,0.0,0.0,0.0,0.0,0.0,409202.0,1816666.0,0.0,0.0,0.0,0.0,112263.0,498396.0,42797.0,190000.0,0.0,0.0,0.0,,,,0.0,0.0,0.0,258000.0,,,,,
2022,Americas,Peruvian Red Cross,Peru,PER,,34049588.0,242631573320.79,27.5,6740.0,,,,78.708,,,,,,,,,,,,,,,,,,,,,,,,,,,,,,,,,,,,,,,,,,,,,,,,,,,,,,,,,
2023,Americas,Peruvian Red Cross,Peru,PER,,,,,,,,,,,,,,,,,,,,,,,,,,,,,,,,,,,,,,,,,,,,,,,,,,,,,,,,,,,,,,,,,,
2024,Americas,Peruvian Red Cross,Peru,PER,,,,,,,,,,,,,,,,,,,,,,,,,,,,,,,,,,,,,,,,,,,,,,,,,,,,,,,,,,,,,,,,,,
2012,Asia Pacific,Papua New Guinea Red Cross Society,Papua New Guinea,PNG,DPG001,8026545.0,21295168665.7247,,2160.0,63.733,55.2,,12.982,255.0,,,,13.0,,,,,,250.0,21.0,19.0,,,40.0,709050.0,1527578.0,693978.0,1495107.0,,,,,,,,,,,,,,,,,0.0,,,,,,,,,,,,33703.0,,,,,,,,
2013,Asia Pacific,Papua New Guinea Red Cross Society,Papua New Guinea,PNG,DPG001,8245627.0,21261338064.8783,,2360.0,63.961,53.8,,12.978,233.0,,,,13.0,,,,,,,,,,,,0.0,,0.0,,,,,,,,,,,,,,,,,,0.0,,,,,,,,,,,,,,,,,,,,
2014,Asia Pacific,Papua New Guinea Red Cross Society,Papua New Guinea,PNG,DPG001,8464153.0,23210823987.308,,2810.0,64.259,52.5,,12.988,229.0,,,,13.0,,,,,,500.0,,,,,25.0,0.0,,0.0,,,,,,,,,,,,,,,,,,0.0,,,,,,,,,,,,,,,,,,,,
2015,Asia Pacific,Papua New Guinea Red Cross Society,Papua New Guinea,PNG,DPG001,8682174.0,21723437010.0982,,2540.0,64.701,51.1,,13.012,208.0,,,,13.0,,,,,,500.0,,,,,25.0,0.0,,0.0,,,,,,,,,,,,,,,,,,0.0,,,,,,,,,,,,,,,,,,,,
2016,Asia Pacific,Papua New Guinea Red Cross Society,Papua New Guinea,PNG,,8899169.0,20758876952.6232,,2430.0,64.84,49.7,,13.05,209.0,,,,13.0,,663.0,405.0,,,1068.0,12.0,13.0,,,25.0,482136.0,1464025.0,488728.0,1484044.0,,,,,,,,,,,,,,,,,,,,,,,,,,,,,0.0,,,,,,,,
2017,Asia Pacific,Papua New Guinea Red Cross Society,Papua New Guinea,PNG,,9114796.0,22742699138.356,,2330.0,65.103,48.3,,13.102,210.0,1.0,1.0,8.0,13.0,,,,,,1068.0,18.0,15.0,,,33.0,676922.0,2178433.0,605263.0,1947823.0,,,,,,,,,,,,,,,,,,,,,,,,,1839.0,537.0,,1302.0,10816.0,,,,,,,,
2018,Asia Pacific,Papua New Guinea Red Cross Society,Papua New Guinea,PNG,,9329227.0,24109780708.0268,,2330.0,65.182,46.9,,13.169,199.0,1.0,1.0,8.0,14.0,,250.0,170.0,,,420.0,19.0,14.0,,,33.0,717172.0,2407667.0,710813.0,2386321.0,,,,,,,,,,,,,,,,,,,,,,,,,1690.0,,,,9275.0,507.0,507.0,,,,,,
2019,Asia Pacific,Papua New Guinea Red Cross Society,Papua New Guinea,PNG,,9542486.0,24751066910.5409,,2430.0,65.474,45.5,,13.25,190.0,,,9.0,13.0,,,,,680.0,680.0,12.0,11.0,,,23.0,562845.0,1930732.0,577104.0,1979645.0,641.0,2200.0,,,,,,,,,,,139039.0,476947.0,119415.0,409630.0,117515.0,403112.0,128507.0,440819.0,49817.0,170888.0,1497.0,5136.0,1640.0,558.0,,1082.0,9796.0,1989.0,1989.0,48.0,,,,,
2020,Asia Pacific,Papua New Guinea Red Cross Society,Papua New Guinea,PNG,,9749640.0,23848445103.9227,,2420.0,65.787,44.2,,13.345,192.0,,,9.0,13.0,,263.0,437.0,,,700.0,14.0,10.0,,,24.0,473102.0,1764537.0,451555.0,1684172.0,1093.0,4075.0,,,,,,,,,,,107311.0,400238.0,50120.0,186932.0,94927.0,354049.0,111016.0,414058.0,41840.0,156050.0,61436.0,229137.0,912.0,276.0,,636.0,72387.0,72402.0,72402.0,15.0,,,,,
2021,Asia Pacific,Papua New Guinea Red Cross Society,Papua New Guinea,PNG,,9949437.0,26113333244.5115,,2430.0,65.351,42.8,,13.456,,1.0,1.0,9.0,12.0,,465.0,185.0,,200.0,850.0,13.0,8.0,,,21.0,619688.0,2338126.0,447156.0,1687153.0,3845.0,14506.0,,,,,,,,,,,9163.0,34572.0,129383.0,488171.0,210143.0,792886.0,147754.0,557487.0,29288.0,110504.0,90112.0,340000.0,853.0,196.0,,657.0,3556.0,3556.0,3556.0,0.0,,,,,
2022,Asia Pacific,Papua New Guinea Red Cross Society,Papua New Guinea,PNG,,10142619.0,31603619041.7903,,2700.0,,,,13.582,,1.0,1.0,9.0,12.0,,500.0,250.0,,,750.0,16.0,16.0,,,32.0,608217.0,2283192.0,547941.0,2056919.0,,,,,,,,,,,,,106556.0,400000.0,66597.0,250000.0,106556.0,400000.0,226963.0,852000.0,57806.0,217000.0,43739.0,164192.0,1435.0,,,,3808.0,292.0,992.0,,,,,,
2023,Asia Pacific,Papua New Guinea Red Cross Society,Papua New Guinea,PNG,,,,,,,,,,,1.0,1.0,9.0,13.0,12.0,243.0,205.0,,414.0,862.0,16.0,10.0,,,26.0,596533.0,2589862.0,624194.0,2709950.0,,,,,,,,,,,,,114720.0,498058.0,164264.0,713157.0,75112.0,326099.0,183325.0,795910.0,53631.0,232838.0,,,1428.0,,,,5634.0,99.0,1099.0,2543.0,,,,,
2024,Asia Pacific,Papua New Guinea Red Cross Society,Papua New Guinea,PNG,,,,,,,,,,,1.0,1.0,9.0,13.0,12.0,243.0,205.0,,414.0,862.0,22.0,10.0,,,32.0,688130.0,2961265.0,467092.0,2010061.0,,,,,,,,,,,,,10087.0,43410.0,257030.0,1106090.0,143258.0,616490.0,254254.0,1094145.0,23500.0,101129.0,,,1398.0,1013.0,,385.0,972.0,65.0,2065.0,2565.0,,,,,
2010,Asia Pacific,Philippine Red Cross,Philippines,PHL,DPH001,94636700.0,208368893151.144,,2360.0,70.754,31.8,,45.332,105.0,,,,,,,,,,236237.0,,,,,,0.0,,0.0,,,,,,,,,,,,,,,,,,0.0,,,,,,,,,,,,,,,,,,,,
2011,Asia Pacific,Philippine Red Cross,Philippines,PHL,DPH001,96337913.0,234216730295.938,,2500.0,70.788,31.4,,45.522,108.0,,,,100.0,,,,,,450000.0,,,,,1000.0,22097344.0,1025862562.0,20963593.0,973228517.0,,,,,,,,,,,,,,,,,0.0,,,,,,,,,,,,,,,,,,,,
2012,Asia Pacific,Philippine Red Cross,Philippines,PHL,DPH001,98032317.0,261920540972.102,25.2,2840.0,70.881,31.0,,45.712,104.0,,,,100.0,,,,,,69828.0,,,,,1500.0,28246101.0,1268012686.0,31166101.0,1399096158.0,,,,,,,,,,,,,,,,,5742505.0,257790238.0,,,,,,,,,,,1878290.0,,,,,,,,
2013,Asia Pacific,Philippine Red Cross,Philippines,PHL,DPH001,99700107.0,283902828581.65,,3140.0,70.835,30.6,96.4,45.903,103.0,,,,100.0,,,,,,45301.0,,,,,1500.0,28443177.0,1411142815.0,42481228.0,2107608454.0,,,,,,,,,,,,,,,,,0.0,,,,,,,,,,,,,,,,,,,,
2014,Asia Pacific,Philippine Red Cross,Philippines,PHL,DPH001,101325201.0,297483555344.802,,3300.0,71.151,30.2,,46.093,89.0,,,,102.0,,,,,,74305.0,,,,,1606.0,72516804.0,3280094593.0,51772669.0,2341791730.0,,,,,,,,,,,,,,,,,0.0,,,,,,,,,,,,,,,,,,,,
2015,Asia Pacific,Philippine Red Cross,Philippines,PHL,DPH001,103031365.0,306445871246.718,23.5,3350.0,71.268,29.8,98.18,46.284,88.0,,,,102.0,,,,,,83340.0,,,,,1982.0,53166852.0,2522767076.0,52940775.0,2512039711.0,,,,,,,,,,,,,,,,,0.0,,,,,,,,,,,,,,,,,,,,
2016,Asia Pacific,Philippine Red Cross,Philippines,PHL,,104875266.0,318627003012.52,,3410.0,71.387,29.3,,46.475,86.0,,,,149.0,,,,,,109617.0,895.0,839.0,,,1734.0,61634804.0,2983147202.0,64590181.0,3126188511.0,4734766.0,229164434.0,283189.0,13706432.0,,,,,,,,,20488172.0,991635066.0,7683595.0,371888802.0,26007753.0,1258784792.0,,,,,2437330.0,117967673.0,171767.0,,,,2790245.0,,,,,,,,
2017,Asia Pacific,Philippine Red Cross,Philippines,PHL,,106738501.0,328480736798.792,,3480.0,71.516,28.7,,46.682,84.0,1.0,1.0,30.0,104.0,,39756.0,65869.0,,,105625.0,746.0,865.0,,,1611.0,37489621.0,1916059559.0,31167445.0,1592939050.0,549646.0,28091901.0,4203797.0,214852154.0,,,,,,,,,10544455.0,538917265.0,4361726.0,222923750.0,13768574.0,703698957.0,832670.0,42557002.0,693429.0,35440493.0,2535324.0,129578033.0,138775.0,,,,883616.0,189097.0,189097.0,359859.0,,,,,
2018,Asia Pacific,Philippine Red Cross,Philippines,PHL,,108568836.0,346841896583.515,16.7,3640.0,71.689,28.0,,46.907,82.0,1.0,1.0,29.0,104.0,,105582.0,133869.0,,,239451.0,820.0,949.0,,,1769.0,,,,,,,,,,,,,,,,,,,,,,,,,,,,,146391.0,64017.0,,82374.0,1346049.0,1745176.0,1745176.0,272772.0,,,,,
2019,Asia Pacific,Philippine Red Cross,Philippines,PHL,,110380804.0,376823402244.928,,3770.0,71.865,27.3,96.28,47.149,81.0,,,29.0,104.0,,167416.0,138008.0,,101363.0,406787.0,710.0,992.0,,,1702.0,,,,,,,,,,,,,,,,,,,,,,,,,,,,,112315.0,,112315.0,,2919693.0,461440.0,461440.0,261467.0,,,,,
2020,Asia Pacific,Philippine Red Cross,Philippines,PHL,,112190977.0,361751145451.597,,3350.0,72.119,26.5,,47.408,78.0,,,29.0,104.0,,,,,131344.0,131344.0,,,,2221.0,2221.0,29679054.0,1561398054.0,27959142.0,1470914444.0,168151.0,8846311.0,7965537.0,419062354.0,,,,,7853284.0,413156763.0,,,9647989.0,507575159.0,1692447.0,89038651.0,202024.0,10628355.0,,,,,1898854.0,99897641.0,48295.0,,,48295.0,5543424.0,136897.0,136897.0,5398212.0,,,,,
2021,Asia Pacific,Philippine Red Cross,Philippines,PHL,,113880328.0,394087359844.049,18.1,3550.0,69.266,25.7,,47.684,,1.0,1.0,27.0,102.0,,,,,,300888.0,995.0,1278.0,,,2273.0,167931580.0,9145603991.0,87124543.0,4744828603.0,,,,,,,,,,,,,,,,,,,,,,,,,56690.0,,,,3089608.0,148250.0,148250.0,2261748.0,,,,,
2022,Asia Pacific,Philippine Red Cross,Philippines,PHL,,115559009.0,404284326110.463,,3950.0,,,,47.977,,1.0,1.0,28.0,102.0,,,,,,124556.0,,,,,1923.0,27407744.0,1524261397.0,27147158.0,1509769072.0,,,,,,,,,,,,,,,,,,,,,,,,,148279.0,,,,2972842.0,276498.0,276498.0,4573804.0,,,,,
2023,Asia Pacific,Philippine Red Cross,Philippines,PHL,,,,,,,,,,,0.0,0.0,,139.0,102.0,,,,,541000.0,,,,,1923.0,,,,,,,,,,,,,,,,,,,,,,,,,,,,,,,,,,,,,,,,,
2024,Asia Pacific,Philippine Red Cross,Philippines,PHL,,,,,,,,,,,,,,,,,,,,,,,,,,,,,,,,,,,,,,,,,,,,,,,,,,,,,,,,,,,,,,,,,,
2010,Asia Pacific,Pakistan Red Crescent,Pakistan,PAK,DPK001,194454498.0,196709621849.586,36.8,1020.0,64.436,87.2,55.38,34.997,230.0,,,,,,,,,,11270.0,,,,,,0.0,,0.0,,,,,,,,,,,,,,,,,,0.0,,,,,,,,,,,,,,,,,,,,
2012,Asia Pacific,Pakistan Red Crescent,Pakistan,PAK,DPK001,202205861.0,250106966104.704,,1140.0,64.782,83.0,56.76,35.408,216.0,,,,92.0,,,,,,253000.0,,,,,2220.0,3869323.0,411220000.0,3383517.0,359590000.0,,,,,,,,,,,,,,,,,768716.0,81696852.0,,,,,,,,,,,300000.0,,,,,,,,
2013,Asia Pacific,Pakistan Red Crescent,Pakistan,PAK,DPK001,205337562.0,258657231672.412,29.5,1240.0,65.15,80.7,55.59,35.613,206.0,,,,83.0,,,,,,253400.0,,,,,2220.0,3833054.0,452304193.0,2678062.0,316014008.0,,,,,,,,,,,,,,,,,801351.0,94560240.0,,,,,,,,,,,300000.0,,,,,,,,
2014,Asia Pacific,Pakistan Red Crescent,Pakistan,PAK,DPK001,208251628.0,271390474857.632,,1280.0,65.284,78.4,56.98,35.819,210.0,,,,96.0,,,,,,3950.0,,,,,2335.0,4005781.0,404976381.0,6043489.0,610984607.0,,,,,,,,,,,,,,,,,0.0,,,,,,,,,,,,,,,,,,,,
2015,Asia Pacific,Pakistan Red Crescent,Pakistan,PAK,DPK001,210969298.0,299963590534.773,24.3,1320.0,65.697,76.2,,36.026,187.0,,,,44.0,,,,,,4500.0,1837.0,287.0,,,2124.0,4496083.0,471868394.0,4916410.0,515982112.0,,,,,,,,,,,,,,,,,0.0,,,,,,,,,,,,,,,,,,,,
2016,Asia Pacific,Pakistan Red Crescent,Pakistan,PAK,,213524840.0,313630000130.435,,1400.0,65.88,73.9,,36.234,188.0,,,,44.0,,10394.0,4476.0,,,14870.0,,,,,914.0,6576111.0,708861844.0,6576111.0,708861844.0,,,,,,,690062.0,74384169.0,,,,,,,1417266.0,152772000.0,938628.0,101177987.0,1575529.0,169831686.0,1890328.0,203765002.0,,,75265.0,20029.0,,55236.0,7504.0,646000.0,646000.0,474000.0,,,,,
2017,Asia Pacific,Pakistan Red Crescent,Pakistan,PAK,,216379655.0,339205534861.1,,1490.0,66.297,71.8,59.13,36.442,177.0,1.0,1.0,22.0,44.0,,2992.0,775.0,,0.0,3767.0,527.0,81.0,,0.0,608.0,5629289.0,635575104.0,5108327.0,576755858.0,8208.0,926770.0,199194.0,22490000.0,,,,,,,,,82885.0,9358186.0,,,1281656.0,144705433.0,1815685.0,205000000.0,2154777.0,243285215.0,,,108946.0,36742.0,,72204.0,33486.0,506299.0,506299.0,122116.0,,,,,
2018,Asia Pacific,Pakistan Red Crescent,Pakistan,PAK,,219731479.0,356128166704.921,21.9,1610.0,66.482,69.6,57.01,36.666,178.0,0.0,1.0,17.0,44.0,,5378.0,3170.0,,,8548.0,,,,,691.0,3829226.0,539024000.0,2365632.0,333000000.0,4504.0,634000.0,84182.0,11850000.0,,,250061.0,35200000.0,,,,,,,1038960.0,146250000.0,179234.0,25230000.0,809998.0,114020000.0,1462287.0,205840000.0,,,100909.0,31332.0,,69577.0,80368.0,1345136.0,1345136.0,0.0,,,,,
2019,Asia Pacific,Pakistan Red Crescent,Pakistan,PAK,,223293280.0,320909472770.669,,1570.0,66.756,67.5,58.0,36.907,179.0,,,20.0,56.0,,8837.0,1403.0,,,10240.0,134.0,15.0,,486.0,635.0,3242296.0,536182542.0,2472773.0,408925600.0,,,,,,,,,,,873026.0,144373448.0,,,7111.0,1176000.0,294775.0,48747266.0,830404.0,137325016.0,1181607.0,195403812.0,,,55612.0,18073.0,,37539.0,317467.0,199575.0,199575.0,3000.0,,,,,
2020,Asia Pacific,Pakistan Red Crescent,Pakistan,PAK,,227196741.0,300425609817.981,,1420.0,66.269,65.5,,37.165,154.0,,,20.0,56.0,,829.0,336.0,,,1165.0,134.0,15.0,,486.0,635.0,5626744.0,992896368.0,5124070.0,904194470.0,,,,,,,301607.0,53221602.0,,,230137.0,40609955.0,,,663629.0,117104082.0,318827.0,56260362.0,2727118.0,481227750.0,1141588.0,201444837.0,187792.0,33137780.0,18767.0,6460.0,,12307.0,31102250.0,712000.0,712000.0,123678.0,,,,,
2021,Asia Pacific,Pakistan Red Crescent,Pakistan,PAK,,231402117.0,348516647445.148,,1470.0,66.098,63.3,,37.44,,0.0,1.0,17.0,60.0,,1607.0,1314.0,,,2921.0,582.0,82.0,,,664.0,6413964.0,1098845921.0,3523569.0,603660955.0,,,,,,,,,,,,,,,,,,,,,,,,,29597.0,8542.0,,21055.0,149900.0,87969.0,87969.0,422252.0,,,,,
2022,Asia Pacific,Pakistan Red Crescent,Pakistan,PAK,,235824862.0,374697366359.244,,1560.0,,,,37.731,,1.0,1.0,22.0,60.0,,2979.0,2021.0,,,5000.0,596.0,96.0,,,692.0,4481743.0,964853212.0,2500409.0,538301229.0,1980.0,426255.0,,,,,,,,,,,52919.0,11392664.0,,,1011293.0,217716435.0,2429317.0,522996194.0,842959.0,181476745.0,99087.0,21331919.0,32006.0,8626.0,,23380.0,3976868.0,49704.0,49704.0,103326.0,,,,,
2023,Asia Pacific,Pakistan Red Crescent,Pakistan,PAK,,,,,,,,,,,1.0,1.0,22.0,60.0,67.0,12412.0,8276.0,,,20688.0,164.0,22.0,842.0,,1028.0,8852876.0,2817592671.0,2348876.0,747573528.0,284.0,90480.0,,,,,6021396.0,1916421508.0,,,757797.0,241182964.0,,,,,,,,,,,2048310.0,651912719.0,10200.0,2300.0,,7900.0,430650.0,85329.0,85329.0,,,,,,
2024,Asia Pacific,Pakistan Red Crescent,Pakistan,PAK,,,,,,,,,,,1.0,1.0,22.0,57.0,7.0,3550.0,1450.0,,,5000.0,164.0,26.0,,,190.0,,,,,,,,,,,,,,,,,,,,,,,,,,,,,,,,,,,,,,,,,
2012,Europe and Central Asia,Polish Red Cross,Poland,POL,DPL001,38063164.0,495230523665.901,,13090.0,76.7463,5.4,,60.654,2.0,,,,444.0,,,,,,115941.0,,,,,902.0,30916237.0,104190812.0,31272933.0,105392913.0,,,,,,,,,,,,,,,,,244280.0,823247.0,,,,,,,,,,,,,,,,,,,
2013,Europe and Central Asia,Polish Red Cross,Poland,POL,DPL001,38040196.0,515761954074.157,,13230.0,77.0,5.2,,60.529,2.0,,,,238.0,,72335.0,35683.0,,,108018.0,80.0,709.0,,,789.0,29883243.0,101047199.0,30457344.0,102988464.0,,,,,,,,,,,,,,,,,5086367.0,17199041.0,,,,,,,,,,,,,,,,,,,
2014,Europe and Central Asia,Polish Red Cross,Poland,POL,DPL001,38011735.0,539080475073.719,,13470.0,77.6024,5.0,,60.403,2.0,,,,254.0,,20079.0,19928.0,,,40007.0,76.0,759.0,,,835.0,28831757.0,103629407.0,30407839.0,109294288.0,,,,,,,,,,,,,,,,,15563.0,55937.0,,,,,,,,,,,,,,,,,,,
2015,Europe and Central Asia,Polish Red Cross,Poland,POL,DPL001,37986412.0,477111287969.227,,13250.0,77.4512,4.9,,60.278,2.0,,,,250.0,,18480.0,18639.0,,,37119.0,101.0,689.0,,,790.0,30166960.0,117951907.0,30639225.0,119798449.0,,,,,,,,,,,,,,,,,1939.0,7582.0,,,,,,,,,,,,,,,,,,,
2016,Europe and Central Asia,Polish Red Cross,Poland,POL,,37970087.0,470024559642.469,,12660.0,77.8512,4.8,,60.178,2.0,,,,244.0,,54144.0,32699.0,,,86843.0,83.0,672.0,,,755.0,29294104.0,120420545.0,30471686.0,125261284.0,1078384.0,4432961.0,870733.0,3579362.0,267288.0,1098753.0,0.0,0.0,0.0,0.0,0.0,0.0,7302031.0,30016776.0,0.0,0.0,1623.0,6671.0,42525.0,174811.0,383.0,1574.0,,,26118.0,,,,0.0,4262.0,4262.0,66291.0,,,,,
2017,Europe and Central Asia,Polish Red Cross,Poland,POL,,37974826.0,524641206566.631,,12690.0,77.7537,4.7,,60.105,2.0,1.0,1.0,11.0,240.0,,52882.0,32345.0,,,85227.0,82.0,657.0,,,739.0,42339785.0,151089408.0,40566856.0,144762718.0,1853448.0,6614025.0,1358486.0,4847752.0,263900.0,941728.0,0.0,0.0,576331.0,2056634.0,0.0,0.0,9028943.0,32219757.0,0.0,0.0,0.0,0.0,0.0,0.0,0.0,0.0,3546979.0,12657386.0,33823.0,13120.0,,20703.0,101.0,4199.0,4199.0,96658.0,,,,,
2018,Europe and Central Asia,Polish Red Cross,Poland,POL,,37974750.0,588779850758.053,,14180.0,77.6024,4.5,,60.058,2.0,1.0,1.0,11.0,229.0,,43876.0,31359.0,,,75235.0,74.0,656.0,,,730.0,42547627.0,162089286.0,42552765.0,162108860.0,1104752.0,4208660.0,580474.0,2211372.0,308969.0,1177046.0,0.0,0.0,,,4384408.0,16702825.0,4349160.0,16568544.0,9145168.0,34839400.0,108824.0,414577.0,,,,,4736855.0,18045507.0,35920.0,11741.0,,24179.0,0.0,7693.0,7693.0,84293.0,,,,,
2019,Europe and Central Asia,Polish Red Cross,Poland,POL,,37965475.0,596058473058.766,,15330.0,77.9049,4.4,,60.037,2.0,,,11.0,224.0,,18541.0,14759.0,,0.0,33300.0,449.0,5157.0,,0.0,5606.0,44969573.0,175572549.0,45829230.0,178928870.0,887097.0,3463451.0,1139492.0,4448863.0,8092.0,31592.0,,,,,,,10298131.0,40206498.0,,,,,,,,,2117078.0,8265607.0,20664.0,10863.0,0.0,9801.0,4143.0,7908.0,7908.0,71067.0,,,,,
2020,Europe and Central Asia,Polish Red Cross,Poland,POL,,37899070.0,599442783598.064,11.8,15300.0,76.5,4.4,,60.043,2.0,,,11.0,220.0,,,,,43250.0,43250.0,425.0,4879.0,,420.0,5724.0,46082641.0,192086236.0,46573197.0,194131022.0,627081.0,2613860.0,4361996.0,18182104.0,134328.0,559921.0,,,,,,,5543455.0,23106778.0,3862337.0,16099377.0,,,99576.0,415062.0,,,696888.0,2904838.0,9095.0,2950.0,3573.0,2572.0,3600.0,7828.0,7828.0,6000.0,,,,,
2021,Europe and Central Asia,Polish Red Cross,Poland,POL,,37747124.0,681346136411.701,12.2,16910.0,75.6024,4.3,99.8,60.075,,1.0,1.0,13.0,213.0,,14043.0,3606.0,,25597.0,43246.0,369.0,4150.0,,829.0,5348.0,47904469.0,203862684.0,47163565.0,200709686.0,1064756.0,4531184.0,3638458.0,15483855.0,,,,,405828.0,1727046.0,,,7150347.0,30429080.0,3241488.0,13794505.0,,,33647.0,143190.0,,,1772322.0,7542310.0,17962.0,6245.0,6337.0,5380.0,7747.0,7493.0,7493.0,9183.0,,,,,
2022,Europe and Central Asia,Polish Red Cross,Poland,POL,,36821749.0,688125010520.52,11.8,18900.0,,,,60.134,,1.0,1.0,13.0,206.0,,,,,,2225.0,606.0,6242.0,,,6848.0,109671779.0,498879979.0,80795098.0,367524420.0,11653961.0,53012068.0,50454653.0,229510420.0,0.0,0.0,0.0,0.0,1011905.0,4603000.0,0.0,0.0,7294537.0,33181724.0,2605233.0,11850801.0,,,873795.0,3974759.0,203667.0,926451.0,4585533.0,20858881.0,11789.0,,,,122.0,,,,,,,,
2023,Europe and Central Asia,Polish Red Cross,Poland,POL,,,,,,,,,,,0.0,1.0,11.0,185.0,16.0,,,,,1771.0,493.0,5680.0,,,6173.0,68647354.0,320364357.0,65150399.0,304044724.0,3969884.0,18526706.0,14913380.0,69597956.0,,,,,,,1747981.0,8157498.0,6875589.0,32087086.0,2773936.0,12945441.0,,,1844224.0,8606650.0,328840.0,1534637.0,3035940.0,14168162.0,12428.0,,,,,,,,,,,,
2024,Europe and Central Asia,Polish Red Cross,Poland,POL,,,,,,,,,,,,,,,,,,,,,,,,,,,,,,,,,,,,,,,,,,,,,,,,,,,,,,,,,,,,,,,,,,
2010,Middle East and North Africa,Palestine Red Crescent Society,"Palestine, State of",PSE,DPS001,3786161.0,9681500000.0,25.7,2510.0,73.004,22.1,94.72,74.149,43.0,,,,,,,,,,128368.0,,,,,,0.0,,0.0,,,,,,,,,,,,,,,,,,0.0,,,,,,,,,,,,,,,,,,,,
2011,Middle East and North Africa,Palestine Red Crescent Society,"Palestine, State of",PSE,DPS001,3882986.0,11186100000.0,25.8,2880.0,73.243,21.3,95.03,74.381,41.0,,,,47.0,,,,,,5011.0,,,,,4000.0,28959532.0,30700000.0,30374493.0,32200000.0,,,,,,,,,,,,,,,,,0.0,,,,,,,,,,,,,,,,,,,,
2012,Middle East and North Africa,Palestine Red Crescent Society,"Palestine, State of",PSE,DPS001,3979998.0,12208400000.0,,3210.0,73.466,20.6,95.67,74.619,36.0,,,,42.0,,,,,,5600.0,,,,,4200.0,56410072.0,61723901.0,57214254.0,62603837.0,,,,,,,,,,,,,,,,,0.0,,,,,,,,,,,,,,,,,,,,
2013,Middle East and North Africa,Palestine Red Crescent Society,"Palestine, State of",PSE,DPS001,4076708.0,13515500000.0,,3470.0,74.029,19.8,96.05,74.863,32.0,,,,37.0,,6730.0,3270.0,,,10000.0,,,,,4150.0,1999391.0,2241317.0,11898884.0,13338649.0,,,,,,,,,,,,,,,,,0.0,,,,,,,,,,,,,,,,,,,,
2014,Middle East and North Africa,Palestine Red Crescent Society,"Palestine, State of",PSE,DPS001,4173398.0,13989700000.0,,3560.0,72.622,21.3,96.21,75.113,30.0,,,,41.0,,12700.0,7100.0,,,19800.0,,,,,4133.0,36006427.0,36464789.0,34801684.0,35244709.0,,,,,,,,,,,,,,,,,0.0,,,,,,,,,,,,,,,,,,,,
2015,Middle East and North Africa,Palestine Red Crescent Society,"Palestine, State of",PSE,DPS001,4270092.0,13972400000.0,,3670.0,74.406,18.4,96.48,75.368,26.0,,,,38.0,,13200.0,7000.0,,,20200.0,,,,,4050.0,37650797.0,38051401.0,35422285.0,35799178.0,,,,,,,,,,,,,,,,,0.0,,,,,,,,,,,,,,,,,,,,
2016,Middle East and North Africa,Palestine Red Crescent Society,"Palestine, State of",PSE,,4367088.0,15405400000.0,29.2,3900.0,74.554,17.7,96.72,75.628,24.0,,,,41.0,,,,,,7932.0,,,,,3953.0,29709770.0,30821182.0,30144782.0,31272467.0,,,,,,,,,,,,,,,,,,,,,,,,,10290.0,,,,,232930.0,232930.0,,,,,,
2017,Middle East and North Africa,Palestine Red Crescent Society,"Palestine, State of",PSE,,4454805.0,16128000000.0,,3930.0,74.833,17.1,96.92,75.894,22.0,1.0,1.0,15.0,39.0,,2768.0,2232.0,,0.0,5000.0,772.0,362.0,,0.0,1134.0,,,,,,,,,,,,,,,,,,,,,,,,,,,,,12384.0,8332.0,0.0,4052.0,154059.0,55859.0,55859.0,0.0,,,,,
2018,Middle East and North Africa,Palestine Red Crescent Society,"Palestine, State of",PSE,,4569087.0,16276600000.0,,4190.0,74.793,16.5,97.22,76.164,21.0,1.0,1.0,15.0,39.0,,,,,,9500.0,842.0,521.0,,,1363.0,,30451289.0,,31468453.0,,,,,,,,,,,,,,,,,,,,,,,,,7032.0,4851.0,,2181.0,43931.0,45661.0,45661.0,0.0,,,,,
2019,Middle East and North Africa,Palestine Red Crescent Society,"Palestine, State of",PSE,,4685306.0,17133500000.0,,4270.0,75.241,15.9,97.38,76.44,20.0,,,16.0,39.0,,2226.0,2152.0,,,4378.0,,,,3137.0,3137.0,27029381.0,27710136.0,27124122.0,27807263.0,,,,,,,,,,,,,1172053.0,1201572.0,1329990.0,1363487.0,4198110.0,4303842.0,381878.0,391496.0,5185685.0,5316290.0,2554310.0,2618642.0,8861.0,5929.0,,2932.0,101752.0,19392.0,19392.0,0.0,,,,,
2020,Middle East and North Africa,Palestine Red Crescent Society,"Palestine, State of",PSE,,4803269.0,15531700000.0,,3700.0,74.403,15.3,,76.719,20.0,,,,,,,,,,,,,,,,,,,,,,,,,,,,,,,,,,,,,,,,,,,,,,,,,,,,,,,,
2021,Middle East and North Africa,Palestine Red Crescent Society,"Palestine, State of",PSE,,4922749.0,18109000000.0,,4270.0,73.473,14.8,,77.003,,0.0,1.0,16.0,39.0,,,,,,6095.0,,,,,3987.0,30446687.0,33305899.0,29212795.0,31956133.0,64393.0,70440.0,,,,,540664.0,591437.0,,,,,1133070.0,1239475.0,787230.0,861158.0,945981.0,1034817.0,845634.0,925047.0,5556204.0,6077980.0,3344653.0,3658745.0,11287.0,7098.0,,4189.0,427872.0,21228.0,21228.0,46682.0,,,,,
2022,Middle East and North Africa,Palestine Red Crescent Society,"Palestine, State of",PSE,,5043612.0,19111900000.0,,4610.0,,,,77.291,,0.0,1.0,15.0,33.0,,,,,,7856.0,,,,,3850.0,24594801.0,26671815.0,22547815.0,24451963.0,292166.0,316839.0,92213.0,100000.0,35833.0,38859.0,,,,,,,2407804.0,2611141.0,,,6399887.0,6940353.0,524513.0,568808.0,5129157.0,5562311.0,1383790.0,1500650.0,17023.0,9153.0,,7870.0,152641.0,49494.0,247470.0,68175.0,,,,,
2023,Middle East and North Africa,Palestine Red Crescent Society,"Palestine, State of",PSE,,,,,,,,,,,0.0,1.0,19.0,161.0,33.0,,,,,10710.0,,,,,4017.0,26065896.0,30995368.0,19721992.0,23451732.0,0.0,0.0,110889.0,131860.0,1404110.0,1669649.0,16819.0,20000.0,,,,,732438.0,870953.0,1208422.0,1436954.0,9245245.0,10993667.0,771329.0,917200.0,3866835.0,4598114.0,1325757.0,1576479.0,7353.0,,,,18407.0,34056.0,119196.0,68915.0,,,,,
2024,Middle East and North Africa,Palestine Red Crescent Society,"Palestine, State of",PSE,,,,,,,,,,,0.0,1.0,19.0,167.0,33.0,,,,,9187.0,,,,,4259.0,47368793.0,55852905.0,32186592.0,37951456.0,1527.0,1800.0,2076844.0,2448823.0,1091112.0,1286538.0,,,,,647688.0,763694.0,1956883.0,2307376.0,,,19638368.0,23155749.0,10821518.0,12759734.0,2778681.0,3276364.0,1519834.0,1792048.0,6414.0,,,,2730843.0,340141.0,1020423.0,161682.0,,,,,
2010,Europe and Central Asia,Portuguese Red Cross,Portugal,PRT,DPT001,10573100.0,238113003233.284,18.0,23030.0,79.0268,3.8,,60.567,10.0,,,,,,,,,,10000.0,,,,,,0.0,,0.0,,,,,,,,,,,,,,,,,,0.0,,,,,,,,,,,,,,,,,,,,
2012,Europe and Central Asia,Portuguese Red Cross,Portugal,PRT,DPT001,10514844.0,216224240577.957,18.7,21170.0,80.3732,3.7,,61.763,10.0,,,,172.0,,5340.0,6660.0,,,12000.0,440.0,1430.0,,,1870.0,0.0,,0.0,,,,,,,,,,,,,,,,,,0.0,,,,,,,,,,,,,,,,,,,,
2013,Europe and Central Asia,Portuguese Red Cross,Portugal,PRT,DPT001,10457295.0,226433858005.714,19.5,21380.0,80.722,3.7,,62.352,9.0,,,,175.0,,,,,,11000.0,,,,,1866.0,0.0,,0.0,,,,,,,,,,,,,,,,,,0.0,,,,,,,,,,,,,,,,,,,,
2014,Europe and Central Asia,Portuguese Red Cross,Portugal,PRT,DPT001,10401062.0,229901964221.884,19.5,21200.0,81.122,3.6,,62.936,9.0,,,,180.0,,3585.0,4841.0,,,8426.0,460.0,1407.0,,,1867.0,73578578.0,61159544.0,73441742.0,61045804.0,,,,,,,,,,,,,,,,,0.0,,,,,,,,,,,,,,,,,,,,
2015,Europe and Central Asia,Portuguese Red Cross,Portugal,PRT,DPT001,10358076.0,199394066525.44,19.0,20460.0,81.1244,3.7,,63.514,10.0,,,,175.0,,,,,,11000.0,,,,,,0.0,,0.0,,,,,,,,,,,,,,,,,,0.0,,,,,,,,,,,,,,,,,,,,
2016,Europe and Central Asia,Portuguese Red Cross,Portugal,PRT,,10325452.0,206426152308.931,18.3,19940.0,81.1244,3.7,,64.086,11.0,,,,174.0,,3332.0,6515.0,,,9847.0,488.0,1570.0,,,2058.0,69923900.0,65225693.0,69807994.0,65117575.0,,,,,,,,,,,,,,,,,,,,,,,,,7550.0,,,,30656.0,7550.0,7550.0,0.0,,,,,
2017,Europe and Central Asia,Portuguese Red Cross,Portugal,PRT,,10300300.0,221357874718.93,17.3,20060.0,81.4244,3.6,,64.652,11.0,1.0,1.0,8.0,180.0,,,,,,5759.0,,,,,2039.0,78697859.0,67284578.0,78571352.0,67176418.0,,,,,,,,,,,,,,,,,,,,,,,,,7800.0,,,,11587.0,,,0.0,,,,,
2018,Europe and Central Asia,Portuguese Red Cross,Portugal,PRT,,10283822.0,242313116577.967,17.2,22060.0,81.3244,3.6,,65.211,11.0,1.0,1.0,7.0,169.0,,,,,,3723.0,,,,,2480.0,82948373.0,73605613.0,81146056.0,72006297.0,,,,,,,,,,,,,62211280.0,55204210.0,,,,,,,,,11612771.0,10304785.0,8674.0,,,,204.0,0.0,0.0,0.0,,,,,
2019,Europe and Central Asia,Portuguese Red Cross,Portugal,PRT,,10286263.0,239986922638.902,16.2,23200.0,81.6756,3.4,,65.764,11.0,,,9.0,163.0,,1690.0,2354.0,,,4044.0,612.0,1992.0,,,2604.0,,,,,,,,,,,,,,,,,,,,,,,,,,,,,10047.0,,10047.0,,41586.0,530.0,530.0,,,,,,
2020,Europe and Central Asia,Portuguese Red Cross,Portugal,PRT,,10297081.0,229031860520.777,18.4,21850.0,80.9756,3.3,,66.31,12.0,,,9.0,162.0,,1690.0,2354.0,,,4044.0,,,,2500.0,2500.0,94391207.0,87507029.0,95204361.0,88260878.0,,,,,,,,,,,,,,,,,,,,,,,,,2255.0,,2255.0,,433190.0,105960.0,105960.0,,,,,,
2021,Europe and Central Asia,Portuguese Red Cross,Portugal,PRT,,10361831.0,255534839405.899,16.4,23960.0,81.0732,3.1,96.78,66.849,,0.0,1.0,6.0,161.0,,2126.0,2643.0,,,4769.0,613.0,2012.0,,,2625.0,132690297.0,123523380.0,112353506.0,104591557.0,,,,,,,,,,,,,88006023.0,81926122.0,260876.0,242853.0,,,,,,,8042625.0,7487000.0,8161.0,,,,,,,,,,,,
2022,Europe and Central Asia,Portuguese Red Cross,Portugal,PRT,,10409704.0,255196660987.427,,25950.0,,,,67.381,,1.0,1.0,6.0,161.0,,,,,,4899.0,638.0,2005.0,,,2643.0,103589247.0,100367063.0,89726406.0,86935431.0,1378648.0,1335765.0,3466665.0,3358833.0,,,,,,,299349.0,290038.0,64684788.0,62672742.0,265847.0,257578.0,,,57264.0,55483.0,,,7888726.0,7643344.0,9592.0,4657.0,,4935.0,,,,,,,,,
2023,Europe and Central Asia,Portuguese Red Cross,Portugal,PRT,,,,,,,,,,,0.0,1.0,9.0,158.0,16.0,1732.0,2740.0,0.0,0.0,4472.0,675.0,2056.0,,,2731.0,94848547.0,101976391.0,91621609.0,98506949.0,1418326.0,1524913.0,,,,,,,,,123113.0,132365.0,57955620.0,62310970.0,291415.0,313315.0,,,35219.0,37866.0,,,6498168.0,6986504.0,10810.0,,,,,,,,,,,,
2024,Europe and Central Asia,Portuguese Red Cross,Portugal,PRT,,,,,,,,,,,0.0,1.0,9.0,159.0,123.0,1806.0,2866.0,1.0,0.0,4673.0,693.0,2137.0,0.0,0.0,2830.0,95955626.0,101976391.0,92691022.0,98506949.0,3366755.0,3578003.0,,,,,,,,,,,55279696.0,58748238.0,1139434.0,1210928.0,,,,,,,7310087.0,7768761.0,10325.0,5133.0,0.0,5192.0,1207.0,790.0,790.0,,,,,,
2012,Asia Pacific,Palau Red Cross Society,Palau,PLW,DPW001,17946.0,212397800.0,,12540.0,,21.8,,76.194,,,,,1.0,,,,,,250.0,,,,,3.0,70823.0,77494.0,42779.0,46809.0,,,,,,,,,,,,,,,,,0.0,,,,,,,,,,,,,,,,,,,,
2013,Asia Pacific,Palau Red Cross Society,Palau,PLW,DPW001,17805.0,221117200.0,,12720.0,,21.1,99.5,76.862,,,,,1.0,,147.0,167.0,,,314.0,1.0,3.0,,,4.0,216602.0,242811.0,170037.0,190611.0,,,,,,,,,,,,,,,,,160571.0,180000.0,,,,,,,,,,,168.0,,,,,,,,
2014,Asia Pacific,Palau Red Cross Society,Palau,PLW,DPW001,17796.0,241669800.0,,14020.0,,20.4,,77.517,,,,,1.0,,9.0,30.0,,,39.0,1.0,2.0,,,3.0,117481.0,118977.0,125252.0,126846.0,,,,,,,,,,,,,,,,,79272.0,80281.0,,,,,,,,,,,54.0,,,,,,,,
2015,Asia Pacific,Palau Red Cross Society,Palau,PLW,DPW001,17794.0,280457700.0,,15750.0,,19.7,96.59,78.159,,,,,1.0,,19.0,20.0,,,39.0,2.0,2.0,,,4.0,89260.0,90210.0,118918.0,120183.0,,,,,,,,,,,,,,,,,45942.0,46431.0,,,,,,,,,,,64.0,,,,,,,,
2016,Asia Pacific,Palau Red Cross Society,Palau,PLW,,17816.0,298300000.0,,16620.0,,19.1,,78.775,,,,,0.0,,33.0,42.0,,,75.0,2.0,1.0,,,3.0,127785.0,131533.0,106760.0,109891.0,2272.0,2339.0,,,,,,,,,48575.0,50000.0,10623.0,10935.0,,,,,42280.0,43520.0,,,36.0,37.0,252.0,76.0,,176.0,158.0,185.0,1113.0,,,,,,
2017,Asia Pacific,Palau Red Cross Society,Palau,PLW,,17837.0,285600000.0,,16430.0,,18.5,,79.365,,1.0,1.0,8.0,1.0,,2.0,3.0,,0.0,5.0,0.0,2.0,,0.0,2.0,40958.0,42121.0,44349.0,45608.0,1843.0,1895.0,243.0,250.0,,,,,,,2936.0,3019.0,8788.0,9038.0,,,,,14837.0,15258.0,,,1615.0,1661.0,252.0,,,,948.0,200.0,200.0,0.0,,,,,
2018,Asia Pacific,Palau Red Cross Society,Palau,PLW,,17864.0,288546281.25,,15980.0,,17.9,,79.93,,1.0,1.0,10.0,1.0,,119.0,179.0,,,298.0,3.0,7.0,,,10.0,243705.0,249235.0,289329.0,295895.0,14845.0,15182.0,25883.0,26470.0,,,,,,,,,18653.0,19076.0,17724.0,18126.0,,,43878.0,44874.0,13372.0,13675.0,89833.0,91872.0,536.0,238.0,,298.0,,4000.0,4000.0,,,,,,
2019,Asia Pacific,Palau Red Cross Society,Palau,PLW,,17916.0,281970375.0,,16180.0,,17.4,,80.47,,,,18.0,2.0,,115.0,229.0,,,344.0,3.0,8.0,,,11.0,646428.0,651976.0,573877.0,578803.0,11146.0,11242.0,12954.0,13065.0,,,229190.0,231157.0,,,4957.0,5000.0,2727.0,2750.0,8896.0,8972.0,5850.0,5900.0,133546.0,134692.0,25259.0,25476.0,132337.0,133473.0,490.0,204.0,,286.0,,968.0,968.0,97.0,,,,,
2020,Asia Pacific,Palau Red Cross Society,Palau,PLW,,17972.0,257885921.875,,15130.0,,16.8,,80.988,,,,7.0,2.0,,,,,140.0,140.0,5.0,7.0,,,12.0,456229.0,492218.0,482506.0,520567.0,12989.0,14014.0,11910.0,12850.0,,,112160.0,121007.0,,,35184.0,37959.0,,,10500.0,11328.0,,,59755.0,64469.0,25812.0,27848.0,132862.0,143342.0,333.0,186.0,,147.0,15520.0,15234.0,15234.0,12719.0,,,,,
2021,Asia Pacific,Palau Red Cross Society,Palau,PLW,,18024.0,232903015.625,,13420.0,,16.2,,81.483,,1.0,1.0,7.0,2.0,,,,,,163.0,1.0,10.0,,,11.0,905765.0,975814.0,776875.0,836956.0,737.0,794.0,7263.0,7825.0,,,354741.0,382176.0,35453.0,38195.0,,,8486.0,9142.0,10413.0,11218.0,,,361013.0,388932.0,22102.0,23811.0,81932.0,88268.0,205.0,125.0,,80.0,15858.0,11619.0,11619.0,11824.0,,,,,
2022,Asia Pacific,Palau Red Cross Society,Palau,PLW,,18055.0,,,,,,,81.956,,0.0,1.0,9.0,1.0,,59.0,38.0,,,97.0,1.0,7.0,,,8.0,1122096.0,1155325.0,729893.0,751508.0,19347.0,19920.0,8984.0,9250.0,,,72397.0,74541.0,,,80750.0,83141.0,124467.0,128153.0,61464.0,63284.0,,,204531.0,210588.0,84129.0,86620.0,393184.0,404828.0,250.0,118.0,,132.0,1069.0,89.0,89.0,3238.0,,,,,
2023,Asia Pacific,Palau Red Cross Society,Palau,PLW,,,,,,,,,,,0.0,1.0,9.0,0.0,2.0,192.0,130.0,,,322.0,4.0,11.0,,,15.0,787286.0,936174.0,686539.0,816374.0,30228.0,35945.0,9117.0,10841.0,,,10200.0,12129.0,,,,,17882.0,21264.0,48149.0,57255.0,9344.0,11111.0,236565.0,281303.0,74408.0,88480.0,91709.0,109053.0,522.0,312.0,,210.0,893.0,164.0,164.0,2389.0,,,,,
2024,Asia Pacific,Palau Red Cross Society,Palau,PLW,,,,,,,,,,,0.0,1.0,9.0,2.0,2.0,144.0,127.0,,,271.0,3.0,8.0,,,11.0,819525.0,966308.0,592885.0,699075.0,27076.0,31926.0,18149.0,21400.0,0.0,0.0,14707.0,17341.0,0.0,0.0,0.0,0.0,94724.0,111690.0,44245.0,52170.0,139317.0,164270.0,72333.0,85288.0,23410.0,27603.0,76560.0,90272.0,401.0,156.0,,245.0,217.0,90.0,138.0,1973.0,,,,,
2009,Americas,Paraguayan Red Cross,Paraguay,PRY,DPY001,6163970.0,22355601273.3545,41.6,3450.0,72.45,26.8,93.75,58.937,153.0,,,,25.0,,,,,,800.0,,,,,443.0,5824738.0,25945842084.0,6022773.0,26827975830.0,,,,,,,,,,,,,,,,,2443791.0,10885676476.0,,,,,,,,,,,47294.0,,,,,,,,
2010,Americas,Paraguayan Red Cross,Paraguay,PRY,DPY001,5768613.0,27260886405.2263,39.0,4390.0,71.887,26.0,93.87,59.261,100.0,,,,,,,,,,514.0,,,,,,0.0,,0.0,,,,,,,,,,,,,,,,,,0.0,,,,,,,,,,,,,,,,,,,,
2011,Americas,Paraguayan Red Cross,Paraguay,PRY,DPY001,5843939.0,33756238766.5,37.0,4820.0,72.131,25.2,,59.584,99.0,,,,25.0,,,,,,1200.0,,,,,345.0,1353835.0,1435200.0,1534639.0,1626871.0,,,,,,,,,,,,,,,,,0.0,,,,,,,,,,,,,,,,,,,,
2012,Americas,Paraguayan Red Cross,Paraguay,PRY,DPY001,5923322.0,33271921136.315,31.4,5150.0,72.454,24.4,94.2,59.907,85.0,,,,25.0,,,,,,2500.0,,,,,345.0,7839883.0,35601200975.0,8027766.0,36454384041.0,,,,,,,,,,,,,,,,,0.0,,,,,,,,,,,,,,,,,,,,
2013,Americas,Paraguayan Red Cross,Paraguay,PRY,DPY001,6005652.0,38501122141.4241,28.0,5950.0,72.757,23.6,95.06,60.197,81.0,,,,37.0,,427.0,273.0,,,700.0,135.0,226.0,,,361.0,6051682.0,30719352713.0,6178552.0,31363367699.0,,,,,,,,,,,,,,,,,0.0,,,,,,,,,,,,,,,,,,,,
2014,Americas,Paraguayan Red Cross,Paraguay,PRY,DPY001,6090721.0,40377929295.6419,27.2,6270.0,72.878,22.9,95.03,60.474,77.0,,,,23.0,,432.0,268.0,,,700.0,143.0,194.0,,,337.0,6675045.0,30516306552.0,6856303.0,31344961723.0,,,,,,,,,,,,,,,,,0.0,,,,,,,,,,,,3070.0,,,,,,,,
2015,Americas,Paraguayan Red Cross,Paraguay,PRY,DPY001,6177950.0,36211447840.0971,26.6,6090.0,73.191,22.2,95.55,60.75,80.0,,,,19.0,,389.0,252.0,,,641.0,34.0,21.0,,,55.0,1184272.0,6821527337.0,1445366.0,8325460095.0,,,,,,,,,,,,,,,,,628947.0,3622800430.0,,,,,,,,,,,12687.0,,,,,,,,
2016,Americas,Paraguayan Red Cross,Paraguay,PRY,,6266615.0,36089700222.9461,28.9,5860.0,73.534,21.4,94.65,61.026,69.0,,,,24.0,,,,,,872.0,,,,,35.0,,,,,,,,,,,,,,,,,,,,,,,,,,,,,,,,,,,,,,,,,
2017,Americas,Paraguayan Red Cross,Paraguay,PRY,,6355404.0,38997129473.5558,26.4,5800.0,73.644,20.8,,61.3,69.0,1.0,1.0,22.0,24.0,,446.0,623.0,,0.0,1069.0,21.0,32.0,,0.0,53.0,4933879.0,28033405854.0,4858516.0,27605206950.0,0.0,0.0,0.0,0.0,44352.0,252000000.0,0.0,0.0,0.0,0.0,0.0,0.0,1257794.0,7146557783.0,27931.0,158700300.0,0.0,0.0,13926.0,79122214.0,231107.0,1313105260.0,0.0,0.0,0.0,0.0,0.0,0.0,0.0,1312.0,1312.0,0.0,,,,,
2018,Americas,Paraguayan Red Cross,Paraguay,PRY,,6443328.0,40225448340.6322,24.2,6040.0,73.568,20.0,94.02,61.585,70.0,0.0,0.0,,,,,,,,1393.0,,,,,,,,,,,,,,,,,,,,,,,,,,,,,,,,,,,,,,,,,,,,,,
2019,Americas,Paraguayan Red Cross,Paraguay,PRY,,6530026.0,37925338329.1494,23.5,5940.0,73.621,19.4,93.21,61.879,70.0,,,7.0,24.0,,519.0,656.0,,0.0,1175.0,8.0,24.0,,0.0,32.0,4906032.0,31857350175.0,4788501.0,31094162520.0,1675.0,10876696.0,442507.0,2873422335.0,,,17242.0,111960000.0,,,268904.0,1746131400.0,350094.0,2273338576.0,13244.0,86000000.0,122840.0,797665000.0,283049.0,1837982625.0,23530.0,152791000.0,35947.0,233422500.0,720.0,0.0,720.0,0.0,38200.0,22715.0,22715.0,8347.0,,,,,
2020,Americas,Paraguayan Red Cross,Paraguay,PRY,,6618695.0,35432178068.1814,26.9,5540.0,73.182,18.7,94.54,62.183,71.0,,,7.0,18.0,,439.0,547.0,,58.0,1044.0,8.0,24.0,,,32.0,4138125.0,30881530037.0,4054235.0,30255485617.0,0.0,0.0,38257.0,285500000.0,33768.0,252000000.0,37193.0,277556305.0,0.0,0.0,0.0,0.0,676456.0,5048178727.0,46568.0,347520474.0,87616.0,653850790.0,155776.0,1162507080.0,132850.0,991419122.0,0.0,0.0,546.0,283.0,,263.0,132067.0,80.0,12080.0,47377.0,,,,,
2021,Americas,Paraguayan Red Cross,Paraguay,PRY,,6703799.0,39950899938.7482,26.9,5740.0,70.262,18.2,,62.496,,0.0,1.0,21.0,20.0,,481.0,562.0,,,1043.0,14.0,15.0,,,29.0,4509870.0,4509870.0,4764442.0,4764442.0,3682.0,3682.0,31409.0,31409.0,112560.0,112560.0,22643.0,22643.0,0.0,0.0,7134.0,7134.0,88838.0,88838.0,891267.0,891267.0,81346.0,81346.0,158949.0,158949.0,72328.0,72328.0,0.0,0.0,2150.0,,,,2011.0,32.0,32.0,42620.0,,,,,
2022,Americas,Paraguayan Red Cross,Paraguay,PRY,,6780744.0,41722295229.2279,24.7,5920.0,,,,62.818,,1.0,1.0,17.0,21.0,,599.0,839.0,,,1438.0,14.0,21.0,,,35.0,3641420.0,3641420.0,2319224.0,2319224.0,136909.0,136909.0,,,34256.0,34256.0,,,,,,,72792.0,72792.0,9457148.0,9457148.0,134341.0,134341.0,54032.0,54032.0,94396.0,94396.0,890306.0,890306.0,1701.0,,,,6275.0,30.0,30.0,39400.0,,,,,
2023,Americas,Paraguayan Red Cross,Paraguay,PRY,,,,,,,,,,,1.0,1.0,12.0,21.0,18.0,362.0,541.0,0.0,24.0,927.0,13.0,15.0,0.0,0.0,28.0,2543199.0,21736740279.0,2327177.0,19890402010.0,,,,,,,,,,,,,,,,,,,,,,,,,6584.0,,,,,1725.0,10700.0,7658.0,,,,,
2024,Americas,Paraguayan Red Cross,Paraguay,PRY,,,,,,,,,,,,,,,,,,,,,,,,,,,,,,,,,,,,,,,,,,,,,,,,,,,,,,,,,,,,,,,,,,
2012,Middle East and North Africa,Qatar Red Crescent Society,Qatar,QAT,DQA001,1905660.0,186833502362.637,,83990.0,79.227,8.7,96.68,98.697,10.0,,,,2.0,,908.0,216.0,,,1124.0,213.0,53.0,,,266.0,48368781.0,192667367.0,44706651.0,178080003.0,,,,,,,,,,,,,,,,,0.0,,,,,,,,,,,,,,,,,,,,
2013,Middle East and North Africa,Qatar Red Crescent Society,Qatar,QAT,DQA001,2035501.0,198727642967.033,,91130.0,79.536,8.4,97.48,98.785,9.0,,,,2.0,,,,,,1650.0,,,,,286.0,47224709.0,192667367.0,43649199.0,178080003.0,,,,,,,,,,,,,,,,,0.0,,,,,,,,,,,,,,,,,,,,
2014,Middle East and North Africa,Qatar Red Crescent Society,Qatar,QAT,DQA001,2214465.0,206224598571.429,,89830.0,79.768,8.1,97.75,98.868,7.0,,,,4.0,,,,,,1800.0,206.0,51.0,,,257.0,60705270.0,223755375.0,58467447.0,215506917.0,,,,,,,,,,,,,,,,,0.0,,,,,,,,,,,,,,,,,,,,
2015,Middle East and North Africa,Qatar Red Crescent Society,Qatar,QAT,DQA001,2414573.0,161739955576.923,,78040.0,80.064,7.8,,98.945,7.0,,,,4.0,,1031.0,715.0,,,1746.0,220.0,54.0,,,274.0,76549736.0,281388410.0,74209919.0,272787500.0,,,,,,,,,,,,,,,,,0.0,,,,,,,,,,,,,,,,,,,,
2016,Middle East and North Africa,Qatar Red Crescent Society,Qatar,QAT,,2595166.0,151732181868.132,,66030.0,80.433,7.4,,99.015,7.0,,,,2.0,,139.0,96.0,,,235.0,,,,,,81690871.0,289815488.0,69709168.0,247307885.0,22482601.0,79761741.0,3915615.0,13891466.0,1658897.0,5885284.0,4839887.0,17170514.0,0.0,0.0,13382437.0,47477001.0,10771879.0,38215500.0,2863206.0,10157824.0,345117.0,1224374.0,25556.0,90664.0,814809.0,2890707.0,0.0,0.0,,,,,,,,,,,,,
2017,Middle East and North Africa,Qatar Red Crescent Society,Qatar,QAT,,2711755.0,161099122225.275,,57190.0,80.717,6.9,,99.078,6.0,1.0,1.0,12.0,1.0,,190.0,140.0,,0.0,330.0,159.0,44.0,,0.0,203.0,66727202.0,246999650.0,64011506.0,236947138.0,16249226.0,60148681.0,1665037.0,6163355.0,1681995.0,6226128.0,3899070.0,14432930.0,0.0,0.0,5428818.0,20095494.0,6199936.0,22949891.0,8690042.0,32167350.0,1533307.0,5675739.0,4914.0,18189.0,503575.0,1864049.0,163190.0,604068.0,12930.0,6120.0,0.0,6810.0,0.0,650.0,650.0,0.0,,,,,
2018,Middle East and North Africa,Qatar Red Crescent Society,Qatar,QAT,,2766732.0,183334953818.681,,59150.0,80.898,6.5,,99.135,6.0,1.0,1.0,12.0,1.0,,1866.0,1107.0,,0.0,2973.0,165.0,43.0,,0.0,208.0,,,,,,,,,,,,,,,,,,,,,,,,,,,,,6454.0,2956.0,0.0,3498.0,0.0,519.0,519.0,0.0,,,,,
2019,Middle East and North Africa,Qatar Red Crescent Society,Qatar,QAT,,2807235.0,176371267689.082,,61750.0,80.99,6.1,,99.188,7.0,,,11.0,1.0,,3003.0,1688.0,,,4691.0,166.0,47.0,,,213.0,75607540.0,279648847.0,73278315.0,271033767.0,,,,,,,,,,,,,,,,,,,,,,,,,16000.0,8500.0,,7500.0,0.0,6479.0,6479.0,,,,,,
2020,Middle East and North Africa,Qatar Red Crescent Society,Qatar,QAT,,2760385.0,144411363345.27,,58440.0,79.099,5.7,,99.235,8.0,,,12.0,1.0,,2007.0,401.0,,,2408.0,168.0,40.0,,,208.0,63402272.0,248566178.0,54140531.0,212255878.0,26352434.0,103313707.0,322842.0,1265688.0,21764057.0,85325152.0,8376316.0,32839026.0,,,1580726.0,6197176.0,,,,,,,,,,,1223081.0,4795044.0,61476.0,12128.0,,49348.0,,3140.0,3140.0,,,,,,
2021,Middle East and North Africa,Qatar Red Crescent Society,Qatar,QAT,,2688235.0,179732009554.846,,62400.0,79.272,5.3,,99.278,,1.0,1.0,12.0,7.0,,1932.0,736.0,,,2668.0,1043.0,81.0,,,1124.0,74770764.0,296376546.0,73000230.0,289358498.0,23521603.0,93234990.0,3133372.0,12420068.0,2531295.0,10033552.0,9893446.0,39215665.0,,,1806727.0,7161509.0,,,,,1548545.0,6138125.0,270145.0,1070800.0,,,,,1017.0,372.0,,645.0,0.0,1048.0,1048.0,0.0,,,,,
2022,Middle East and North Africa,Qatar Red Crescent Society,Qatar,QAT,,2695122.0,236258302839.653,,70120.0,,,,99.318,,1.0,1.0,12.0,7.0,,20249.0,6918.0,,,27167.0,1138.0,231.0,,,1369.0,49166400.0,194078149.0,40659065.0,160496520.0,25820752.0,101924156.0,3712284.0,14653771.0,4896769.0,19329375.0,9713928.0,38344505.0,0.0,0.0,1987781.0,7846514.0,0.0,0.0,0.0,0.0,1334297.0,5266970.0,16951.0,66911.0,22823.0,90090.0,71168.0,280926.0,2012.0,704.0,,1308.0,,3500.0,3500.0,,,,,,
2023,Middle East and North Africa,Qatar Red Crescent Society,Qatar,QAT,,,,,,,,,,,1.0,1.0,12.0,6.0,1.0,,,,,29721.0,1002.0,164.0,,,1166.0,80036963.0,344271657.0,45741315.0,196752071.0,49636742.0,213507894.0,12872971.0,55371903.0,1061120.0,4564310.0,6608640.0,28426457.0,,,992677.0,4269910.0,,,,,2941168.0,12651164.0,,,6031.0,25941.0,1303754.0,5607978.0,2040.0,800.0,,1240.0,,1925.0,1925.0,,,,,,
2024,Middle East and North Africa,Qatar Red Crescent Society,Qatar,QAT,,,,,,,,,,,1.0,1.0,10.0,7.0,1.0,25050.0,8770.0,,,33820.0,1160.0,145.0,,,1305.0,86504656.0,335252665.0,64301766.0,249204371.0,67282327.0,260755670.0,2336907.0,9056786.0,63628.0,246592.0,5945591.0,23042402.0,269530.0,1044577.0,1672212.0,6480734.0,,,,,2339336.0,9066201.0,,,,,,,2021.0,781.0,,1240.0,,,,,,,,,
2009,Europe and Central Asia,Romanian Red Cross,Romania,ROU,DRO001,20367487.0,174103695930.213,21.6,9220.0,73.3098,13.0,,53.698,28.0,,,,47.0,,,,,,5500.0,,,,,120.0,5928491.0,3984539.0,4746140.0,3189881.0,,,,,,,,,,,,,,,,,0.0,,,,,,,,,,,,3610.0,,,,,,,,
2012,Europe and Central Asia,Romanian Red Cross,Romania,ROU,DRO001,20058035.0,179132893143.417,23.0,9200.0,74.4122,11.2,,53.974,18.0,,,,47.0,,,,,,6495.0,,,,,211.0,6465816.0,23759933.0,6533797.0,24009745.0,,,,,,,,,,,,,,,,,0.0,,,,,,,,,,,,,,,,,,,,
2013,Europe and Central Asia,Romanian Red Cross,Romania,ROU,DRO001,19983693.0,189789258566.244,25.1,9390.0,75.0634,10.6,,53.937,17.0,,,,47.0,,1593.0,4779.0,,,6372.0,75.0,114.0,,,189.0,1849020.0,6727103.0,1895466.0,6896083.0,,,,,,,,,,,,,,,,,0.0,,,,,,,,,,,,,,,,,,,,
2014,Europe and Central Asia,Romanian Red Cross,Romania,ROU,DRO001,19908979.0,199713780259.318,25.4,9760.0,74.9098,9.9,,53.9,15.0,,,,47.0,,,,,,6530.0,,,,,258.0,2251568.0,2251568.0,2305568.0,2305568.0,,,,,,,,,,,,,,,,,0.0,,,,,,,,,,,,,,,,,,,,
2015,Europe and Central Asia,Romanian Red Cross,Romania,ROU,DRO001,19815616.0,177883883008.747,25.3,9610.0,74.9122,9.2,,53.887,15.0,,,,47.0,,2076.0,3455.0,,,5531.0,87.0,203.0,,,290.0,5155524.0,5155524.0,3874082.0,3874082.0,,,,,,,,,,,,,,,,,0.0,0.0,,,,,,,,,,,,,,,,,,,
2016,Europe and Central Asia,Romanian Red Cross,Romania,ROU,,19702267.0,185287630540.431,23.6,9460.0,75.2098,8.5,,53.9,16.0,,,,47.0,,1995.0,3872.0,,,5867.0,103.0,204.0,,,343.0,7539204.0,7539204.0,8287736.0,8287736.0,974308.0,974308.0,2292992.0,2292992.0,112189.0,112189.0,4848.0,4848.0,278662.0,278662.0,235888.0,235888.0,573874.0,573874.0,1369416.0,1369416.0,561258.0,561258.0,1955.0,1955.0,0.0,0.0,7376.0,7376.0,41049.0,,,,54539.0,96015.0,384060.0,41892.0,,,,,
2017,Europe and Central Asia,Romanian Red Cross,Romania,ROU,,19588715.0,210147163769.848,23.5,10030.0,75.3098,7.9,,53.936,13.0,1.0,1.0,18.0,47.0,,2347.0,4133.0,,0.0,6480.0,91.0,291.0,,0.0,382.0,8102166.0,33309898.0,7719049.0,31734815.0,1088638.0,4475647.0,1266550.0,5207081.0,106950.0,439695.0,5419.0,22277.0,175429.0,721228.0,88733.0,364801.0,281588.0,1157673.0,1446674.0,5947615.0,479356.0,1970744.0,21164.0,87010.0,0.0,0.0,211488.0,869476.0,54383.0,,,,45901.0,16066.0,64264.0,162964.0,,,,,
2018,Europe and Central Asia,Romanian Red Cross,Romania,ROU,,19473970.0,243316029944.056,23.8,11520.0,75.3585,7.4,,53.998,11.0,1.0,1.0,18.0,47.0,,2891.0,5026.0,,,7917.0,123.0,307.0,,,430.0,,40047003.0,,38677099.0,,7491754.0,,5733177.0,,,,,,640855.0,,,,5753793.0,,12719641.0,,1349494.0,,105507.0,,,,,60678.0,,,,22361.0,26134.0,104536.0,692688.0,,,,,
2019,Europe and Central Asia,Romanian Red Cross,Romania,ROU,,19371648.0,251017797625.017,23.4,12670.0,75.6073,7.0,,54.084,10.0,,,0.0,47.0,,2894.0,4260.0,,0.0,7154.0,0.0,0.0,,0.0,0.0,,49513755.0,,44516217.0,,5325877.0,,17274893.0,,577943.0,,596944.0,,1718035.0,,1128902.0,,1271437.0,,10051316.0,,1039784.0,,19536.0,,,,816404.0,40261.0,10109.0,20126.0,10026.0,0.0,0.0,0.0,0.0,,,,,
2020,Europe and Central Asia,Romanian Red Cross,Romania,ROU,,19265250.0,251362514349.697,22.6,12710.0,74.2537,6.7,,54.194,10.0,,,18.0,47.0,,2183.0,3801.0,,0.0,5984.0,21.0,29.0,,,50.0,21056083.0,94937026.0,19434765.0,87626875.0,463510.0,2089860.0,13523208.0,60973030.0,1955624.0,8817460.0,1396.0,6294.0,,,478871.0,2159117.0,118073.0,532363.0,1644576.0,7415014.0,71754.0,323522.0,10299.0,46434.0,,,17542.0,79092.0,14942.0,8076.0,0.0,6866.0,,,,262950.0,,,,,
2021,Europe and Central Asia,Romanian Red Cross,Romania,ROU,,19122059.0,285810244501.933,21.2,14190.0,72.961,6.4,98.9,54.329,,0.0,0.0,17.0,47.0,,,,,,5175.0,,,,,51.0,8725465.0,39991313.0,8569213.0,39275165.0,17116.0,78449.0,2688131.0,12320479.0,120806.0,553688.0,0.0,0.0,0.0,0.0,0.0,0.0,150725.0,690817.0,130887.0,599893.0,80126.0,367240.0,703544.0,3224544.0,0.0,0.0,0.0,0.0,34663.0,,,,6695.0,183106.0,732424.0,150000.0,,,,,
2022,Europe and Central Asia,Romanian Red Cross,Romania,ROU,,19047009.0,300691354864.855,,15570.0,,,,54.489,,0.0,0.0,17.0,47.0,,3412.0,5516.0,,,8928.0,44.0,61.0,,,105.0,,185067455.0,,127632855.0,,14901565.0,,76985832.0,,7536370.0,,1504370.0,,312605.0,,1031307.0,,2076303.0,,6329259.0,,16056180.0,,6523562.0,,367023.0,,2335050.0,51344.0,26390.0,,24954.0,17885.0,16485.0,36127.0,333615.0,,,,,
2023,Europe and Central Asia,Romanian Red Cross,Romania,ROU,,,,,,,,,,,1.0,1.0,18.0,604.0,47.0,2914.0,4400.0,0.0,0.0,7314.0,,,,,533.0,14357230.0,76686001.0,15084914.0,80572766.0,0.0,0.0,1238238.0,6613775.0,0.0,0.0,0.0,0.0,0.0,0.0,0.0,0.0,0.0,0.0,284475.0,1519459.0,3895973.0,20809485.0,2635880.0,14078978.0,142941.0,763486.0,969583.0,5178816.0,76924.0,,,,10932.0,11589.0,46356.0,361100.0,,,,,
2024,Europe and Central Asia,Romanian Red Cross,Romania,ROU,,,,,,,,,,,,,,,,,,,,,,,,,,,,,,,,,,,,,,,,,,,,,,,,,,,,,,,,,,,,,,,,,,
2009,Europe and Central Asia,Red Cross of Serbia,Serbia,SRB,DRS001,7320807.0,45162894380.9318,,6450.0,73.9854,7.8,,54.772,12.0,,,,194.0,,,,,,19667.0,,,,,820.0,3375872.0,216971000.0,3520898.0,226292000.0,,,,,,,,,,,,,,,,,499136.0,32080000.0,,,,,,,,,,,,,,,,,,,
2011,Europe and Central Asia,Red Cross of Serbia,Serbia,SRB,DRS001,7234099.0,49258136128.9672,,6190.0,74.5366,7.4,97.96,55.215,14.0,,,,194.0,,,,,,19667.0,,,,,820.0,2545114.0,216971000.0,2654452.0,226292000.0,,,,,,,,,,,,,,,,,0.0,,,,,,,,,,,,,,,,,,,,
2012,Europe and Central Asia,Red Cross of Serbia,Serbia,SRB,DRS001,7199077.0,43309252921.0567,24.5,6080.0,74.8366,7.1,,55.356,13.0,,,,186.0,,,,,,60000.0,,,,,820.0,2953164.0,277132000.0,2950660.0,276897000.0,,,,,,,,,,,,,,,,,0.0,,,,,,,,,,,,,,,,,,,,
2013,Europe and Central Asia,Red Cross of Serbia,Serbia,SRB,DRS001,7164132.0,48394239474.6762,25.0,6460.0,75.1854,6.8,,55.469,13.0,,,,185.0,,24000.0,36000.0,,,60000.0,,,,,780.0,2971756.0,277573000.0,3004442.0,280626000.0,,,,,,,,,,,,,,,,,0.0,,,,,,,,,,,,,,,,,,,,
2014,Europe and Central Asia,Red Cross of Serbia,Serbia,SRB,DRS001,7130576.0,47062202418.8864,26.7,6240.0,75.3366,6.6,,55.583,13.0,,,,185.0,,24000.0,36000.0,,,60000.0,,,,,780.0,3423369.0,343939000.0,3399908.0,341582000.0,,,,,,,,,,,,,,,,,0.0,,,,,,,,,,,,,,,,,,,,
2015,Europe and Central Asia,Red Cross of Serbia,Serbia,SRB,DRS001,7095383.0,39655949731.3816,25.9,5960.0,75.2878,6.3,,55.696,13.0,,,,185.0,,,,,,60000.0,,,,,780.0,2900020.0,323242000.0,2897068.0,322913000.0,,,,,,,,,,,,,,,,,0.0,,,,,,,,,,,,,,,,,,,,
2016,Europe and Central Asia,Red Cross of Serbia,Serbia,SRB,,7058322.0,40692661657.284,25.7,5700.0,75.6878,6.1,98.84,55.81,12.0,,,,183.0,,,,,,60000.0,,,,,714.0,3314382.0,379959000.0,3314382.0,379959000.0,422115.0,48391000.0,0.0,0.0,0.0,0.0,340843.0,39074000.0,0.0,0.0,0.0,0.0,0.0,0.0,542073.0,62143000.0,310774.0,35627000.0,237170.0,27189000.0,31691.0,3633000.0,77190.0,8849000.0,50013.0,26121.0,,23892.0,7351.0,8617.0,8617.0,10690.0,,,,,
2017,Europe and Central Asia,Red Cross of Serbia,Serbia,SRB,,7020858.0,44179075778.9267,24.3,5570.0,75.539,5.9,,55.942,12.0,1.0,1.0,21.0,185.0,,,,,,69455.0,,,,,715.0,3536089.0,356281000.0,3536089.0,356281000.0,444134.0,44749000.0,0.0,0.0,6213.0,626000.0,60453.0,6091000.0,0.0,0.0,0.0,0.0,0.0,0.0,573457.0,57779000.0,232702.0,23446000.0,234845.0,23662000.0,14223.0,1433000.0,81187.0,8180000.0,43866.0,23080.0,0.0,20786.0,2064.0,50272.0,50272.0,3000.0,,,,,
2018,Europe and Central Asia,Red Cross of Serbia,Serbia,SRB,,6982604.0,50640662859.4987,23.2,6410.0,75.8902,5.8,,56.092,11.0,1.0,1.0,21.0,185.0,,,,,,55403.0,,,,,731.0,3022484.0,315829000.0,3022484.0,315829000.0,56635.0,5918000.0,11522.0,1204000.0,,,155503.0,16249000.0,,,3378.0,353000.0,,,586775.0,61314000.0,93499.0,9770000.0,176145.0,18406000.0,27389.0,2862000.0,484453.0,50622000.0,42893.0,,,,1739.0,33486.0,33486.0,3241.0,,,,,
2019,Europe and Central Asia,Red Cross of Serbia,Serbia,SRB,,6945235.0,51514242938.6734,21.7,7040.0,75.9366,5.7,99.48,56.26,10.0,,,21.0,185.0,,0.0,0.0,,53456.0,53456.0,0.0,0.0,,750.0,750.0,2886714.0,310066000.0,2886714.0,310066000.0,29168.0,3133000.0,16386.0,1760000.0,,,95241.0,10230000.0,,,12736.0,1368000.0,,,589407.0,63309000.0,81211.0,8723000.0,74136.0,7963000.0,34736.0,3731000.0,583132.0,62635000.0,35438.0,9024.0,19130.0,7284.0,71096.0,14734.0,14734.0,50080.0,,,,,
2020,Europe and Central Asia,Red Cross of Serbia,Serbia,SRB,,6899126.0,53356484591.4378,21.2,7440.0,74.478,5.6,,56.446,10.0,,,21.0,185.0,,,,,51434.0,51434.0,342.0,501.0,,,843.0,2385788.0,259353000.0,2384795.0,259245000.0,41543.0,4516000.0,18619.0,2024000.0,26935.0,2928000.0,56399.0,6131000.0,,,3726.0,405000.0,,,344935.0,37497000.0,103535.0,11255000.0,138095.0,15012000.0,33549.0,3647000.0,348743.0,37911000.0,18407.0,8922.0,,9485.0,757178.0,2200.0,2200.0,167673.0,,,,,
2021,Europe and Central Asia,Red Cross of Serbia,Serbia,SRB,,6834326.0,63101069561.2193,,8470.0,72.7307,5.5,,56.651,,,,,,,,,,,,,,,,,,,,,,,,,,,,,,,,,,,,,,,,,,,,,,,,,,,,,,,,,
2022,Europe and Central Asia,Red Cross of Serbia,Serbia,SRB,,6664449.0,63563401043.5044,,9290.0,,,,56.873,,1.0,1.0,21.0,185.0,,,,,,45861.0,331.0,407.0,,155.0,893.0,2731564.0,309912000.0,2728127.0,309522000.0,18342.0,2081000.0,13908.0,1578000.0,11405.0,1294000.0,20607.0,2338000.0,,,1304.0,148000.0,,,508876.0,57735000.0,128817.0,14615000.0,101273.0,11490000.0,41814.0,4744000.0,460814.0,52282000.0,29128.0,,,,65702.0,56906.0,224186.0,,,,,,
2023,Europe and Central Asia,Red Cross of Serbia,Serbia,SRB,,,,,,,,,,,1.0,1.0,21.0,186.0,185.0,,,,,37178.0,,,,,935.0,2432345.0,305763000.0,2431557.0,305664000.0,2744.0,345000.0,8512.0,1070000.0,3254.0,409000.0,5258.0,661000.0,,,2196.0,276000.0,,,604174.0,75949000.0,82112.0,10322000.0,102238.0,12852000.0,48295.0,6071000.0,173721.0,21838000.0,33630.0,,,,6472.0,79761.0,85621.0,8728.0,,,,,
2024,Europe and Central Asia,Red Cross of Serbia,Serbia,SRB,,,,,,,,,,,1.0,1.0,21.0,186.0,183.0,,,,,32716.0,,,,,912.0,2890290.0,358482000.0,2889476.0,358381000.0,8071.0,1001000.0,55446.0,6877000.0,29832.0,3700000.0,22398.0,2778000.0,,,,,,,907194.0,112519000.0,70161.0,8702000.0,113328.0,14056000.0,28227.0,3501000.0,237491.0,29456000.0,36837.0,,,,42894.0,69790.0,69790.0,16548.0,,,,,
2011,Europe and Central Asia,Russian Red Cross,Russian Federation,RUS,DRU001,142960908.0,2045922753398.04,12.7,11060.0,69.6839,10.2,,73.732,14.0,,,,87.0,,,,,,5500.0,,,,,50.0,0.0,,0.0,,,,,,,,,,,,,,,,,,0.0,,,,,,,,,,,,,,,,,,,,
2012,Europe and Central Asia,Russian Red Cross,Russian Federation,RUS,DRU001,143201721.0,2208293553878.42,10.7,13490.0,70.0722,9.9,,73.791,12.0,,,,83.0,,,,,,5700.0,,,,,50.0,191615000.0,191615000.0,181944000.0,181944000.0,,,,,,,,,,,,,,,,,0.0,,,,,,,,,,,,,,,,,,,,
2013,Europe and Central Asia,Russian Red Cross,Russian Federation,RUS,DRU001,143506995.0,2292470078346.22,10.8,15190.0,70.5788,9.5,,73.863,11.0,,,,89.0,,,,,,3056.0,,,,,258.0,7161557.0,261573000.0,2993544.0,109338000.0,,,,,,,,,,,,,,,,,0.0,,,,,,,,,,,,,,,,,,,,
2014,Europe and Central Asia,Russian Red Cross,Russian Federation,RUS,DRU001,143819667.0,2059241589895.01,11.2,14630.0,70.7437,8.9,,73.95,10.0,,,,89.0,,,,,,3299.0,,,,,264.0,3099956.0,178214000.0,4489539.0,258100000.0,,,,,,,,,,,,,,,,,0.0,,,,,,,,,,,,,,,,,,,,
2015,Europe and Central Asia,Russian Red Cross,Russian Federation,RUS,DRU001,144096870.0,1363482182197.71,13.3,11780.0,71.1834,8.2,,74.05,10.0,,,,84.0,,,,,,3240.0,,,,,113.0,2017272.0,147512000.0,2919979.0,213522000.0,,,,,,,,,,,,,,,,,0.0,,,,,,,,,,,,,,,,,,,,
2016,Europe and Central Asia,Russian Red Cross,Russian Federation,RUS,,144342397.0,1276786350881.14,13.3,9730.0,71.6512,7.5,,74.164,8.0,,,,84.0,,,,,,78697.0,,,,,384.0,2139641.0,126054000.0,2461773.0,145032000.0,,,,,,,,,,,,,,,,,,,,,,,,,15656.0,,,,10000.0,15000.0,15000.0,,,,,,
2017,Europe and Central Asia,Russian Red Cross,Russian Federation,RUS,,144496739.0,1574199360089.0,13.2,9210.0,72.4515,6.9,,74.292,9.0,0.0,0.0,,84.0,,,,,,90695.0,,,,,180.0,813.0,47975.0,839.0,49533.0,12.0,700.0,,,,,,,,,,,,,169.0,10000.0,,,,,,,,,16325.0,,,,12000.0,17000.0,17000.0,,,,,,
2018,Europe and Central Asia,Russian Red Cross,Russian Federation,RUS,,144477859.0,1657328773461.31,12.6,10250.0,72.6622,6.3,,74.433,9.0,0.0,0.0,33.0,79.0,,,,,,95000.0,,,,,180.0,1067.0,75102.0,1039.0,73165.0,,,,,,,,,,,,,,,,,,,,,,,,,20000.0,,,,12000.0,17000.0,17000.0,,,,,,
2019,Europe and Central Asia,Russian Red Cross,Russian Federation,RUS,,144406261.0,1693115002708.32,12.3,11280.0,73.0839,5.8,,74.587,7.0,,,,,,,,,,,,,,,,,,,,,,,,,,,,,,,,,,,,,,,,,,,,,,,,,,,,,,,,
2020,Europe and Central Asia,Russian Red Cross,Russian Federation,RUS,,144073139.0,1493075894362.14,12.1,10750.0,71.3388,5.4,,74.754,14.0,,,33.0,600.0,,,,,19539.0,19539.0,,,,300.0,300.0,1777590.0,150771007.0,1762922.0,149526896.0,,,,,,,,,,,,,,,136864.0,11608452.0,19797.0,1679170.0,899577.0,76300000.0,153270.0,13000000.0,568082.0,48183385.0,18416.0,,18416.0,,751462.0,,,751000.0,,,,,
2021,Europe and Central Asia,Russian Red Cross,Russian Federation,RUS,,144130482.0,1836892075547.52,,11760.0,69.3612,5.1,99.93,74.934,,0.0,1.0,17.0,84.0,,,,,,50000.0,,,,,500.0,4338510.0,350445102.0,1914839.0,154671988.0,1543714.0,124694199.0,1646004.0,132956686.0,263687.0,21299420.0,0.0,0.0,0.0,0.0,0.0,0.0,162695.0,13141752.0,0.0,0.0,192745.0,15569032.0,358695.0,28973711.0,3408.0,275288.0,22313.0,1802380.0,108585.0,,,,2795.0,160.0,160.0,58298.0,,,,,
2022,Europe and Central Asia,Russian Red Cross,Russian Federation,RUS,,144236933.0,2240422427458.58,,12750.0,,,,75.126,,1.0,1.0,17.0,600.0,,,,,,50000.0,,,,,840.0,12516006.0,1300634568.0,12469719.0,1295824460.0,842975.0,87599973.0,1165525.0,121118716.0,380109.0,39500000.0,207300.0,21542113.0,0.0,0.0,0.0,0.0,0.0,0.0,153822.0,15984836.0,504634.0,52440376.0,2573476.0,267429747.0,2092108.0,217407019.0,13109.0,1362250.0,360000.0,,,,1050.0,,,80000.0,,,,,
2023,Europe and Central Asia,Russian Red Cross,Russian Federation,RUS,,,,,,,,,,,1.0,1.0,17.0,615.0,85.0,,,,,55000.0,,,,,835.0,18700744.0,2016035332.0,19602024.0,2113197885.0,217021.0,23396000.0,987028.0,106406668.0,46380.0,5000000.0,330643.0,35644955.0,0.0,0.0,0.0,0.0,0.0,0.0,103529.0,11161000.0,773829.0,83422696.0,5320295.0,573554864.0,2745873.0,296019121.0,2996.0,323000.0,820000.0,,,,7741.0,,,44358.0,,,,,
2024,Europe and Central Asia,Russian Red Cross,Russian Federation,RUS,,,,,,,,,,,0.0,0.0,17.0,605.0,85.0,,,,,57000.0,,,,,835.0,40824476.0,4782292110.0,32289845.0,3782521859.0,9750617.0,1142214261.0,12612593.0,1477474053.0,281412.0,32965397.0,728570.0,85346720.0,0.0,0.0,0.0,0.0,0.0,0.0,802692.0,94029593.0,53824.0,6305100.0,5620822.0,658438640.0,5189781.0,607945344.0,0.0,0.0,827000.0,,,,20800.0,,,50000.0,,,,,
2012,Africa,Rwandan Red Cross,Rwanda,RWA,DRW001,10840334.0,7655465589.7467,,690.0,64.009,55.2,,16.943,328.0,,,,30.0,,7373.0,4882.0,,,12255.0,71.0,31.0,,,102.0,3976092.0,2634478654.0,3902003.0,2585388392.0,,,,,,,,,,,,,,,,,2885255.0,1911712079.0,,,,,,,,,,,23000.0,,,,,,,,
2013,Africa,Rwandan Red Cross,Rwanda,RWA,DRW001,11101350.0,7820741499.0814,39.1,710.0,64.426,52.2,,16.947,323.0,,,,30.0,,108.0,12147.0,,,12255.0,72.0,31.0,,,103.0,4347298.0,3291796752.0,3841247.0,2908612153.0,,,,,,,,,,,,,,,,,0.0,,,,,,,,,,,,6486.0,,,,,,,,
2014,Africa,Rwandan Red Cross,Rwanda,RWA,DRW001,11368451.0,8239766320.0954,,720.0,64.94,49.8,70.8,16.967,307.0,,,,30.0,,11310.0,8190.0,,,19500.0,73.0,30.0,,,103.0,3548761.0,2441121718.0,3927606.0,2701721814.0,,,,,,,,,,,,,,,,,2586955.0,1779514540.0,,,,,,,,,,,18262.0,,,,,,,,
2015,Africa,Rwandan Red Cross,Rwanda,RWA,DRW001,11642959.0,8544621756.7981,,730.0,65.298,47.7,,17.004,312.0,,,,30.0,,19436.0,16097.0,,,35533.0,74.0,29.0,,,103.0,4325238.0,3212651979.0,4059201.0,3015047968.0,,,,,,,,,,,,,,,,,0.0,,,,,,,,,,,,16000.0,,,,,,,,
2016,Africa,Rwandan Red Cross,Rwanda,RWA,,11930899.0,8696069807.425,38.2,730.0,65.737,46.1,,17.056,292.0,,,,30.0,,22955.0,18092.0,,,41047.0,77.0,30.0,,,107.0,2606589.0,2072010331.0,3600937.0,2862430148.0,611.0,486000.0,0.0,0.0,0.0,0.0,3152.0,2505842.0,0.0,0.0,0.0,0.0,0.0,0.0,328990.0,261518351.0,1516717.0,1205657259.0,202424.0,160909541.0,392895.0,312316874.0,84831.0,67432878.0,1055.0,490.0,,565.0,65000.0,64400.0,639400.0,471750.0,,,,,
2017,Africa,Rwandan Red Cross,Rwanda,RWA,,12230339.0,9252834120.3936,,720.0,65.941,44.6,,17.125,275.0,1.0,1.0,10.0,30.0,,24791.0,20263.0,,0.0,45054.0,75.0,33.0,,0.0,108.0,3642843.0,3110882386.0,3570150.0,3048804189.0,0.0,0.0,0.0,0.0,0.0,0.0,0.0,0.0,0.0,0.0,0.0,0.0,0.0,0.0,570192.0,486927705.0,2404966.0,2053771242.0,307433.0,262538441.0,321280.0,274364131.0,0.0,0.0,7026.0,3016.0,0.0,4010.0,91550.0,69500.0,669500.0,586700.0,,,,,
2018,Africa,Rwandan Red Cross,Rwanda,RWA,,12531808.0,9636254325.0244,,770.0,66.251,43.4,73.22,17.211,281.0,1.0,1.0,11.0,31.0,,28292.0,23125.0,,,51417.0,66.0,31.0,,,97.0,3497553.0,3232489089.0,3036528.0,2806402712.0,,,,,,,,,,,,,,,592425.0,547528018.0,2508190.0,2318104927.0,211185.0,195180331.0,174267.0,161060463.0,,,11047.0,4650.0,,6397.0,66084.0,217900.0,957400.0,657700.0,,,,,
2019,Africa,Rwandan Red Cross,Rwanda,RWA,,12835028.0,10346326599.029,,810.0,66.437,42.1,,17.313,281.0,,,,,,,,,,,,,,,,,,,,,,,,,,,,,,,,,,,,,,,,,,,,,,,,,,,,,,,,
2020,Africa,Rwandan Red Cross,Rwanda,RWA,,13146362.0,10172303393.0612,,760.0,66.774,40.7,,17.432,259.0,,,11.0,31.0,,30279.0,24745.0,,0.0,55024.0,63.0,30.0,,0.0,93.0,,,,,,,,,,,,,,,,,,,,,,,,,,,,,3695.0,1649.0,0.0,2046.0,381076.0,426351.0,426351.0,153870.0,,,,,
2021,Africa,Rwandan Red Cross,Rwanda,RWA,,13461888.0,11054517345.7109,,840.0,66.072,39.4,75.9,17.568,,0.0,0.0,11.0,30.0,,,,,,55024.0,,,,,84.0,4992619.0,5362641470.0,4934101.0,5299785869.0,,,,,,,58653.0,63000000.0,,,,,,,563534.0,605300000.0,3253845.0,3495000000.0,759137.0,815400000.0,116561.0,125200000.0,,,2509.0,1140.0,100.0,1269.0,,,,,,,,,
2022,Africa,Rwandan Red Cross,Rwanda,RWA,,13776698.0,13311487445.0686,,930.0,,,,17.721,,1.0,1.0,10.0,31.0,,37009.0,30877.0,,,67886.0,57.0,27.0,,,84.0,4594396.0,5043244657.0,3436948.0,3772719842.0,,,,,,,240980.0,264522087.0,,,,,,,805330.0,884007055.0,2652462.0,2911593400.0,803500.0,881997584.0,92124.0,101124531.0,,,15824.0,8122.0,,7702.0,213548.0,814750.0,2975000.0,307458.0,,,,,
2023,Africa,Rwandan Red Cross,Rwanda,RWA,,,,,,,,,,,1.0,1.0,10.0,31.0,30.0,37009.0,30877.0,,,67886.0,65.0,32.0,,,97.0,3981675.0,5091656151.0,3356591.0,4292315544.0,,,,,,,206856.0,264522087.0,,,,,,,702734.0,898637244.0,2251738.0,2879459968.0,741267.0,947912321.0,79079.0,101124531.0,,,6815.0,3135.0,,3680.0,29436.0,342007.0,3762007.0,802740.0,,,,,
2024,Africa,Rwandan Red Cross,Rwanda,RWA,,,,,,,,,,,1.0,1.0,9.0,31.0,30.0,38032.0,31981.0,,,70013.0,59.0,30.0,0.0,0.0,89.0,3251054.0,4701740148.0,3840543.0,5554270488.0,0.0,0.0,13829.0,20000000.0,0.0,0.0,88633.0,128182374.0,0.0,0.0,0.0,0.0,133519.0,193097209.0,382928.0,553798686.0,2283333.0,3302201571.0,224395.0,324523959.0,90640.0,131085054.0,30096.0,43526010.0,12752.0,6107.0,,6645.0,32246.0,294847.0,2146722.0,1033427.0,,,,,
2012,Middle East and North Africa,Saudi Red Crescent Authority,Saudi Arabia,SAU,DSA001,30821543.0,741849984943.256,,22930.0,76.461,10.9,,82.52,15.0,,,,,,,,,,,,,,,,0.0,,0.0,,,,,,,,,,,,,,,,,,0.0,,,,,,,,,,,,,,,,,,,,
2013,Middle East and North Africa,Saudi Red Crescent Authority,Saudi Arabia,SAU,DSA001,31482498.0,753864543430.248,,24510.0,76.626,10.2,94.43,82.74,14.0,,,,13.0,,,,,,3000.0,,,,,,0.0,,0.0,,,,,,,,,,,,,,,,,,0.0,,,,,,,,,,,,,,,,,,,,
2014,Middle East and North Africa,Saudi Red Crescent Authority,Saudi Arabia,SAU,DSA001,32125564.0,766605946720.427,,24910.0,76.757,9.6,,82.96,15.0,,,,13.0,,,,,,,,,,,6787.0,0.0,,0.0,,,,,,,,,,,,,,,,,,0.0,,,,,,,,,,,,,,,,,,,,
2015,Middle East and North Africa,Saudi Red Crescent Authority,Saudi Arabia,SAU,DSA001,32749848.0,669484381328.891,,23430.0,76.918,9.1,,83.18,16.0,,,,13.0,,,,,,8854.0,,,,,8028.0,0.0,,0.0,,,,,,,,,,,,,,,,,,0.0,,,,,,,,,,,,,,,,,,,,
2016,Middle East and North Africa,Saudi Red Crescent Authority,Saudi Arabia,SAU,,33416270.0,665999879694.192,,21590.0,77.064,8.6,,83.401,16.0,,,,13.0,,,,,,8854.0,,,,,8072.0,,,,,,,,,,,,,,,,,,,,,,,,,,,,,,,,,,,,,,,,,
2017,Middle East and North Africa,Saudi Red Crescent Authority,Saudi Arabia,SAU,,34193122.0,714994694991.651,,20090.0,77.16,8.1,95.33,83.622,16.0,,,,,,,,,,,,,,,,,,,,,,,,,,,,,,,,,,,,,,,,,,,,,,,,,,,,,,,,
2018,Middle East and North Africa,Saudi Red Crescent Authority,Saudi Arabia,SAU,,35018133.0,846583791842.629,,21880.0,77.212,7.7,,83.844,17.0,0.0,0.0,13.0,444.0,,5323.0,7647.0,,,12970.0,,,,,8048.0,,,,,,,,,,,,,,,,,,,,,,,,,,,,,28830.0,,,,340.0,,,,,,,,
2019,Middle East and North Africa,Saudi Red Crescent Authority,Saudi Arabia,SAU,,35827362.0,838564705295.139,,23180.0,77.304,7.3,,84.065,18.0,,,,,,,,,,,,,,,,,,,,,,,,,,,,,,,,,,,,,,,,,,,,,,,,,,,,,,,,
2020,Middle East and North Africa,Saudi Red Crescent Authority,Saudi Arabia,SAU,,35997107.0,734271183944.989,,22430.0,76.239,7.0,97.59,84.287,16.0,,,,,,,,,,,,,,,,,,,,,,,,,,,,,,,,,,,,,,,,,,,,,,,,,,,,,,,,
2021,Middle East and North Africa,Saudi Red Crescent Authority,Saudi Arabia,SAU,,35950396.0,874156115900.131,,24030.0,76.936,6.7,,84.508,,,,,,,,,,,,,,,,,,,,,,,,,,,,,,,,,,,,,,,,,,,,,,,,,,,,,,,,,
2022,Middle East and North Africa,Saudi Red Crescent Authority,Saudi Arabia,SAU,,36408820.0,1108571517285.38,,27680.0,,,,84.729,,,,,,,,,,,,,,,,,,,,,,,,,,,,,,,,,,,,,,,,,,,,,,,,,,,,,,,,,
2023,Middle East and North Africa,Saudi Red Crescent Authority,Saudi Arabia,SAU,,,,,,,,,,,,,,,,,,,,,,,,,,,,,,,,,,,,,,,,,,,,,,,,,,,,,,,,,,,,,,,,,,
2024,Middle East and North Africa,Saudi Red Crescent Authority,Saudi Arabia,SAU,,,,,,,,,,,,,,,,,,,,,,,,,,,,,,,,,,,,,,,,,,,,,,,,,,,,,,,,,,,,,,,,,,
2012,Asia Pacific,The Solomon Islands Red Cross,Solomon Islands,SLB,DSB001,567763.0,1185215418.2556,12.7,1840.0,69.084,24.9,,20.97,142.0,,,,5.0,,,,,,600.0,,,,,45.0,744859.0,5499592.0,690179.0,5095866.0,,,,,,,,,,,,,,,,,0.0,,,,,,,,,,,,,,,,,,,,
2013,Asia Pacific,The Solomon Islands Red Cross,Solomon Islands,SLB,DSB001,582365.0,1285911586.132,,2130.0,69.188,24.1,,21.433,138.0,,,,4.0,,560.0,140.0,,,700.0,,,,,33.0,596405.0,4862493.0,620785.0,5061263.0,,,,,,,,,,,,,,,,,0.0,,,,,,,,,,,,,,,,,,,,
2014,Asia Pacific,The Solomon Islands Red Cross,Solomon Islands,SLB,DSB001,597375.0,1335571420.7268,,2160.0,69.234,23.5,,21.896,140.0,,,,6.0,,250.0,150.0,,,400.0,24.0,16.0,,,40.0,537052.0,4136040.0,691561.0,5325964.0,,,,,,,,,,,,,,,,,160863.0,1238868.0,,,,,,,,,,,40000.0,,,,,,,,
2015,Asia Pacific,The Solomon Islands Red Cross,Solomon Islands,SLB,DSB001,612660.0,1307909887.5521,,2100.0,69.583,22.8,,22.36,141.0,,,,5.0,,250.0,50.0,,,300.0,24.0,16.0,,,40.0,763878.0,6151449.0,482287.0,3883816.0,,,,,,,,,,,,,,,,,153841.0,1238868.0,,,,,,,,,,,17100.0,,,,,,,,
2016,Asia Pacific,The Solomon Islands Red Cross,Solomon Islands,SLB,,628102.0,1379490304.2254,,2110.0,69.801,22.1,,22.823,133.0,,,,6.0,,180.0,112.0,,,292.0,25.0,11.0,,,36.0,493774.0,3721145.0,507327.0,3823283.0,,,,,,,43261.0,326024.0,,,,,93433.0,704126.0,8693.0,65512.0,,,93258.0,702805.0,35414.0,266884.0,217148.0,1636454.0,580.0,218.0,,362.0,46823.0,3080.0,3080.0,0.0,,,,,
2017,Asia Pacific,The Solomon Islands Red Cross,Solomon Islands,SLB,,643634.0,1469789119.0876,,2150.0,69.988,21.4,,23.286,133.0,1.0,1.0,9.0,4.0,,207.0,138.0,,,345.0,32.0,9.0,,0.0,41.0,688995.0,5286093.0,735766.0,5644933.0,,,,,,,,,,,,,,,,,,,,,,,,,248.0,,,,29758.0,3200.0,3200.0,,,,,,
2018,Asia Pacific,The Solomon Islands Red Cross,Solomon Islands,SLB,,659249.0,1615478393.2861,,2320.0,70.173,20.7,,23.749,127.0,1.0,1.0,7.0,4.0,,206.0,139.0,,,345.0,17.0,7.0,,,24.0,466743.0,3762149.0,477185.0,3846315.0,,,,,,,,,,,,,25350.0,204335.0,50632.0,408114.0,256430.0,2066934.0,99691.0,803553.0,34640.0,279212.0,,,1062.0,439.0,,623.0,29931.0,2420.0,2420.0,0.0,,,,,
2019,Asia Pacific,The Solomon Islands Red Cross,Solomon Islands,SLB,,674993.0,1619155017.3924,,2390.0,70.382,20.0,,24.21,127.0,,,7.0,5.0,,95.0,91.0,,,186.0,15.0,10.0,,,25.0,247671.0,2055937.0,362315.0,3007610.0,,,13846.0,114935.0,,,6084.0,50502.0,,,,,,,36140.0,300004.0,72171.0,599102.0,50008.0,415120.0,20993.0,174261.0,1654.0,13733.0,1183.0,399.0,,784.0,1054.0,140.0,911.0,,,,,,
2020,Asia Pacific,The Solomon Islands Red Cross,Solomon Islands,SLB,,691191.0,1536145814.1701,,2340.0,70.199,19.4,,24.67,122.0,,,7.0,7.0,,,,,222.0,222.0,16.0,12.0,,,28.0,680523.0,5911626.0,685131.0,5951659.0,350.0,3040.0,29197.0,253635.0,,,,,80633.0,700448.0,,,,,238821.0,2074608.0,125671.0,1091690.0,138221.0,1200709.0,31159.0,270672.0,18.0,157.0,407.0,169.0,,238.0,24949.0,61.0,61.0,,,,,,
2021,Asia Pacific,The Solomon Islands Red Cross,Solomon Islands,SLB,,707851.0,1580303515.4095,,2290.0,70.348,18.8,,25.128,,1.0,1.0,8.0,7.0,,28.0,12.0,,132.0,172.0,21.0,13.0,,,34.0,724156.0,6358829.0,745053.0,6542328.0,,,2392.0,21000.0,,,,,,,,,18252.0,160270.0,244412.0,2146188.0,160709.0,1411187.0,273833.0,2404533.0,7325.0,64318.0,10981.0,96428.0,772.0,258.0,,514.0,514.0,1694.0,1694.0,,,,,,
2022,Asia Pacific,The Solomon Islands Red Cross,Solomon Islands,SLB,,724273.0,1597204340.629,,2210.0,,,,25.584,,1.0,1.0,10.0,7.0,,68.0,46.0,,,114.0,15.0,10.0,,,25.0,553247.0,4838448.0,545754.0,4772914.0,,,16299.0,142545.0,,,22980.0,200975.0,138212.0,1208736.0,,,,,74213.0,649032.0,173304.0,1515638.0,106437.0,930848.0,21788.0,190550.0,14.0,123.0,694.0,235.0,,459.0,103.0,484.0,484.0,,,,,,
2023,Asia Pacific,The Solomon Islands Red Cross,Solomon Islands,SLB,,,,,,,,,,,,,,,,,,,,,,,,,,,,,,,,,,,,,,,,,,,,,,,,,,,,,,,,,,,,,,,,,,
2024,Asia Pacific,The Solomon Islands Red Cross,Solomon Islands,SLB,,,,,,,,,,,,,,,,,,,,,,,,,,,,,,,,,,,,,,,,,,,,,,,,,,,,,,,,,,,,,,,,,,
2012,Africa,Seychelles Red Cross Society,Seychelles,SYC,DSC001,88303.0,1089880685.4713,,12540.0,74.2756,14.4,,54.12,7.0,,,,3.0,,48.0,52.0,,,100.0,3.0,6.0,,,9.0,12854.0,174092.0,228039.0,3088624.0,,,,,,,,,,,,,,,,,0.0,,,,,,,,,,,,,,,,,,,,
2013,Africa,Seychelles Red Cross Society,Seychelles,SYC,DSC001,89949.0,1324915185.0959,39.3,12330.0,73.1195,14.4,,54.537,6.0,,,,3.0,,151.0,95.0,,,246.0,1.0,6.0,,,7.0,685838.0,8726466.0,368190.0,4684776.0,,,,,,,,,,,,,,,,,0.0,,,,,,,,,,,,,,,,,,,,
2014,Africa,Seychelles Red Cross Society,Seychelles,SYC,DSC001,91359.0,1387576450.1433,,13170.0,73.2293,14.5,,54.969,5.0,,,,3.0,,75.0,113.0,,,188.0,2.0,7.0,,,9.0,298245.0,3882080.0,389453.0,5069276.0,,,,,,,,,,,,,,,,,10939.0,142384.0,,,,,,,,,,,185.0,,,,,,,,
2015,Africa,Seychelles Red Cross Society,Seychelles,SYC,DSC001,93419.0,1391427967.335,,13890.0,74.2951,14.5,,55.4,5.0,,,,3.0,,193.0,188.0,,,381.0,1.0,6.0,,,7.0,355315.0,4339390.0,362780.0,4430555.0,,,,,,,,,,,,,,,,,0.0,,,,,,,,,,,,430.0,,,,,,,,
2016,Africa,Seychelles Red Cross Society,Seychelles,SYC,,94677.0,1458954073.3068,,15220.0,74.3098,14.6,,55.831,5.0,,,,3.0,,192.0,170.0,,,362.0,1.0,7.0,,,8.0,418313.0,5049777.0,284887.0,3439086.0,1880.0,22699.0,3991.0,48182.0,0.0,0.0,0.0,0.0,55741.0,672895.0,0.0,0.0,12632.0,152486.0,57593.0,695252.0,1647.0,19877.0,152130.0,1836480.0,22457.0,271101.0,27403.0,330805.0,1162.0,662.0,,500.0,16392.0,25.0,25.0,0.0,,,,,
2017,Africa,Seychelles Red Cross Society,Seychelles,SYC,,95843.0,1529773473.3115,,17130.0,74.3,14.6,,56.261,5.0,1.0,1.0,9.0,3.0,,125.0,116.0,,0.0,241.0,1.0,6.0,,0.0,7.0,288448.0,3895581.0,219465.0,2963936.0,3976.0,53698.0,,,,,,,,,488.0,6591.0,,,,,,,43642.0,589399.0,24417.0,329763.0,72323.0,976739.0,1154.0,723.0,0.0,431.0,0.0,2500.0,2500.0,,,,,,
2018,Africa,Seychelles Red Cross Society,Seychelles,SYC,,96762.0,1588050311.1645,25.3,15230.0,72.8415,14.5,,56.691,4.0,1.0,1.0,9.0,1.0,,,,,,221.0,1.0,6.0,,0.0,7.0,201002.0,2686577.0,385876.0,5157598.0,1971.0,26350.0,0.0,0.0,0.0,0.0,0.0,0.0,0.0,0.0,,,2839.0,37950.0,83965.0,1122277.0,,,,,,,,,1016.0,570.0,,446.0,0.0,1900.0,1900.0,0.0,,,,,
2019,Africa,Seychelles Red Cross Society,Seychelles,SYC,,97625.0,1645090567.0461,,16160.0,74.0463,14.4,,57.119,3.0,,,10.0,1.0,,,,,,,2.0,5.0,,,7.0,246164.0,3269547.0,309679.0,4113143.0,13707.0,182050.0,0.0,0.0,0.0,0.0,0.0,0.0,0.0,0.0,0.0,0.0,0.0,0.0,68694.0,912388.0,0.0,0.0,18488.0,245561.0,3902.0,51826.0,40981.0,544315.0,746.0,,746.0,,,,,,,,,,
2020,Africa,Seychelles Red Cross Society,Seychelles,SYC,,98462.0,1183515314.0348,,13490.0,77.2366,14.2,96.2,57.546,3.0,,,8.0,1.0,,,,,100.0,100.0,,,,6.0,6.0,216278.0,4040386.0,222854.0,4163246.0,,,,,,,,,,,,,,,,,,,98601.0,1842016.0,,,37383.0,698370.0,37.0,,37.0,,60000.0,35000.0,80000.0,155000.0,,,,,
2021,Africa,Seychelles Red Cross Society,Seychelles,SYC,,99258.0,1286687308.2581,,13210.0,73.3976,13.9,,57.972,,1.0,1.0,7.0,3.0,,16.0,38.0,,19.0,73.0,3.0,4.0,,,7.0,,,,,,,,,,,,,,,,,,,,,,,,,,,,,245.0,150.0,,95.0,25.0,1500.0,1500.0,70.0,,,,,
2022,Africa,Seychelles Red Cross Society,Seychelles,SYC,,119878.0,1588438144.3769,,12010.0,,,,58.396,,1.0,1.0,7.0,1.0,,20.0,42.0,,22.0,84.0,3.0,5.0,,,8.0,,,,,,,,,,,,,,,,,,,,,,,,,,,,,668.0,334.0,,334.0,79.0,2000.0,2000.0,100.0,,,,,
2023,Africa,Seychelles Red Cross Society,Seychelles,SYC,,,,,,,,,,,0.0,1.0,9.0,1.0,0.0,,,,,140.0,3.0,4.0,,,7.0,,,,,,,,,,,,,,,,,,,,,,,,,,,,,,,,,,,,,,,,,
2024,Africa,Seychelles Red Cross Society,Seychelles,SYC,,,,,,,,,,,,,,,,,,,,,,,,,,,,,,,,,,,,,,,,,,,,,,,,,,,,,,,,,,,,,,,,,,
2010,Africa,Sudanese Red Crescent,Sudan,SDN,DSD001,33739933.0,74151154444.4256,,1430.0,63.016,75.9,,33.089,383.0,,,,,,,,,,70236.0,,,,,,0.0,,0.0,,,,,,,,,,,,,,,,,,0.0,,,,,,,,,,,,,,,,,,,,
2011,Africa,Sudanese Red Crescent,Sudan,SDN,DSD001,34419624.0,78402830324.5307,,1640.0,63.246,73.8,,33.207,354.0,,,,,,,,,,,,,,,242.0,0.0,,0.0,,,,,,,,,,,,,,,,,,0.0,,,,,,,,,,,,11167.0,,,,,,,,
2012,Africa,Sudanese Red Crescent,Sudan,SDN,DSD001,35159792.0,63196242385.161,,1700.0,63.792,71.9,,33.346,330.0,,,,15.0,,70672.0,131248.0,,,201920.0,,,,,488.0,10209399.0,49054119.0,9935486.0,47738025.0,,,,,,,,,,,,,,,,,0.0,0.0,,,,,,,,,,,554624.0,,,,,,,,
2013,Africa,Sudanese Red Crescent,Sudan,SDN,DSD001,35990704.0,66027141578.0612,,1720.0,63.678,69.9,,33.507,323.0,,,,16.0,,8298.0,12445.0,,,20743.0,283.0,102.0,,,385.0,10767669.0,68959381.0,10190693.0,65264257.0,,,,,,,,,,,,,,,,,0.0,,,,,,,,,,,,897248.0,,,,,,,,
2014,Africa,Sudanese Red Crescent,Sudan,SDN,DSD001,37003245.0,76818769321.3038,,1880.0,64.269,68.0,,33.689,301.0,,,,15.0,,51436.0,77153.0,,,128589.0,301.0,202.0,,,503.0,13629068.0,78147847.0,13054514.0,74853409.0,,,,,,,,,,,,,,,,,0.0,,,,,,,,,,,,1127450.0,,,,,,,,
2015,Africa,Sudanese Red Crescent,Sudan,SDN,DSD001,38171178.0,84984666745.108,,1950.0,64.659,66.0,,33.894,298.0,,,,14.0,,52226.0,78340.0,,,130566.0,305.0,203.0,,,508.0,20197085.0,123901036.0,19655692.0,120579808.0,,,,,,,,,,,,,,,,,0.0,,,,,,,,,,,,1098420.0,,,,,,,,
2016,Africa,Sudanese Red Crescent,Sudan,SDN,,39377169.0,102943509633.573,,2190.0,64.78,64.1,,34.121,301.0,,,,18.0,,32649.0,48969.0,,,81618.0,209.0,314.0,,,523.0,14624158.0,92457895.0,14347099.0,90706252.0,,,,,,,,,,,,,,,,,,,,,,,,,59433.0,35660.0,,23773.0,1194579.0,0.0,0.0,1304170.0,,,,,
2017,Africa,Sudanese Red Crescent,Sudan,SDN,,40679828.0,129718581297.431,,2430.0,65.445,62.1,,34.37,290.0,1.0,1.0,10.0,18.0,,35556.0,53333.0,,,88889.0,400.0,325.0,,,725.0,,,,,,,,,,,,,,,,,,,,,,,,,,,,,37024.0,22214.0,,14810.0,1219922.0,0.0,0.0,2914365.0,,,,,
2018,Africa,Sudanese Red Crescent,Sudan,SDN,,41999059.0,32333780383.2924,,1390.0,65.681,60.3,60.7,34.642,293.0,0.0,0.0,10.0,18.0,,35556.0,53333.0,,,88889.0,433.0,288.0,,,721.0,,,,,,,,,,,,,,,,,,,,,,,,,,,,,370789.0,222473.0,,148316.0,296964.0,0.0,0.0,0.0,,,,,
2019,Africa,Sudanese Red Crescent,Sudan,SDN,,43232093.0,32338079165.2893,,940.0,65.876,58.4,,34.936,298.0,,,,,,,,,,,,,,,,,,,,,,,,,,,,,,,,,,,,,,,,,,,,,,,,,,,,,,,,
2020,Africa,Sudanese Red Crescent,Sudan,SDN,,44440486.0,27034593750.0,,630.0,65.614,56.6,,35.253,270.0,,,,,,,,,,,,,,,,,,,,,,,,,,,,,,,,,,,,,,,,,,,,,,,,,,,,,,,,
2021,Africa,Sudanese Red Crescent,Sudan,SDN,,45657202.0,34229513773.9708,,650.0,65.267,54.9,,35.593,,1.0,1.0,14.0,900.0,,,,,,6330.0,,,,,1150.0,12404244.0,13569112.0,12235104.0,13384088.0,,,,,,,,,,,,,,,,,,,,,,,,,,,,,1077174.0,79000.0,79000.0,27312.0,,,,,
2022,Africa,Sudanese Red Crescent,Sudan,SDN,,46874204.0,51662241775.0629,,760.0,,,,35.956,,0.0,0.0,17.0,18.0,,,,,,10000.0,,,,,500.0,,,,,,,,,,,,,,,,,,,,,,,,,,,,,10000.0,,,,0.0,0.0,478338.0,531896.0,,,,,
2023,Africa,Sudanese Red Crescent,Sudan,SDN,,,,,,,,,,,0.0,1.0,14.0,1311.0,18.0,,,,,385384.0,,,,,733.0,125158777.0,862836696.0,53977983.0,372120803.0,80704921.0,556374623.0,23018261.0,158686439.0,0.0,0.0,4313136.0,29734488.0,0.0,0.0,0.0,0.0,0.0,0.0,0.0,0.0,17122458.0,118041146.0,0.0,0.0,0.0,0.0,,,223625.0,,,,262238.0,2494100.0,2494100.0,86250.0,,,,,
2024,Africa,Sudanese Red Crescent,Sudan,SDN,,,,,,,,,,,,,,,,,,,,,,,,,,,,,,,,,,,,,,,,,,,,,,,,,,,,,,,,,,,,,,,,,,
2009,Europe and Central Asia,Swedish Red Cross,Sweden,SWE,DSE001,9298515.0,436537014293.554,14.8,52640.0,81.3512,3.1,,84.902,5.0,,,,1208.0,,,,,,30700.0,,,,,916.0,140005811.0,973026391.0,147103903.0,1022357420.0,,,,,,,,,,,,,,,,,0.0,0.0,,,,,,,,,,,,,,,,,,,
2010,Europe and Central Asia,Swedish Red Cross,Sweden,SWE,DSE001,9378126.0,495812558843.31,15.4,54630.0,81.4512,3.1,,85.056,5.0,,,,,,,,,,30700.0,,,,,,0.0,,0.0,,,,,,,,,,,,,,,,,,0.0,,,,,,,,,,,,,,,,,,,,
2012,Europe and Central Asia,Swedish Red Cross,Sweden,SWE,DSE001,9519374.0,552483727282.802,16.0,59090.0,81.7049,3.0,,85.62,5.0,,,,1050.0,,,,,,31500.0,,,,,254.0,76355421.0,544124000.0,84185541.0,599923000.0,,,,,,,,,,,,,,,,,0.0,,,,,,,,,,,,,,,,,,,,
2013,Europe and Central Asia,Swedish Red Cross,Sweden,SWE,DSE001,9600379.0,586841821796.891,15.6,61800.0,81.9561,2.9,,85.936,5.0,,,,987.0,,8500.0,19500.0,,,28000.0,195.0,431.0,,,626.0,123394465.0,900249000.0,120642844.0,880174000.0,,,,,,,,,,,,,,,,,0.0,0.0,,,,,,,,,,,0.0,,,,,,,,
2014,Europe and Central Asia,Swedish Red Cross,Sweden,SWE,DSE001,9696110.0,581964017237.095,16.3,61870.0,82.2537,2.9,,86.247,5.0,,,,947.0,,9000.0,21000.0,,,30000.0,219.0,500.0,,,719.0,139077352.0,1102278416.0,125967887.0,998377378.0,,,,,,,,,,,,,,,,,0.0,0.0,,,,,,,,,,,,,,,,,,,
2015,Europe and Central Asia,Swedish Red Cross,Sweden,SWE,DSE001,9799186.0,505103781349.757,16.2,58440.0,82.2049,2.9,,86.553,4.0,,,,909.0,,,,,,32700.0,522.0,228.0,,,750.0,138835406.0,1173323000.0,126130316.0,1065950000.0,,,,,,,,,,,,,,,,,0.0,0.0,,,,,,,,,,,33250.0,,,,,,,,
2016,Europe and Central Asia,Swedish Red Cross,Sweden,SWE,,9923085.0,515654671469.547,15.8,54390.0,82.3073,2.8,,86.852,4.0,,,,876.0,,9600.0,22400.0,,,32000.0,393.0,504.0,,,897.0,121228017.0,1081842426.0,126796675.0,1131537300.0,31094746.0,277490437.0,0.0,0.0,112057.0,1000000.0,0.0,0.0,0.0,0.0,0.0,0.0,0.0,0.0,28561622.0,254884767.0,0.0,0.0,0.0,0.0,0.0,0.0,5985637.0,53416000.0,14000.0,,,,1552.0,0.0,0.0,0.0,,,,,
2017,Europe and Central Asia,Swedish Red Cross,Sweden,SWE,,10057698.0,541018749769.097,16.4,53050.0,82.4098,2.8,,87.146,5.0,1.0,1.0,12.0,839.0,,7800.0,18200.0,,,26000.0,285.0,656.0,,,941.0,134628779.0,1131752743.0,134650579.0,1131935999.0,39402910.0,331239362.0,0.0,0.0,416465.0,3501000.0,0.0,0.0,0.0,0.0,0.0,0.0,0.0,0.0,30327381.0,254946211.0,0.0,0.0,0.0,0.0,0.0,0.0,5297337.0,44531903.0,15200.0,,,,2635.0,0.0,0.0,0.0,,,,,
2018,Europe and Central Asia,Swedish Red Cross,Sweden,SWE,,10175214.0,555455371487.089,17.1,55700.0,82.5585,2.7,,87.431,5.0,1.0,1.0,11.0,774.0,,3959.0,17843.0,,3198.0,25000.0,300.0,723.0,,,1023.0,143492874.0,1304421382.0,132557169.0,1205010395.0,39896846.0,362682115.0,,,1395633.0,12687000.0,,,,,,,,,27435869.0,249405658.0,,,,,,,12283476.0,111662886.0,15600.0,,,,849.0,849.0,849.0,0.0,,,,,
2019,Europe and Central Asia,Swedish Red Cross,Sweden,SWE,,10278887.0,533879529188.454,16.1,56470.0,83.1098,2.6,,87.708,5.0,,,12.0,722.0,,,,,25000.0,25000.0,224.0,557.0,,,781.0,121432108.0,1194316282.0,118914781.0,1169557720.0,64878172.0,638093651.0,3366358.0,33109000.0,2615386.0,25723000.0,,,,,,,,,209857.0,2064000.0,,,,,,,8953565.0,88060631.0,10500.0,,10500.0,,326.0,,,,,,,,
2020,Europe and Central Asia,Swedish Red Cross,Sweden,SWE,,10353442.0,547054174235.876,15.7,54820.0,82.3561,2.5,,87.977,5.0,,,12.0,643.0,,,,,25000.0,25000.0,130.0,368.0,,300.0,798.0,129394526.0,1191928129.0,124620788.0,1147954455.0,32083136.0,295536398.0,4388498.0,40425000.0,3270340.0,30125000.0,,,,,,,,,17193238.0,158376902.0,,,,,,,10105040.0,93083389.0,150000.0,,150000.0,,,,,,,,,,
2021,Europe and Central Asia,Swedish Red Cross,Sweden,SWE,,10415811.0,639714956069.468,16.0,60700.0,83.1561,2.5,,88.238,,0.0,1.0,12.0,581.0,,,,,,26000.0,229.0,548.0,,,777.0,114730764.0,1056851700.0,77265457.0,711737000.0,26914783.0,247927700.0,1971214.0,18158000.0,1072020.0,9875000.0,0.0,0.0,0.0,0.0,2298737.0,21175000.0,1048463.0,9658000.0,20333426.0,187303000.0,0.0,0.0,0.0,0.0,0.0,0.0,20648030.0,190201000.0,5262.0,3582.0,407.0,1273.0,,0.0,0.0,,,,,,
2022,Europe and Central Asia,Swedish Red Cross,Sweden,SWE,,10486941.0,591188594776.551,,63500.0,,,,88.492,,0.0,1.0,12.0,463.0,,,,,,25000.0,134.0,307.0,,,441.0,121568333.0,1252649000.0,106319509.0,1095524000.0,42626832.0,439230000.0,14357623.0,147942000.0,20407561.0,210281000.0,,,,,6290716.0,64820000.0,248348.0,2559000.0,,,,,0.0,0.0,0.0,0.0,4330812.0,44625000.0,8350.0,,,,,,,,,,,,
2023,Europe and Central Asia,Swedish Red Cross,Sweden,SWE,,,,,,,,,,,0.0,1.0,12.0,620.0,347.0,,,,,23000.0,141.0,324.0,,,465.0,85212919.0,1015600200.0,79918812.0,952503000.0,26652441.0,317654000.0,4422664.0,52711000.0,7878250.0,93896000.0,,,,,4941862.0,58899000.0,922021.0,10989000.0,,,,,,,,,6128348.0,73040000.0,30355.0,,,,,,,,,,,,
2024,Europe and Central Asia,Swedish Red Cross,Sweden,SWE,,,,,,,,,,,0.0,1.0,12.0,308.0,308.0,,,,,23000.0,145.0,331.0,,,476.0,72517393.0,883326000.0,78671708.0,958291000.0,24425320.0,297522000.0,4642027.0,56544000.0,4319883.0,52620000.0,,,,,4575530.0,55734000.0,781142.0,9515000.0,639937.0,7795000.0,,,,,,,459655.0,5599000.0,34191.0,,,,,,,,,,,,
2012,Asia Pacific,Singapore Red Cross Society,Singapore,SGP,DSG001,5312437.0,295092888076.589,,51710.0,81.9951,2.8,96.37,100.0,8.0,,,,1.0,,,,,,5000.0,,,,,140.0,5622652.0,7527606.0,5749261.0,7697111.0,,,,,,,,,,,,,,,,,0.0,,,,,,,,,,,,,,,,,,,,
2013,Asia Pacific,Singapore Red Cross Society,Singapore,SGP,DSG001,5399162.0,307576360584.992,,54470.0,82.2463,2.8,96.55,100.0,7.0,,,,1.0,,,,,,83120.0,,,,,142.0,6225633.0,8846624.0,5722008.0,8130974.0,,,,,,,,,,,,,,,,,0.0,0.0,,,,,,,,,,,,,,,,,,,
2014,Asia Pacific,Singapore Red Cross Society,Singapore,SGP,DSG001,5469724.0,314863580758.455,,56380.0,82.4951,2.7,96.72,100.0,8.0,,,,1.0,,,,,,1637.0,,,,,160.0,7721764.0,10342762.0,6822613.0,9138412.0,,,,,,,,,,,,,,,,,0.0,,,,,,,,,,,,,,,,,,,,
2015,Asia Pacific,Singapore Red Cross Society,Singapore,SGP,DSG001,5535002.0,307998545269.398,,53160.0,82.7439,2.7,96.83,100.0,8.0,,,,1.0,,,,,,4682.0,,,,,126.0,7844583.0,11180570.0,7604473.0,10838351.0,,,,,,,,,,,,,,,,,0.0,,,,,,,,,,,,,,,,,,,,
2016,Asia Pacific,Singapore Red Cross Society,Singapore,SGP,,5607283.0,319030057631.089,,53290.0,82.8463,2.7,97.05,100.0,7.0,,,,8.0,,,,,,4937.0,73.0,114.0,,,187.0,7516606.0,10623067.0,8212809.0,11606996.0,,,,,,,,,,,,,,,,,,,,,,,,,,,,,0.0,,,,,,,,
2017,Asia Pacific,Singapore Red Cross Society,Singapore,SGP,,5612253.0,343272878686.388,,54920.0,83.0951,2.6,97.2,100.0,7.0,1.0,1.0,16.0,8.0,,,,,,2986.0,74.0,123.0,,0.0,197.0,9555564.0,13080102.0,9430742.0,12909240.0,,,,,,,,,,,,,,,,,,,,,,,,,11811.0,,,,6094.0,,,,,,,,
2018,Asia Pacific,Singapore Red Cross Society,Singapore,SGP,,5638676.0,376869492498.009,,56560.0,83.2976,2.5,97.34,100.0,7.0,0.0,1.0,20.0,8.0,,,,,,7509.0,75.0,114.0,,,189.0,10289980.0,14270412.0,10788034.0,14961126.0,,,,,,,,,,,,,,,,,,,,,,,,,8485.0,,,,,,,,,,,,
2019,Asia Pacific,Singapore Red Cross Society,Singapore,SGP,,5703569.0,376837580397.579,,58910.0,83.5951,2.4,97.48,100.0,6.0,,,22.0,9.0,,,,,14267.0,14267.0,,,,188.0,188.0,11167583.0,15475755.0,10133944.0,14043363.0,2749494.0,3810179.0,1778270.0,2464281.0,5575.0,7726.0,,,,,,,91540.0,126854.0,1367899.0,1895600.0,,,,,,,390598.0,541281.0,10206.0,,10206.0,,,,,,,,,,
2020,Asia Pacific,Singapore Red Cross Society,Singapore,SGP,,5685807.0,348392090695.217,,55260.0,84.4659,2.2,97.13,100.0,7.0,,,20.0,9.0,,10790.0,7811.0,,161.0,18762.0,118.0,77.0,,,195.0,11380636.0,16843533.0,8571185.0,12685498.0,3349553.0,4957395.0,953707.0,1411502.0,160438.0,237451.0,,,,,,,38127.0,56428.0,638816.0,945458.0,,,,,,,720659.0,1066588.0,5178.0,,5178.0,,1004112.0,,,,,,,,
2021,Asia Pacific,Singapore Red Cross Society,Singapore,SGP,,5453566.0,423797100521.555,,63000.0,83.4415,2.1,,100.0,,0.0,1.0,19.0,11.0,,2856.0,3568.0,,288.0,6712.0,78.0,115.0,,,193.0,12093259.0,17908086.0,9541325.0,14129100.0,3864886.0,5723247.0,718233.0,1063583.0,288388.0,427054.0,,,,,,,43212.0,63989.0,974410.0,1442937.0,,,,,,,581707.0,861410.0,7495.0,,,,,,,,,,,,
2022,Asia Pacific,Singapore Red Cross Society,Singapore,SGP,,5637022.0,466788426791.966,,67200.0,,,,100.0,,0.0,1.0,18.0,11.0,,,,,,21806.0,,,,,199.0,14069169.0,20710665.0,11456635.0,16864857.0,,,,,,,,,,,,,,,,,,,,,,,,,10873.0,,,,,,,,,,,,
2023,Asia Pacific,Singapore Red Cross Society,Singapore,SGP,,,,,,,,,,,0.0,1.0,18.0,14.0,0.0,,,,,26864.0,,,,,211.0,15341986.0,24066540.0,13057125.0,20482343.0,,,,,,,,,,,,,,,,,,,,,,,,,12465.0,,,,,,,,,,,,
2024,Asia Pacific,Singapore Red Cross Society,Singapore,SGP,,,,,,,,,,,,,,,,,,,,,,,,,,,,,,,,,,,,,,,,,,,,,,,,,,,,,,,,,,,,,,,,,,
2009,Europe and Central Asia,Slovenian Red Cross,Slovenia,SVN,DSI001,2039669.0,50368056404.5568,,24380.0,78.9707,3.4,,52.433,8.0,,,,56.0,,,,,,22920.0,,,,,145.0,10820396.0,7272388.0,10654315.0,7160765.0,,,,,,,,,,,,,,,,,4.0,3.0,,,,,,,,,,,78.0,,,,,,,,
2010,Europe and Central Asia,Slovenian Red Cross,Slovenia,SVN,DSI001,2048583.0,48208240226.4501,13.6,24620.0,79.422,3.2,,52.658,6.0,,,,,,,,,,22920.0,,,,,,0.0,,0.0,,,,,,,,,,,,,,,,,,0.0,,,,,,,,,,,,,,,,,,,,
2012,Europe and Central Asia,Slovenian Red Cross,Slovenia,SVN,DSI001,2057159.0,46577793184.0031,14.5,23260.0,80.1244,2.9,,53.108,6.0,,,,56.0,,,,,,14738.0,,,,,73.0,8504045.0,7041349.0,8865516.0,7340647.0,,,,,,,,,,,,,,,,,0.0,,,,,,,,,,,,,,,,,,,,
2013,Europe and Central Asia,Slovenian Red Cross,Slovenia,SVN,DSI001,2059953.0,48415657264.8758,14.5,23240.0,80.322,2.8,,53.332,5.0,,,,56.0,,3413.0,11255.0,,,14668.0,,,,,66.0,7941347.0,6477757.0,8140722.0,6640387.0,,,,,,,,,,,,,,,,,0.0,,,,,,,,,,,,6479.0,,,,,,,,
2014,Europe and Central Asia,Slovenian Red Cross,Slovenia,SVN,DSI001,2061980.0,49997186439.0916,14.3,23620.0,81.078,2.7,,53.557,5.0,,,,56.0,,3578.0,10401.0,,,13979.0,,,,,73.0,7478296.0,6216064.0,7927214.0,6589211.0,,,,,,,,,,,,,,,,,0.0,,,,,,,,,,,,,,,,,,,,
2015,Europe and Central Asia,Slovenian Red Cross,Slovenia,SVN,DSI001,2063531.0,43107506024.3254,13.9,22270.0,80.7756,2.6,,53.781,5.0,,,,56.0,,4346.0,11130.0,,,15476.0,,,,,74.0,7565604.0,6976637.0,7812234.0,7204067.0,,,,,,,,,,,,,,,,,0.0,,,,,,,,,,,,,,,,,,,,
2016,Europe and Central Asia,Slovenian Red Cross,Slovenia,SVN,,2065042.0,44766722790.5826,13.3,21790.0,81.1756,2.5,,54.02,5.0,,,,56.0,,3579.0,10840.0,,,14419.0,5.0,10.0,,,15.0,7638300.0,7125080.0,7885450.0,7355624.0,477261.0,445194.0,0.0,0.0,940982.0,877757.0,0.0,0.0,0.0,0.0,0.0,0.0,2821947.0,2632340.0,0.0,0.0,0.0,0.0,0.0,0.0,0.0,0.0,1060799.0,989524.0,32223.0,,,,14059.0,,,,,,,,
2017,Europe and Central Asia,Slovenian Red Cross,Slovenia,SVN,,2066388.0,48589100043.0954,13.3,22140.0,81.0293,2.4,,54.273,4.0,1.0,1.0,15.0,56.0,,,,,,12336.0,8.0,8.0,,0.0,16.0,8704264.0,7441914.0,8671085.0,7413547.0,455781.0,389681.0,0.0,0.0,982745.0,840221.0,0.0,0.0,0.0,0.0,0.0,0.0,3516663.0,3006653.0,0.0,0.0,0.0,0.0,0.0,0.0,0.0,0.0,1211993.0,1036222.0,31178.0,,,,950.0,335.0,335.0,0.0,,,,,
2018,Europe and Central Asia,Slovenian Red Cross,Slovenia,SVN,,2073894.0,54177882425.8431,12.0,24650.0,81.378,2.4,,54.541,4.0,0.0,0.0,15.0,56.0,,,,,,12646.0,9.0,7.0,,,16.0,8827064.0,7832841.0,10370239.0,9202203.0,,,619088.0,549358.0,948103.0,841315.0,,,,,,,3437677.0,3050480.0,,,,,,,,,1082943.0,960967.0,24836.0,,,,0.0,250.0,250.0,0.0,,,,,
2019,Europe and Central Asia,Slovenian Red Cross,Slovenia,SVN,,2088385.0,54386654313.9685,12.4,26060.0,81.5293,2.3,,54.822,3.0,,,,,,,,,,,,,,,,,,,,,,,,,,,,,,,,,,,,,,,,,,,,,,,,,,,,,,,,
2020,Europe and Central Asia,Slovenian Red Cross,Slovenia,SVN,,2102419.0,53734526854.2289,11.7,25480.0,80.5317,2.2,,55.118,5.0,,,17.0,56.0,,,,,14851.0,14851.0,6.0,12.0,,,18.0,8008416.0,7424343.0,9517843.0,8823684.0,932666.0,864644.0,,,851122.0,789048.0,,,,,,,,,2355231.0,2183458.0,,,156026.0,144647.0,33347.0,30915.0,,,21538.0,,21538.0,,270398.0,80545.0,2111461.0,,,,,,
2021,Europe and Central Asia,Slovenian Red Cross,Slovenia,SVN,,2108079.0,61832201543.8285,12.1,28370.0,80.8756,2.2,,55.427,,0.0,1.0,16.0,56.0,,2406.0,7974.0,,,10380.0,6.0,12.0,,,18.0,9820823.0,9142351.0,9300439.0,8657918.0,773615.0,720170.0,,,940169.0,875217.0,,,,,,,2809151.0,2615081.0,69824.0,65000.0,17474.0,16267.0,,,,,1783547.0,1660331.0,33273.0,,,,1264.0,1264.0,1264.0,115146.0,,,,,
2022,Europe and Central Asia,Slovenian Red Cross,Slovenia,SVN,,2111986.0,60063475466.3446,,29590.0,,,,55.751,,1.0,1.0,15.0,56.0,,2406.0,7941.0,,,10347.0,6.0,11.0,,,17.0,11491630.0,11134178.0,10789577.0,10453963.0,1817366.0,1760836.0,,,985484.0,954830.0,,,,,,,,,3212517.0,3112590.0,,,,,,,1693887.0,1641198.0,32867.0,,32867.0,,425.0,,,0.0,,,,,
2023,Europe and Central Asia,Slovenian Red Cross,Slovenia,SVN,,,,,,,,,,,0.0,1.0,18.0,902.0,56.0,2560.0,7953.0,,,10513.0,8.0,19.0,,,27.0,11752149.0,12635320.0,11233359.0,12077543.0,898956.0,966512.0,,,1117362.0,1201332.0,,,,,,,2844080.0,3057812.0,,,1002536.0,1077876.0,917043.0,985959.0,,,931300.0,1001287.0,35738.0,,,,10430.0,,,12090.0,,,,,
2024,Europe and Central Asia,Slovenian Red Cross,Slovenia,SVN,,,,,,,,,,,1.0,1.0,15.0,814.0,56.0,3951.0,12534.0,,,16485.0,7.0,13.0,,127.0,147.0,13230634.0,14060794.0,12293645.0,13065014.0,1883941.0,2002149.0,,,968989.0,1029789.0,,,,,,,3065940.0,3258313.0,,,,,,,,,1278468.0,1358686.0,32064.0,,,,493.0,509.0,509.0,100515.0,,,,,
2009,Europe and Central Asia,Slovak Red Cross,Slovakia,SVK,DSK001,5386406.0,89046289247.0131,12.0,17100.0,74.9098,7.2,,54.96,6.0,,,,39.0,,,,,,27436.0,,,,,302.0,9477310.0,6369700.0,6560036.0,4409000.0,,,,,,,,,,,,,,,,,0.0,,,,,,,,,,,,,,,,,,,,
2010,Europe and Central Asia,Slovak Red Cross,Slovakia,SVK,DSK001,5391428.0,91162836320.3502,13.0,17620.0,75.1122,7.0,,54.685,5.0,,,,,,,,,,8064.0,,,,,,0.0,,0.0,,,,,,,,,,,,,,,,,,0.0,,,,,,,,,,,,,,,,,,,,
2012,Europe and Central Asia,Slovak Red Cross,Slovakia,SVK,DSK001,5407579.0,94623731085.6106,12.8,17830.0,76.1098,6.7,,54.28,5.0,,,,39.0,,,,,,13585.0,,,,,,6289943.0,5208073.0,6686457.0,5536386.0,,,,,,,,,,,,,,,,,0.0,,,,,,,,,,,,,,,,,,,,
2013,Europe and Central Asia,Slovak Red Cross,Slovakia,SVK,DSK001,5413393.0,98935222174.8603,12.6,18270.0,76.4122,6.5,,54.14,5.0,,,,39.0,,,,,,8873.0,,,,,264.0,6799931.0,5546704.0,6798605.0,5545622.0,,,,,,,,,,,,,,,,,0.0,0.0,,,,,,,,,,,,,,,,,,,
2014,Europe and Central Asia,Slovak Red Cross,Slovakia,SVK,DSK001,5418649.0,101437045019.901,12.3,18340.0,76.8122,6.4,,54.0,5.0,,,,39.0,,,,,,8156.0,,,,,309.0,6774361.0,5630944.0,6919381.0,5751486.0,,,,,,,,,,,,,,,,,0.0,0.0,,,,,,,,,,,,,,,,,,,
2015,Europe and Central Asia,Slovak Red Cross,Slovakia,SVK,DSK001,5423801.0,88900883130.8374,12.7,17760.0,76.5634,6.2,,53.889,5.0,,,,39.0,,,,,,9699.0,,,,,382.0,7121818.0,6567399.0,7010189.0,6464460.0,,,,,,,,,,,,,,,,,8350.0,7700.0,,,,,,,,,,,2793.0,,,,,,,,
2016,Europe and Central Asia,Slovak Red Cross,Slovakia,SVK,,5430798.0,89952699524.894,12.4,16840.0,77.1659,6.1,,53.806,5.0,,,,38.0,,0.0,5889.0,,,5889.0,0.0,338.0,,,338.0,7335182.0,6842329.0,7119913.0,6641524.0,32595.0,30405.0,128057.0,119453.0,104210.0,97208.0,0.0,0.0,0.0,0.0,855765.0,798266.0,4042338.0,3770732.0,0.0,0.0,0.0,0.0,0.0,0.0,0.0,0.0,0.0,0.0,28918.0,,,,8932.0,2315.0,2315.0,0.0,,,,,
2017,Europe and Central Asia,Slovak Red Cross,Slovakia,SVK,,5439232.0,95649966260.9802,12.2,16670.0,77.1659,6.0,,53.751,5.0,1.0,1.0,7.0,38.0,,,,,,5500.0,,,,,350.0,,6941342.0,,6938532.0,,60422.0,,115982.0,,2577735.0,,,,,,,,,,,,,,,,,,,29023.0,,,,129.0,24440.0,24440.0,493.0,,,,,
2018,Europe and Central Asia,Slovak Red Cross,Slovakia,SVK,,5446771.0,106137924015.593,11.9,18400.0,77.2659,5.9,,53.726,5.0,1.0,1.0,7.0,1014.0,,,,,,5637.0,,,,,330.0,8560361.0,7596178.0,5360075.0,4756351.0,,,,,,,,,,,,,,,4833179.0,4288801.0,,,,,,,,,30431.0,,,,1665.0,20411.0,20411.0,345.0,,,,,
2019,Europe and Central Asia,Slovak Red Cross,Slovakia,SVK,,5454147.0,105711680180.565,11.4,19200.0,77.6659,5.8,,53.729,5.0,,,7.0,1015.0,,0.0,0.0,,4850.0,4850.0,0.0,0.0,,373.0,373.0,9102555.0,8351642.0,9026878.0,8282208.0,,,,,,,,,,,,,,,,,,,,,,,,,33633.0,0.0,33633.0,0.0,1674.0,15579.0,15579.0,375.0,,,,,
2020,Europe and Central Asia,Slovak Red Cross,Slovakia,SVK,,5458827.0,106731482855.496,12.3,19250.0,76.8659,5.7,,53.76,5.0,,,7.0,959.0,,,,,4404.0,4404.0,,,,419.0,419.0,10605677.0,9832179.0,10542633.0,9773733.0,,,,,,,,,,,,,,,,,,,,,,,,,23057.0,,23057.0,,4187.0,418157.0,418157.0,566.0,,,,,
2021,Europe and Central Asia,Slovak Red Cross,Slovakia,SVK,,5447247.0,118576482542.583,13.7,20670.0,74.7146,5.6,,53.82,,1.0,1.0,5.0,804.0,,,,,,1518.0,,,,,423.0,14119185.0,13143760.0,12934436.0,12040860.0,,,,,,,,,,,,,,,,,,,,,,,,,22662.0,,,,274.0,418157.0,418157.0,566.0,,,,,
2022,Europe and Central Asia,Slovak Red Cross,Slovakia,SVK,,5431752.0,115461711688.965,,22070.0,,,,53.909,,1.0,1.0,5.0,793.0,,,,,,2000.0,,,,,426.0,14381709.0,13934360.0,14508183.0,14056900.0,,,,,,,,,,,,,,,,,253265.0,245387.0,713584.0,691388.0,2314.0,2242.0,,,41835.0,,,,416461.0,416461.0,416461.0,44208.0,,,,,
2023,Europe and Central Asia,Slovak Red Cross,Slovakia,SVK,,,,,,,,,,,1.0,1.0,5.0,738.0,34.0,432.0,1142.0,,,1574.0,85.0,364.0,,,449.0,13736684.0,14768992.0,13605723.0,14628190.0,,,,,,,,,,,,,,,,,,,,,,,,,53635.0,,,,24414.0,,0.0,52958.0,,,,,
2024,Europe and Central Asia,Slovak Red Cross,Slovakia,SVK,,,,,,,,,,,,,,,,,,,,,,,,,,,,,,,,,,,,,,,,,,,,,,,,,,,,,,,,,,,,,,,,,,
2010,Africa,Sierra Leone Red Cross Society,Sierra Leone,SLE,DSL001,6436698.0,2578159803.946,,420.0,53.693,161.4,,38.856,837.0,,,,,,,,,,5850.0,,,,,,0.0,,0.0,,,,,,,,,,,,,,,,,,0.0,,,,,,,,,,,,,,,,,,,,
2012,Africa,Sierra Leone Red Cross Society,Sierra Leone,SLE,DSL001,6788587.0,3789251613.3607,,460.0,55.451,148.0,,39.642,667.0,,,,13.0,,4555.0,2867.0,,,7422.0,89.0,30.0,,,119.0,2184773.0,10229488000.0,2255290.0,10559662000.0,,,,,,,,,,,,,,,,,2018724.0,9452019000.0,,,,,,,,,,,64320.0,,,,,,,,
2013,Africa,Sierra Leone Red Cross Society,Sierra Leone,SLE,DSL001,6964859.0,4920343316.8709,,650.0,56.313,141.9,32.43,40.036,632.0,,,,17.0,,319.0,401.0,,,720.0,76.0,32.0,,,108.0,1403284.0,6745586870.0,1192298.0,5731375325.0,,,,,,,,,,,,,,,,,2359757.0,11343350000.0,,,,,,,,,,,7423.0,,,,,,,,
2014,Africa,Sierra Leone Red Cross Society,Sierra Leone,SLE,DSL001,7140688.0,5015180725.3416,,680.0,56.393,140.0,,40.432,618.0,,,,14.0,,319.0,401.0,,,720.0,334.0,189.0,,,523.0,2439391.0,10368473864.0,2111520.0,8974881829.0,,,,,,,,,,,,,,,,,2207517.0,9382909343.0,,,,,,,,,,,15400.0,,,,,,,,
2015,Africa,Sierra Leone Red Cross Society,Sierra Leone,SLE,DSL001,7314773.0,4252029353.8219,,550.0,57.189,141.0,,40.829,588.0,,,,14.0,,5907.0,2132.0,,,8039.0,75.0,389.0,,,464.0,1724524.0,7145797787.0,1426227.0,5909764387.0,,,,,,,,,,,,,,,,,0.0,,,,,,,,,,,,1826.0,,,,,,,,
2016,Africa,Sierra Leone Red Cross Society,Sierra Leone,SLE,,7493913.0,3862721266.0216,,540.0,58.404,126.1,,41.228,505.0,,,,13.0,,5228.0,4137.0,,,9365.0,84.0,26.0,,,110.0,856681.0,4581179440.0,754757.0,4036131785.0,0.0,0.0,0.0,0.0,0.0,0.0,0.0,0.0,0.0,0.0,0.0,0.0,0.0,0.0,18062.0,96588568.0,778238.0,4161700829.0,,,60380.0,322890043.0,0.0,0.0,100.0,45.0,,55.0,861.0,10411.0,10411.0,18857.0,,,,,
2017,Africa,Sierra Leone Red Cross Society,Sierra Leone,SLE,,7677565.0,3719443418.2616,,520.0,58.652,121.4,,41.636,520.0,1.0,1.0,11.0,13.0,,1816.0,1241.0,,0.0,3057.0,66.0,13.0,,0.0,79.0,1040788.0,8131158836.0,1096284.0,8564714930.0,,,,,,,,,,,,,,,,,,,,,,,,,640.0,170.0,0.0,470.0,220.0,934.0,934.0,78378.0,,,,,
2018,Africa,Sierra Leone Red Cross Society,Sierra Leone,SLE,,7861281.0,4085114387.5561,56.8,510.0,59.796,116.8,,42.055,460.0,1.0,1.0,8.0,13.0,,9182.0,7075.0,,,16257.0,82.0,13.0,,,95.0,492098.0,4279113000.0,412845.0,3589958000.0,,,,,,,,,,,,,,,,,,,,,,,,,622.0,73.0,,549.0,312.0,927.0,927.0,51364.0,,,,,
2019,Africa,Sierra Leone Red Cross Society,Sierra Leone,SLE,,8046828.0,4076578698.7911,,520.0,60.255,112.5,,42.484,435.0,,,8.0,13.0,,250.0,142.0,,,392.0,32.0,20.0,,,52.0,172293.0,1705871422.0,,,,,,,,,,,,,,,,,7976.0,78966000.0,,,164317.0,1626905422.0,,,,,606.0,234.0,,372.0,844.0,934.0,934.0,1595.0,,,,,
2020,Africa,Sierra Leone Red Cross Society,Sierra Leone,SLE,,8233970.0,4062906265.7332,,490.0,59.763,108.5,,42.923,443.0,,,8.0,13.0,,1356.0,1342.0,,,2698.0,42.0,11.0,,,53.0,1239804.0,13189401940.0,1176248.0,12513280440.0,,,,,,,107343.0,1141950231.0,,,43358.0,461260000.0,,,47965.0,510265859.0,618666.0,6581548781.0,397471.0,4228419669.0,25000.0,265957401.0,,,1382.0,596.0,,786.0,99329.0,1707.0,1707.0,5793.0,,,,,
2021,Africa,Sierra Leone Red Cross Society,Sierra Leone,SLE,,8420641.0,4249234704.0187,,510.0,60.062,104.7,,43.372,,1.0,1.0,9.0,13.0,,1930.0,2560.0,,,4490.0,45.0,14.0,,,59.0,1600093.0,17778809317.0,1584092.0,17601021224.0,,,,,,,65799.0,731102758.0,,,37748.0,419417624.0,39393.0,437705500.0,519.0,5766500.0,780246.0,8669404904.0,610690.0,6785439266.0,20698.0,229972763.0,,,2224.0,830.0,,1394.0,845.0,2078.0,2078.0,6557.0,,,,,
2022,Africa,Sierra Leone Red Cross Society,Sierra Leone,SLE,,8605718.0,4094563859.4356,,600.0,,,48.64,43.831,,1.0,1.0,9.0,13.0,,2811.0,2442.0,,,5253.0,53.0,12.0,,,65.0,2411371.0,30523684000.0,2306997.0,29202492000.0,6616.0,83747000.0,,,,,,,783384.0,9916249000.0,,,15929.0,201630000.0,28961.0,366600000.0,1127830.0,14276328000.0,26345.0,333484000.0,46444.0,587899000.0,,,2027.0,771.0,,1256.0,5001.0,12503.0,16629.0,11302.0,,,,,
2023,Africa,Sierra Leone Red Cross Society,Sierra Leone,SLE,,,,,,,,,,,1.0,1.0,9.0,16.0,13.0,5081.0,4685.0,,,9766.0,37.0,23.0,,,60.0,1332039.0,30977646000.0,1443073.0,33559836000.0,7371.0,171419000.0,,,,,,,,,,,47964.0,1115435000.0,20318.0,472513000.0,624687.0,14527615000.0,471857.0,10973413000.0,23023.0,535426000.0,,,2291.0,875.0,,1416.0,20816.0,43492.0,100031.0,23699.0,,,,,
2024,Africa,Sierra Leone Red Cross Society,Sierra Leone,SLE,,,,,,,,,,,,,,,,,,,,,,,,,,,,,,,,,,,,,,,,,,,,,,,,,,,,,,,,,,,,,,,,,,
2012,Europe and Central Asia,Red Cross of the Republic of San Marino,San Marino,SMR,DSM001,33132.0,1604701051.1653,,,,2.6,,96.171,,,,,1.0,,,,,,80.0,0.0,0.0,,,0.0,0.0,,0.0,,,,,,,,,,,,,,,,,,0.0,,,,,,,,,,,,,,,,,,,,
2013,Europe and Central Asia,Red Cross of the Republic of San Marino,San Marino,SMR,DSM001,33285.0,1678741201.5731,,,,2.4,,96.37,,,,,1.0,,,,,,,0.0,0.0,,,0.0,0.0,,0.0,,,,,,,,,,,,,,,,,,0.0,,,,,,,,,,,,,,,,,,,,
2014,Europe and Central Asia,Red Cross of the Republic of San Marino,San Marino,SMR,DSM001,33389.0,1673910988.2411,,,,2.3,,96.559,,,,,1.0,,35.0,35.0,,,70.0,,,,,0.0,139453.0,115915.0,260929.0,216888.0,,,,,,,,,,,,,,,,,0.0,0.0,,,,,,,,,,,,,,,,,,,
2015,Europe and Central Asia,Red Cross of the Republic of San Marino,San Marino,SMR,DSM001,33570.0,1419400403.8279,,,,2.2,,96.739,,,,,1.0,,37.0,36.0,,,73.0,,,,,0.0,184315.0,169966.0,221343.0,204112.0,,,,,,,,,,,,,,,,,0.0,0.0,,,,,,,,,,,,,,,,,,,
2016,Europe and Central Asia,Red Cross of the Republic of San Marino,San Marino,SMR,,33834.0,1468342430.7393,,,,2.1,,96.91,,,,,1.0,,41.0,33.0,,,74.0,,,,,0.0,192573.0,179634.0,101062.0,94272.0,21870.0,20401.0,0.0,0.0,0.0,0.0,0.0,0.0,28549.0,26631.0,0.0,0.0,37521.0,35000.0,4083.0,3809.0,0.0,0.0,0.0,0.0,0.0,0.0,100547.0,93791.0,74.0,33.0,,41.0,0.0,0.0,0.0,0.0,,,,,
2017,Europe and Central Asia,Red Cross of the Republic of San Marino,San Marino,SMR,,34056.0,1528621195.4832,,39740.0,,2.0,,97.072,,1.0,1.0,11.0,1.0,,41.0,33.0,,0.0,74.0,0.0,0.0,,0.0,0.0,188310.0,161000.0,115769.0,98979.0,64797.0,55400.0,0.0,0.0,0.0,0.0,0.0,0.0,11930.0,10200.0,0.0,0.0,14036.0,12000.0,29709.0,25400.0,0.0,0.0,0.0,0.0,0.0,0.0,67907.0,58059.0,71.0,32.0,0.0,39.0,0.0,0.0,0.0,0.0,,,,,
2018,Europe and Central Asia,Red Cross of the Republic of San Marino,San Marino,SMR,,34156.0,1655354303.87,,42250.0,,1.9,,97.226,,1.0,1.0,11.0,1.0,,47.0,32.0,,,79.0,,,,,0.0,170533.0,151325.0,160618.0,142527.0,62281.0,55266.0,,,1686.0,1496.0,,,19625.0,17415.0,,,46125.0,40930.0,17524.0,15550.0,,,,,,,23291.0,20668.0,65.0,28.0,,37.0,0.0,0.0,0.0,0.0,,,,,
2019,Europe and Central Asia,Red Cross of the Republic of San Marino,San Marino,SMR,,34178.0,1616188702.3396,,44390.0,,1.9,,97.368,,,,11.0,1.0,,42.0,37.0,,,79.0,,,,,,178254.0,163549.0,121681.0,111643.0,63422.0,58190.0,0.0,0.0,0.0,0.0,0.0,0.0,0.0,0.0,0.0,0.0,16894.0,15500.0,44359.0,40700.0,0.0,0.0,0.0,0.0,0.0,0.0,53579.0,49159.0,71.0,31.0,,40.0,,,,,,,,,
2020,Europe and Central Asia,Red Cross of the Republic of San Marino,San Marino,SMR,,34007.0,1541247883.9935,,41450.0,,1.8,,97.499,,,,11.0,1.0,,17.0,4.0,,,21.0,,,,,,173331.0,160690.0,199432.0,184887.0,18932.0,17551.0,78083.0,72388.0,,,,,13971.0,12952.0,,,60365.0,55962.0,1978.0,1834.0,,,,,,,,,9.0,4.0,,5.0,,,,,,,,,
2021,Europe and Central Asia,Red Cross of the Republic of San Marino,San Marino,SMR,,33745.0,1855382833.1165,,47120.0,,1.7,,97.62,,0.0,0.0,10.0,1.0,,,,,,30.0,,,,,,307276.0,286048.0,102474.0,95395.0,151518.0,141050.0,,,,,,,,,,,,,548.0,510.0,,,,,,,,,14.0,,,,,,,,,,,,
2022,Europe and Central Asia,Red Cross of the Republic of San Marino,San Marino,SMR,,33660.0,,,,,,,97.732,,0.0,0.0,8.0,1.0,,,,,,45.0,,,,,,246233.0,238574.0,285377.0,276500.0,52467.0,50835.0,,,,,,,,,,,72247.0,70000.0,9750.0,9447.0,,,,,,,45347.0,43936.0,30.0,,,,,,,,,,,,
2023,Europe and Central Asia,Red Cross of the Republic of San Marino,San Marino,SMR,,,,,,,,,,,,,,,,,,,,,,,,,,,,,,,,,,,,,,,,,,,,,,,,,,,,,,,,,,,,,,,,,,
2024,Europe and Central Asia,Red Cross of the Republic of San Marino,San Marino,SMR,,,,,,,,,,,,,,,,,,,,,,,,,,,,,,,,,,,,,,,,,,,,,,,,,,,,,,,,,,,,,,,,,,
2012,Africa,Senegalese Red Cross Society,Senegal,SEN,DSN001,13231833.0,17660870411.5235,,1330.0,65.457,59.8,,44.603,394.0,,,,59.0,,8000.0,12000.0,,,20000.0,58.0,68.0,,,126.0,579546.0,314774168.0,581188.0,315666045.0,,,,,,,,,,,,,,,,,1036712.0,563079044.0,,,,,,,,,,,950000.0,,,,,,,,
2013,Africa,Senegalese Red Cross Society,Senegal,SEN,DSN001,13595566.0,18918667724.8817,,1360.0,66.072,56.7,43.53,45.019,353.0,,,,59.0,,8000.0,12000.0,,,20000.0,,,,,143.0,666422.0,356613792.0,701330.0,375293512.0,,,,,,,,,,,,,,,,,0.0,,,,,,,,,,,,,,,,,,,,
2014,Africa,Senegalese Red Cross Society,Senegal,SEN,DSN001,13970308.0,19797253440.2679,,1390.0,66.452,53.8,,45.436,346.0,,,,219.0,,10000.0,15000.0,,,25000.0,50.0,60.0,,,110.0,624132.0,340150200.0,619472.0,337610500.0,,,,,,,,,,,,,,,,,0.0,,,,,,,,,,,,21000.0,,,,,,,,
2015,Africa,Senegalese Red Cross Society,Senegal,SEN,DSN001,14356181.0,17774766696.1759,,1330.0,66.879,51.0,,45.862,321.0,,,,269.0,,13000.0,17000.0,,,30000.0,51.0,57.0,,,108.0,590162.0,356477061.0,565572.0,341624034.0,,,,,,,,,,,,,,,,,2379835.0,1437498671.0,,,,,,,,,,,91200.0,,,,,,,,
2016,Africa,Senegalese Red Cross Society,Senegal,SEN,,14751356.0,19040312333.1864,,1300.0,67.497,48.4,,46.296,280.0,,,,250.0,,14000.0,16000.0,,,30000.0,76.0,50.0,,,126.0,566448.0,346239855.0,566448.0,346239855.0,,,,,,,8180.0,5000000.0,,,,,24540.0,15000000.0,0.0,0.0,163600.0,100000000.0,0.0,0.0,205039.0,125329190.0,0.0,0.0,1936.0,1010.0,,926.0,,,,23145.0,,,,,
2017,Africa,Senegalese Red Cross Society,Senegal,SEN,,15157793.0,20996562943.5979,,1300.0,67.75,45.9,51.9,46.74,278.0,1.0,1.0,77.0,260.0,,10000.0,20000.0,,,30000.0,39.0,53.0,,0.0,92.0,641680.0,359887821.0,613076.0,343845292.0,0.0,0.0,0.0,0.0,0.0,0.0,0.0,0.0,0.0,0.0,0.0,0.0,28611.0,16046700.0,0.0,0.0,0.0,0.0,0.0,0.0,299009.0,167700000.0,0.0,0.0,1358.0,905.0,,453.0,9423.0,8289.0,8289.0,4408.0,,,,,
2018,Africa,Senegalese Red Cross Society,Senegal,SEN,,15574909.0,23116701556.1381,,1420.0,68.097,43.7,,47.192,277.0,1.0,1.0,89.0,225.0,,10000.0,20000.0,,,30000.0,55.0,80.0,,,135.0,542156.0,315574168.0,527253.0,306899273.0,,,,,51540.0,30000000.0,,,,,,,51540.0,30000000.0,,,,,,,257700.0,150000000.0,,,1650.0,1000.0,,650.0,12620.0,9670.0,9670.0,5200.0,,,,,
2019,Africa,Senegalese Red Cross Society,Senegal,SEN,,16000781.0,23403995992.1354,,1460.0,68.526,41.8,,47.653,258.0,,,86.0,225.0,,10000.0,20000.0,,,30000.0,106.0,,,,106.0,2949950.0,1774940000.0,2949950.0,1774940000.0,25761.0,15500000.0,0.0,0.0,0.0,0.0,187806.0,113000000.0,0.0,0.0,0.0,0.0,258441.0,155500000.0,60663.0,36500000.0,1517406.0,913000000.0,108030.0,65000000.0,270906.0,163000000.0,384653.0,231440000.0,1267.0,778.0,,489.0,1250.0,1600.0,1600.0,206700.0,,,,,
2020,Africa,Senegalese Red Cross Society,Senegal,SEN,,16436120.0,24530513037.7518,,1470.0,68.006,40.1,,48.122,261.0,,,65.0,225.0,,11300.0,18700.0,,,30000.0,67.0,44.0,,,111.0,3564355.0,2168098901.0,3563686.0,2167692446.0,,,,,,,493011.0,299885340.0,,,,,6592.0,4010000.0,,,1626305.0,989236597.0,736053.0,447720939.0,234795.0,142819631.0,365669.0,222426394.0,329.0,202.0,,127.0,1413.0,1550.0,1550.0,217306.0,,,,,
2021,Africa,Senegalese Red Cross Society,Senegal,SEN,,16876720.0,27569136729.9023,,1560.0,67.093,38.6,,48.6,,1.0,1.0,90.0,225.0,,11000.0,19030.0,,,30030.0,64.0,44.0,,,108.0,1331562.0,812919141.0,1270940.0,775909919.0,,,,,5405.0,3300000.0,,,,,,,,,222523.0,135850650.0,139135.0,84942277.0,261162.0,159439813.0,108382.0,66167435.0,138750.0,84706772.0,600.0,376.0,,224.0,2805.0,2005.0,2005.0,,,,,,
2022,Africa,Senegalese Red Cross Society,Senegal,SEN,,17316449.0,27684264748.2324,,1620.0,,,57.67,49.086,,,,,,,,,,,,,,,,,,,,,,,,,,,,,,,,,,,,,,,,,,,,,,,,,,,,,,,,,
2023,Africa,Senegalese Red Cross Society,Senegal,SEN,,,,,,,,,,,,,,,,,,,,,,,,,,,,,,,,,,,,,,,,,,,,,,,,,,,,,,,,,,,,,,,,,,
2024,Africa,Senegalese Red Cross Society,Senegal,SEN,,,,,,,,,,,,,,,,,,,,,,,,,,,,,,,,,,,,,,,,,,,,,,,,,,,,,,,,,,,,,,,,,,
2012,Africa,Somali Red Crescent Society,Somalia,SOM,DSO001,12440326.0,,,,53.161,148.1,,41.558,863.0,,,,19.0,,1840.0,2760.0,,,4600.0,371.0,205.0,,,576.0,721258.0,789200.0,18278.0,20000.0,,,,,,,,,,,,,,,,,0.0,0.0,,,,,,,,,,,,,,,,,,,
2013,Africa,Somali Red Crescent Society,Somalia,SOM,DSO001,12852485.0,5836021227.4744,,,53.843,143.4,,42.117,828.0,,,,19.0,,,,,,8332.0,,,,,576.0,0.0,,0.0,,,,,,,,,,,,,,,,,,0.0,,,,,,,,,,,,,,,,,,,,
2014,Africa,Somali Red Crescent Society,Somalia,SOM,DSO001,13309235.0,6537360532.6421,,,54.277,138.9,,42.679,793.0,,,,19.0,,2880.0,6265.0,,,9145.0,366.0,210.0,,,576.0,0.0,0.0,0.0,0.0,,,,,,,,,,,,,,,,,0.0,,,,,,,,,,,,,,,,,,,,
2015,Africa,Somali Red Crescent Society,Somalia,SOM,DSO001,13763906.0,6984947145.0937,,500.0,54.857,134.5,,43.245,761.0,,,,19.0,,2478.0,5728.0,,,8206.0,366.0,210.0,,,576.0,0.0,0.0,0.0,0.0,,,,,,,,,,,,,,,,,0.0,,,,,,,,,,,,,,,,,,,,
2016,Africa,Somali Red Crescent Society,Somalia,SOM,,14292847.0,7390796616.5303,,510.0,55.044,130.3,,43.816,711.0,,,,152.0,,4380.0,3620.0,,,8000.0,402.0,268.0,,,670.0,11401988.0,11118901.0,11394549.0,11111646.0,0.0,0.0,15382.0,15000.0,0.0,0.0,,,0.0,0.0,0.0,0.0,,,,,5930803.0,5783554.0,2020909.0,1970734.0,3434895.0,3349614.0,0.0,0.0,2998.0,,,,720010.0,452.0,452.0,325581.0,,,,,
2017,Africa,Somali Red Crescent Society,Somalia,SOM,,14864221.0,8252394373.2988,,540.0,55.654,126.1,,44.391,683.0,1.0,1.0,16.0,151.0,,4750.0,3250.0,,0.0,8000.0,460.0,455.0,,,915.0,413057043.0,423067237.0,413057043.0,423067237.0,0.0,0.0,14645.0,15000.0,0.0,0.0,939639.0,962411.0,0.0,0.0,0.0,0.0,0.0,0.0,0.0,0.0,807750.0,827325.0,927271.0,949743.0,410367738.0,420312758.0,0.0,0.0,6366.0,2088.0,,4278.0,,1171614.0,1171614.0,,,,,,
2018,Africa,Somali Red Crescent Society,Somalia,SOM,,15411094.0,8278212314.4059,,550.0,56.375,122.5,,44.971,651.0,1.0,1.0,16.0,151.0,,2574.0,5426.0,,,8000.0,572.0,343.0,,,915.0,13987314.0,14205655.0,13760990.0,13975798.0,,,14769.0,15000.0,,,1452945.0,1475625.0,,,,,,,,,,,5440672.0,5525600.0,5032332.0,5110886.0,2088480.0,2121081.0,5704.0,,,,288673.0,19192.0,19192.0,137104.0,,,,,
2019,Africa,Somali Red Crescent Society,Somalia,SOM,,15981300.0,9420431258.2467,,570.0,57.078,118.6,,45.554,606.0,,,16.0,15.0,,1716.0,2469.0,,,4185.0,600.0,353.0,,0.0,953.0,12011547.0,12314067.0,11803031.0,12100299.0,,,14631.0,15000.0,,,1439373.0,1475625.0,,,,,,,,,2236628.0,2292959.0,1720750.0,1764088.0,6600165.0,6766395.0,,,10160.0,5478.0,0.0,4682.0,901869.0,132340.0,132340.0,710796.0,,,,,
2020,Africa,Somali Red Crescent Society,Somalia,SOM,,16537016.0,9204140383.1751,,540.0,55.967,114.9,,46.141,621.0,,,16.0,19.0,,1976.0,2366.0,,,4342.0,672.0,360.0,,,1032.0,12671147.0,13759152.0,12671147.0,13759152.0,,,12996.0,14112.0,,,1192854.0,1295278.0,,,,,17650.0,19166.0,29030.0,31523.0,2993332.0,3250354.0,1172743.0,1273440.0,7252540.0,7875278.0,,,5265.0,3128.0,,2137.0,887085.0,755899.0,755899.0,706944.0,,,,,
2021,Africa,Somali Red Crescent Society,Somalia,SOM,,17065581.0,9838711529.4586,,580.0,55.28,111.8,,46.731,,1.0,1.0,15.0,19.0,,2408.0,2779.0,,,5187.0,677.0,388.0,,,1065.0,9941913.0,10875546.0,9941912.0,10875545.0,,,,,,,,,,,,,,,,,,,1346719.0,1473188.0,4102062.0,4487282.0,4493131.0,4915076.0,1781.0,823.0,,958.0,666552.0,585527.0,585527.0,344659.0,,,,,
2022,Africa,Somali Red Crescent Society,Somalia,SOM,,17597511.0,10419541202.0382,54.4,600.0,,,41.03,47.324,,1.0,1.0,16.0,19.0,,1872.0,3297.0,,,5169.0,800.0,383.0,,,1183.0,20411149.0,22134857.0,20076256.0,21771682.0,0.0,0.0,10512.0,11400.0,0.0,0.0,902520.0,978737.0,0.0,0.0,0.0,0.0,0.0,0.0,173889.0,188574.0,7468576.0,8099292.0,3699219.0,4011616.0,8156433.0,8845238.0,0.0,0.0,4542.0,2853.0,,1689.0,1201020.0,518818.0,518818.0,508820.0,,,,,
2023,Africa,Somali Red Crescent Society,Somalia,SOM,,,,,,,,,,,1.0,1.0,16.0,130.0,18.0,1368.0,1423.0,,,2791.0,635.0,660.0,,,1295.0,19257078.0,22898895.0,18882152.0,22453065.0,,,,,7306.0,8688.0,1337427.0,1590356.0,,,,,,,253868.0,301879.0,6707210.0,7975649.0,4187412.0,4979318.0,6763854.0,8043005.0,,,6637.0,3385.0,,3252.0,186408.0,201601.0,201601.0,37277.0,,,,,
2024,Africa,Somali Red Crescent Society,Somalia,SOM,,,,,,,,,,,0.0,0.0,16.0,130.0,19.0,,,0.0,0.0,1987.0,660.0,635.0,,,1295.0,19265708.0,22716343.0,19120483.0,22545107.0,0.0,0.0,0.0,0.0,55279.0,65180.0,882267.0,1040288.0,0.0,0.0,0.0,0.0,0.0,0.0,516956.0,609547.0,7926190.0,9345831.0,2844538.0,3354016.0,6465381.0,7623380.0,340645.0,401657.0,4577.0,2334.0,,2243.0,280441.0,23549.0,23549.0,122270.0,,,,,
2012,Americas,Suriname Red Cross,Suriname,SUR,DSR001,558111.0,4980000000.0,,8290.0,69.764,22.1,92.87,66.208,131.0,,,,1.0,,127.0,134.0,,,261.0,13.0,26.0,,,39.0,0.0,,0.0,,,,,,,,,,,,,,,,,,0.0,,,,,,,,,,,,,,,,,,,,
2013,Americas,Suriname Red Cross,Suriname,SUR,DSR001,563947.0,5145757575.7576,,8690.0,69.682,21.6,,66.14,133.0,,,,1.0,,109.0,98.0,,,207.0,15.0,35.0,,,50.0,1526593.0,5561989.0,1612345.0,5874416.0,,,,,,,,,,,,,,,,,273861.0,997785.0,,,,,,,,,,,,,,,,,,,
2014,Americas,Suriname Red Cross,Suriname,SUR,DSR001,569682.0,5240606060.6061,,8990.0,69.782,21.0,,66.089,135.0,,,,1.0,,98.0,106.0,,,204.0,15.0,34.0,,,49.0,382041.0,1257439.0,518837.0,1707683.0,,,,,,,,,,,,,,,,,0.0,,,,,,,,,,,,,,,,,,,,
2015,Americas,Suriname Red Cross,Suriname,SUR,DSR001,575475.0,5126237646.2207,,8640.0,70.8,20.5,,66.056,125.0,,,,1.0,,98.0,109.0,,,207.0,8.0,52.0,,,60.0,886339.0,1263263.0,1070796.0,1526162.0,,,,,,,,,,,,,,,,,0.0,,,,,,,,,,,,,,,,,,,,
2016,Americas,Suriname Red Cross,Suriname,SUR,,581453.0,3317421648.0992,,6740.0,71.592,19.9,,66.04,105.0,,,,1.0,,141.0,147.0,,,288.0,8.0,12.0,,,20.0,1115816.0,7997650.0,1306926.0,9367440.0,4071.0,29178.0,,,,,34990.0,250793.0,,,26149.0,187422.0,532296.0,3815251.0,224620.0,1609969.0,,,7678.0,55031.0,,,52154.0,373813.0,318.0,101.0,,217.0,0.0,332.0,13091.0,0.0,,,,,
2017,Americas,Suriname Red Cross,Suriname,SUR,,587559.0,3591679430.9999,,5770.0,72.417,19.4,,66.041,99.0,1.0,1.0,5.0,1.0,,,,,,,10.0,37.0,,0.0,47.0,1395859.0,10582306.0,1734632.0,13150614.0,25888.0,196261.0,0.0,0.0,0.0,0.0,145713.0,1104684.0,0.0,0.0,62782.0,475963.0,486554.0,3688671.0,256928.0,1947825.0,16604.0,125879.0,16733.0,126853.0,0.0,0.0,12846.0,97387.0,932.0,282.0,,650.0,,,,,,,,,
2018,Americas,Suriname Red Cross,Suriname,SUR,,593715.0,3996198866.5745,,5790.0,72.553,18.8,,66.06,98.0,0.0,0.0,,1.0,,,,,,,,,,,,,,,,,,,,,,,,,,,,,,,,,,,,,,,,,,,,,,,,,,,,
2019,Americas,Suriname Red Cross,Suriname,SUR,,600301.0,4016040575.088,,6020.0,72.242,18.3,,66.095,100.0,,,5.0,1.0,,,,,325.0,325.0,8.0,43.0,,,51.0,1698986.0,12882035.0,1764501.0,13378781.0,41007.0,310924.0,,,,,81855.0,620642.0,,,5933.0,44982.0,545523.0,4136259.0,273592.0,2074426.0,276138.0,2093730.0,82183.0,623126.0,,,45471.0,344773.0,,,,,,,,,,,,,
2020,Americas,Suriname Red Cross,Suriname,SUR,,607065.0,2911807496.2023,,4500.0,72.561,17.7,,66.149,96.0,,,7.0,0.0,,,,,150.0,150.0,9.0,6.0,,,15.0,881794.0,13422332.0,978359.0,14892212.0,1839.0,27995.0,,,,,35696.0,543356.0,,,4037.0,61449.0,200954.0,3058840.0,144640.0,2201660.0,108948.0,1658363.0,52551.0,799907.0,,,88717.0,1350415.0,,,,,,,,,,,,,
2021,Americas,Suriname Red Cross,Suriname,SUR,,612985.0,3081401725.8883,,4490.0,70.274,17.2,95.0,66.219,,,,,,,,,,,,,,,,,,,,,,,,,,,,,,,,,,,,,,,,,,,,,,,,,,,,,,,,,
2022,Americas,Suriname Red Cross,Suriname,SUR,,618040.0,3620987993.3264,,4970.0,,,,66.307,,0.0,0.0,7.0,0.0,,,,,,120.0,,,,,15.0,446135.0,9872000.0,202099.0,4472000.0,,,90384.0,2000000.0,,,,,,,,,248556.0,5500000.0,81346.0,1800000.0,,,,,,,225960.0,5000000.0,1066.0,,,,1500.0,2500.0,2500.0,4000.0,,,,,
2023,Americas,Suriname Red Cross,Suriname,SUR,,,,,,,,,,,0.0,1.0,11.0,0.0,0.0,53.0,58.0,,,111.0,7.0,6.0,,,13.0,,,,,,,,,,,,,,,,,,,,,,,,,,,,,1048.0,427.0,,621.0,,,,,,,,,
2024,Americas,Suriname Red Cross,Suriname,SUR,,,,,,,,,,,0.0,0.0,11.0,4.0,0.0,,,,,125.0,,,,,10.0,259438.0,10009533.0,175198.0,6759420.0,,,,,,,,,,,,,0.0,8.0,0.0,2.0,0.0,0.0,0.0,0.0,0.0,0.0,0.0,0.0,807.0,,,,5000.0,0.0,0.0,100.0,,,,,
2012,Africa,South Sudan Red Cross,South Sudan,SSD,DSS001,10701604.0,11931472169.4915,,800.0,55.865,101.0,,18.217,1067.0,,,,12.0,,,,,,,,,,,,0.0,,0.0,,,,,,,,,,,,,,,,,,0.0,,,,,,,,,,,,,,,,,,,,
2013,Africa,South Sudan Red Cross,South Sudan,SSD,DSS001,11106031.0,18426469016.9492,,1090.0,55.751,99.2,,18.415,1131.0,,,,15.0,,1666.0,1569.0,,,3235.0,,,,,150.0,374473.0,1300890.0,369591.0,1283931.0,,,,,,,,,,,,,,,,,0.0,,,,,,,,,,,,,,,,,,,,
2014,Africa,South Sudan Red Cross,South Sudan,SSD,DSS001,11213284.0,13962212847.4576,,1170.0,54.973,98.7,,18.626,1172.0,,,,15.0,,2497.0,2802.0,,,5299.0,152.0,24.0,,,176.0,1588402.0,5205191.0,1711802.0,5609574.0,,,,,,,,,,,,,,,,,0.0,,,,,,,,,,,,,,,,,,,,
2015,Africa,South Sudan Red Cross,South Sudan,SSD,DSS001,11194299.0,11997800760.2242,,1040.0,55.566,98.7,,18.852,1225.0,,,,55.0,,2649.0,1898.0,,,4547.0,475.0,36.0,,,511.0,0.0,,0.0,,,,,,,,,,,,,,,,,,0.0,,,,,,,,,,,,,,,,,,,,
2016,Africa,South Sudan Red Cross,South Sudan,SSD,,11066105.0,,82.3,,55.544,98.7,,19.092,1288.0,,,,56.0,,5270.0,3932.0,,,9202.0,178.0,37.0,,,215.0,31082752.0,690482326.0,17942664.0,398584146.0,0.0,0.0,0.0,0.0,0.0,0.0,0.0,0.0,0.0,0.0,0.0,0.0,0.0,0.0,427479.0,9496156.0,25534589.0,567233621.0,0.0,0.0,5120685.0,113752547.0,0.0,0.0,2392.0,905.0,,1487.0,337466.0,73016.0,73016.0,35104.0,,,,,
2017,Africa,South Sudan Red Cross,South Sudan,SSD,,10658226.0,,,,55.309,98.7,,19.346,1252.0,1.0,1.0,69.0,49.0,,6953.0,4513.0,,0.0,11466.0,227.0,47.0,,0.0,274.0,5017882.0,640280941.0,4350699.0,555148553.0,0.0,0.0,0.0,0.0,0.0,0.0,0.0,0.0,0.0,0.0,0.0,0.0,0.0,0.0,0.0,0.0,7069066.0,902011753.0,2037763.0,260018271.0,542460.0,69217845.0,0.0,0.0,3328.0,1414.0,0.0,1914.0,673005.0,59952.0,59952.0,318418.0,,,,,
2018,Africa,South Sudan Red Cross,South Sudan,SSD,,10395329.0,,,,55.95,98.7,34.52,19.615,1275.0,1.0,1.0,69.0,102.0,,7671.0,5230.0,,,12901.0,227.0,47.0,,,274.0,7447697.0,1132557384.0,7090807.0,1078285741.0,,,,,,,,,,,,,,,,,3583318.0,544908379.0,559530.0,85086704.0,2238298.0,340373859.0,,,3788.0,1268.0,,2520.0,125194.0,21263.0,21263.0,527410.0,,,,,
2019,Africa,South Sudan Red Cross,South Sudan,SSD,,10447666.0,,,,55.912,98.7,,19.899,1245.0,,,20.0,42.0,,8728.0,6097.0,,0.0,14825.0,227.0,47.0,,0.0,274.0,,,,,,,,,,,,,,,,,,,,,,,,,,,,,4519.0,1840.0,0.0,2679.0,21561.0,21561.0,21561.0,101806.0,,,,,
2020,Africa,South Sudan Red Cross,South Sudan,SSD,,10606227.0,,,,55.48,98.7,,20.199,1223.0,,,20.0,78.0,,8875.0,6097.0,,,14972.0,237.0,17.0,,,254.0,9853712.0,10699799.0,8633008.0,9374279.0,,,,,,,,,,,,,,,,,5610387.0,6092122.0,540821.0,587258.0,2349111.0,2550817.0,,,1694.0,700.0,,994.0,46473.0,35266.0,35266.0,343400.0,,,,,
2021,Africa,South Sudan Red Cross,South Sudan,SSD,,10748272.0,,,,54.975,98.7,,20.514,,1.0,1.0,20.0,80.0,,10355.0,7112.0,,,17467.0,200.0,39.0,,,239.0,15011978.0,16421735.0,8870734.0,9703774.0,,,,,,,,,,,,,,,,,,,,,,,,,2458.0,1045.0,,1413.0,27892.0,23886.0,23886.0,352802.0,,,,,
2022,Africa,South Sudan Red Cross,South Sudan,SSD,,10913164.0,,,,,,,20.846,,1.0,1.0,20.0,102.0,,11191.0,7818.0,,,19009.0,226.0,50.0,,,276.0,12334843.0,13376512.0,14855928.0,16110501.0,0.0,0.0,0.0,0.0,0.0,0.0,0.0,0.0,0.0,0.0,0.0,0.0,0.0,0.0,0.0,0.0,8405274.0,9115094.0,445229.0,482828.0,2290608.0,2484048.0,1193732.0,1294542.0,2781.0,1325.0,,1456.0,75759.0,12816.0,12816.0,364799.0,,,,,
2023,Africa,South Sudan Red Cross,South Sudan,SSD,,,,,,,,,,,1.0,1.0,22.0,120.0,21.0,11672.0,8113.0,,,19785.0,211.0,50.0,,,261.0,12265983.0,14585674.0,14804634.0,17604424.0,0.0,0.0,0.0,0.0,0.0,0.0,0.0,0.0,0.0,0.0,0.0,0.0,479363.0,570018.0,642963.0,764557.0,8823445.0,10492098.0,416215.0,494928.0,1903997.0,2264073.0,,,2941.0,1496.0,,1445.0,36753.0,21479.0,21479.0,572039.0,,,,,
2024,Africa,South Sudan Red Cross,South Sudan,SSD,,,,,,,,,,,,,,,,,,,,,,,,,,,,,,,,,,,,,,,,,,,,,,,,,,,,,,,,,,,,,,,,,,
2012,Africa,Sao Tome and Principe Red Cross,Sao Tome and Principe,STP,DST001,189924.0,229371348.2026,,1150.0,65.746,30.5,90.14,67.16,160.0,,,,2.0,,61.0,35.0,,,96.0,6.0,10.0,,,16.0,0.0,,0.0,,,,,,,,,,,,,,,,,,1.0,11391.0,,,,,,,,,,,25.0,,,,,,,,
2013,Africa,Sao Tome and Principe Red Cross,Sao Tome and Principe,STP,DST001,193757.0,267041747.5844,,1320.0,66.328,27.8,,68.208,158.0,,,,9.0,,,,,,55.0,,,,,35.0,138472.0,2767620144.0,114129.0,2281064596.0,,,,,,,,,,,,,,,,,0.0,,,,,,,,,,,,,,,,,,,,
2014,Africa,Sao Tome and Principe Red Cross,Sao Tome and Principe,STP,DST001,197497.0,293119143.2468,,1420.0,66.845,25.4,,69.213,144.0,,,,4.0,,250.0,300.0,,,550.0,19.0,27.0,,,46.0,170257.0,3434754328.0,151984.0,3066108791.0,,,,,,,,,,,,,,,,,0.0,2000.0,,,,,,,,,,,60.0,,,,,,,,
2015,Africa,Sao Tome and Principe Red Cross,Sao Tome and Principe,STP,DST001,201124.0,259999643.0474,,1370.0,67.249,23.3,,70.174,139.0,,,,3.0,,20.0,30.0,,,50.0,9.0,14.0,,,23.0,143832.0,3219528680.0,138335.0,3096475692.0,,,,,,,,,,,,,,,,,0.0,,,,,,,,,,,,40.0,,,,,,,,
2016,Africa,Sao Tome and Principe Red Cross,Sao Tome and Principe,STP,,204632.0,292267272.1969,,1400.0,67.492,21.4,,71.092,164.0,,,,6.0,,87.0,63.0,,,150.0,,,,,41.0,125390.0,2849761507.0,129299.0,2938620200.0,0.0,0.0,0.0,0.0,0.0,0.0,29884.0,679188014.0,0.0,0.0,0.0,0.0,0.0,0.0,0.0,0.0,0.0,0.0,0.0,0.0,0.0,0.0,,,,,,,0.0,,,,,,,,
2017,Africa,Sao Tome and Principe Red Cross,Sao Tome and Principe,STP,,208036.0,322002845.2293,55.5,1430.0,68.267,19.7,,71.968,144.0,1.0,1.0,6.0,2.0,,,,,,,11.0,16.0,,0.0,27.0,189000.0,3937500000.0,175739.0,3661231579.0,0.0,0.0,0.0,0.0,0.0,0.0,41868.0,872250577.0,0.0,0.0,0.0,0.0,0.0,0.0,0.0,0.0,0.0,0.0,2352.0,49000000.0,2352.0,49000000.0,0.0,0.0,,,,,,,,,,,,,
2018,Africa,Sao Tome and Principe Red Cross,Sao Tome and Principe,STP,,211344.0,383717327.8305,,1650.0,68.355,18.3,,72.803,149.0,1.0,1.0,6.0,2.0,,76.0,72.0,,,148.0,11.0,16.0,,,27.0,215.0,4674375.0,157.0,3402480.0,,,,,,,40124.0,872250577.0,,,,,,,,,,,2254.0,49000000.0,22540.0,490000000.0,,,19.0,4.0,,15.0,0.0,0.0,0.0,0.0,,,,,
2019,Africa,Sao Tome and Principe Red Cross,Sao Tome and Principe,STP,,214599.0,412976064.4792,,1800.0,68.523,17.1,,73.598,142.0,,,,,,,,,,,,,,,,,,,,,,,,,,,,,,,,,,,,,,,,,,,,,,,,,,,,,,,,
2020,Africa,Sao Tome and Principe Red Cross,Sao Tome and Principe,STP,,218641.0,471229484.6071,,2010.0,67.785,16.2,,74.354,146.0,,,6.0,5.0,,76.0,72.0,,,148.0,11.0,16.0,,,27.0,146.0,3252246.0,153.0,3394454.0,18.0,389939.0,27.0,598506.0,,,,,,,,,0.0,10200.0,,,,,73.0,1622614.0,17.0,384961.0,,,0.0,,0.0,,0.0,0.0,0.0,0.0,,,,,
2021,Africa,Sao Tome and Principe Red Cross,Sao Tome and Principe,STP,,223107.0,524402450.7556,,2210.0,67.591,15.4,,75.073,,1.0,1.0,8.0,,,141.0,119.0,9.0,,269.0,13.0,23.0,,,36.0,375879.0,8896324.0,333966.0,7904337.0,169.0,4000.0,,,,,,,146439.0,3465938.0,,,756.0,17900.0,,,,,84449.0,1998747.0,22511.0,532786.0,31918.0,755428.0,20.0,9.0,,11.0,0.0,0.0,0.0,0.0,,,,,
2022,Africa,Sao Tome and Principe Red Cross,Sao Tome and Principe,STP,,227380.0,542686976.4576,,2400.0,,,93.75,75.755,,1.0,1.0,8.0,5.0,,,,,,,,,,,,,,,,,,,,,,,,,,,,,,,,,,,,,,,,,,,,,,,,,,,,
2023,Africa,Sao Tome and Principe Red Cross,Sao Tome and Principe,STP,,,,,,,,,,,1.0,1.0,22.0,5.0,5.0,,,,,100.0,7.0,15.0,,10.0,32.0,452678.0,452678.0,415491.0,415491.0,5022.0,5022.0,,,,,,,,,,,165042.0,165042.0,,,,,216511.0,216511.0,16781.0,16781.0,23841.0,23841.0,26.0,,,,1.0,,,,,,,,
2024,Africa,Sao Tome and Principe Red Cross,Sao Tome and Principe,STP,,,,,,,,,,,0.0,1.0,23.0,5.0,5.0,71.0,102.0,,,173.0,,,,,32.0,112035.0,112035.0,41042.0,41042.0,2014.0,2014.0,,,,,,,,,,,,,,,,,22394.0,22394.0,20022.0,20022.0,5333.0,5333.0,0.0,,,,,,,,,,,,
2010,Americas,Salvadorean Red Cross Society,El Salvador,SLV,DSV001,6114034.0,18447920000.0,,2910.0,71.848,19.3,84.49,65.452,36.0,,,,,,,,,,2021.0,,,,,,0.0,,0.0,,,,,,,,,,,,,,,,,,0.0,,,,,,,,,,,,,,,,,,,,
2012,Americas,Salvadorean Red Cross Society,El Salvador,SLV,DSV001,6161289.0,21386150000.0,,3250.0,71.831,17.5,,67.187,38.0,,,,64.0,,1549.0,575.0,,,2124.0,116.0,105.0,,,221.0,4981511.0,5450769.0,5122128.0,5604632.0,,,,,,,,,,,,,,,,,1399092.0,1530886.0,,,,,,,,,,,15000.0,,,,,,,,
2013,Americas,Salvadorean Red Cross Society,El Salvador,SLV,DSV001,6185642.0,21990960000.0,,3390.0,71.771,16.7,86.77,68.036,39.0,,,,60.0,,1536.0,842.0,,,2378.0,121.0,104.0,,,225.0,4163113.0,4666850.0,4247560.0,4761515.0,,,,,,,,,,,,,,,,,1488012.0,1668061.0,,,,,,,,,,,2000.0,,,,,,,,
2014,Americas,Salvadorean Red Cross Society,El Salvador,SLV,DSV001,6209526.0,22593470000.0,,3450.0,71.746,16.0,,68.874,41.0,,,,60.0,,1847.0,749.0,,,2596.0,137.0,107.0,,,244.0,6441231.0,6523228.0,5585447.0,5656550.0,,,,,,,,,,,,,,,,,2839948.0,2876101.0,,,,,,,,,,,17536.0,,,,,,,,
2015,Americas,Salvadorean Red Cross Society,El Salvador,SLV,DSV001,6231066.0,23438240000.0,,3490.0,71.814,15.4,87.97,69.7,44.0,,,,60.0,,1809.0,756.0,,,2565.0,141.0,117.0,,,258.0,6651342.0,6722112.0,7101746.0,7177309.0,,,,,,,,,,,,,,,,,2770081.0,2799555.0,,,,,,,,,,,118417.0,,,,,,,,
2016,Americas,Salvadorean Red Cross Society,El Salvador,SLV,,6250510.0,24191430000.0,,3570.0,72.025,14.8,88.14,70.501,42.0,,,,63.0,,1524.0,583.0,,,2107.0,149.0,128.0,,,277.0,6927288.0,6755298.0,6975271.0,6802090.0,41256.0,40232.0,135611.0,132244.0,0.0,0.0,0.0,0.0,0.0,0.0,9338.0,9106.0,1158503.0,1129740.0,0.0,0.0,2679792.0,2613258.0,341111.0,332642.0,122030.0,119000.0,0.0,0.0,1816.0,943.0,,873.0,2128.0,4983.0,9966.0,0.0,,,,,
2017,Americas,Salvadorean Red Cross Society,El Salvador,SLV,,6266654.0,24979190000.0,,3670.0,72.311,14.3,88.48,71.275,45.0,1.0,1.0,10.0,63.0,,1688.0,551.0,,0.0,2239.0,144.0,131.0,,0.0,275.0,7360366.0,7538740.0,7051519.0,7222408.0,90037.0,92219.0,136390.0,139695.0,0.0,0.0,356941.0,365591.0,0.0,0.0,6002.0,6147.0,892655.0,914288.0,215426.0,220647.0,2869715.0,2939261.0,262638.0,269003.0,114769.0,117550.0,0.0,0.0,1494.0,770.0,0.0,724.0,4406.0,16076.0,41076.0,80314.0,,,,,
2018,Americas,Salvadorean Red Cross Society,El Salvador,SLV,,6276342.0,26020850000.0,,3900.0,72.555,13.8,89.01,72.023,45.0,1.0,1.0,11.0,60.0,,1881.0,627.0,,0.0,2508.0,165.0,135.0,,0.0,300.0,7991877.0,8116630.0,7403960.0,7519535.0,35853.0,36413.0,153370.0,155764.0,4923.0,5000.0,380501.0,386441.0,0.0,0.0,24743.0,25129.0,944072.0,958809.0,228717.0,232287.0,3120081.0,3168785.0,490459.0,498115.0,135909.0,138031.0,0.0,0.0,2110.0,845.0,0.0,1265.0,4330.0,969.0,7752.0,21150.0,,,,,
2019,Americas,Salvadorean Red Cross Society,El Salvador,SLV,,6280217.0,26881140000.0,,4090.0,72.559,13.3,89.14,72.746,39.0,,,11.0,60.0,,1528.0,680.0,,,2208.0,144.0,121.0,,,265.0,8158462.0,8363939.0,8562221.0,8777867.0,31563.0,32358.0,155284.0,159195.0,4877.0,5000.0,372993.0,382387.0,,,14253.0,14612.0,1026548.0,1052402.0,228051.0,233795.0,3366860.0,3451657.0,315647.0,323597.0,107298.0,110000.0,,,484.0,189.0,,295.0,,13687.0,74580.0,2160.0,,,,,
2020,Americas,Salvadorean Red Cross Society,El Salvador,SLV,,6292731.0,24930080000.0,26.2,3780.0,71.061,12.8,89.98,73.444,43.0,,,9.0,59.0,,1300.0,565.0,,,1865.0,144.0,121.0,,,265.0,7845736.0,8519408.0,7377276.0,8010724.0,50552.0,54893.0,464568.0,504458.0,25917.0,28142.0,,,,,,,682394.0,740988.0,176462.0,191614.0,2800269.0,3040713.0,983673.0,1068136.0,101302.0,110000.0,,,2142.0,692.0,,1450.0,561.0,1791.0,1791.0,31238.0,,,,,
2021,Americas,Salvadorean Red Cross Society,El Salvador,SLV,,6314167.0,29451240000.0,24.6,4360.0,70.748,12.4,,74.118,,0.0,1.0,9.0,54.0,,1130.0,533.0,,,1663.0,150.0,138.0,,,288.0,8673474.0,9487989.0,7910514.0,8653381.0,32602.0,35664.0,133517.0,146055.0,30281.0,33125.0,,,,,176432.0,193001.0,998526.0,1092296.0,,,3329335.0,3641989.0,918446.0,1004696.0,68561.0,75000.0,320233.0,350306.0,2064.0,734.0,,1330.0,24381.0,42546.0,255276.0,33428.0,,,,,
2022,Americas,Salvadorean Red Cross Society,El Salvador,SLV,,6336392.0,32488720000.0,26.6,4720.0,,,,74.767,,1.0,1.0,9.0,59.0,,1247.0,593.0,,,1840.0,149.0,131.0,,,280.0,9207376.0,9984933.0,8658021.0,9389185.0,83017.0,90028.0,96185.0,104308.0,30560.0,33141.0,,,,,28432.0,30833.0,1009034.0,1094246.0,350682.0,380297.0,4222124.0,4578680.0,350513.0,380114.0,58536.0,63479.0,,,2120.0,724.0,,1396.0,32036.0,32883.0,32883.0,7540.0,,,,,
2023,Americas,Salvadorean Red Cross Society,El Salvador,SLV,,,,,,,,,,,1.0,1.0,11.0,45.0,14.0,1129.0,567.0,,,1696.0,158.0,132.0,,,290.0,8630276.0,10262398.0,8759455.0,10416006.0,179658.0,213634.0,12825.0,15250.0,16819.0,20000.0,,,,,,,917130.0,1090574.0,403140.0,479380.0,4210511.0,5006785.0,107159.0,127424.0,42413.0,50434.0,,,4627.0,,,,16786.0,33409.0,33409.0,19217.0,,,,,
2024,Americas,Salvadorean Red Cross Society,El Salvador,SLV,,,,,,,,,,,1.0,0.0,11.0,60.0,14.0,1315.0,571.0,,,1886.0,137.0,122.0,,,259.0,9561367.0,11273881.0,9092564.0,10721112.0,52846.0,62311.0,126438.0,149084.0,0.0,0.0,0.0,0.0,0.0,0.0,26519.0,31269.0,783671.0,924033.0,378246.0,445993.0,4914862.0,5795151.0,442016.0,521184.0,0.0,0.0,17549.0,20692.0,187.0,100.0,,87.0,18463.0,20263.0,20263.0,5966.0,,,,,
2011,Middle East and North Africa,Syrian Arab Red Crescent,Syrian Arab Republic,SYR,DSY001,22730733.0,67539428159.4474,,5440.0,73.305,20.2,,54.58,24.0,,,,14.0,,,,,,1500.0,,,,,700.0,542747.0,542747.0,2326060.0,2326060.0,,,,,,,,,,,,,,,,,0.0,,,,,,,,,,,,,,,,,,,,
2012,Middle East and North Africa,Syrian Arab Red Crescent,Syrian Arab Republic,SYR,DSY001,22605577.0,43190318032.5627,,2650.0,66.769,37.1,,53.555,26.0,,,,129.0,,,,,,3000.0,,,,,1000.0,0.0,,0.0,,,,,,,,,,,,,,,,,,0.0,,,,,,,,,,,,,,,,,,,,
2013,Middle East and North Africa,Syrian Arab Red Crescent,Syrian Arab Republic,SYR,DSY001,21495821.0,21361254634.9336,,1280.0,63.827,45.4,,52.529,29.0,,,,129.0,,,,,,3000.0,,,,,1100.0,0.0,,0.0,,,,,,,,,,,,,,,,,,0.0,,,,,,,,,,,,,,,,,,,,
2014,Middle East and North Africa,Syrian Arab Red Crescent,Syrian Arab Republic,SYR,DSY001,20072232.0,21502061466.067,,1080.0,63.153,47.3,86.3,51.5,29.0,,,,129.0,,,,,,3000.0,,,,,1100.0,0.0,0.0,0.0,0.0,,,,,,,,,,,,,,,,,0.0,,,,,,,,,,,,,,,,,,,,
2015,Middle East and North Africa,Syrian Arab Red Crescent,Syrian Arab Republic,SYR,DSY001,19205178.0,16468399173.0006,,910.0,65.124,41.8,,52.168,30.0,,,,129.0,,,,,,7556.0,,,,,500.0,0.0,0.0,0.0,0.0,,,,,,,,,,,,,,,,,0.0,,,,,,,,,,,,,,,,,,,,
2016,Middle East and North Africa,Syrian Arab Red Crescent,Syrian Arab Republic,SYR,,18964252.0,12598742889.2732,,760.0,65.993,39.8,,52.835,29.0,,,,103.0,,,,,,7673.0,,,,,1743.0,0.0,0.0,0.0,0.0,,,,,,,,,,,,,,,,,,,,,,,,,,,,,2700000.0,83438.0,83438.0,1400000.0,,,,,
2017,Middle East and North Africa,Syrian Arab Red Crescent,Syrian Arab Republic,SYR,,18983373.0,16369724424.2585,,730.0,68.481,23.9,,53.5,31.0,0.0,0.0,,103.0,,,,,,9248.0,,,,,3374.0,,,,,,,,,,,,,,,,,,,,,,,,,,,,,,,,,1400000.0,,,,,,,,
2018,Middle East and North Africa,Syrian Arab Red Crescent,Syrian Arab Republic,SYR,,19333463.0,21496337948.9175,,820.0,70.145,23.8,,54.162,31.0,1.0,1.0,31.0,83.0,,4750.0,3337.0,,,8087.0,,,,,3681.0,,,,,,,,,,,,,,,,,,,,,,,,,,,,,2621.0,1125.0,,1496.0,3500000.0,22729.0,22729.0,13525026.0,,,,,
2019,Middle East and North Africa,Syrian Arab Red Crescent,Syrian Arab Republic,SYR,,20098251.0,22600896342.9399,,980.0,71.822,22.6,,54.821,33.0,,,,108.0,,,,,7817.0,7817.0,,,,5945.0,5945.0,,,,,,,,,,,,,,,,,,,,,,,,,,,,,1787.0,,1787.0,,1874168.0,113911.0,113911.0,13656108.0,,,,,
2020,Middle East and North Africa,Syrian Arab Red Crescent,Syrian Arab Republic,SYR,,20772595.0,11156757922.0385,,780.0,72.14,22.8,,55.475,30.0,,,,109.0,,,,,7786.0,7786.0,,,,6075.0,6075.0,,,,,,,,,,,,,,,,,,,,,,,,,,,,,8962.0,3160.0,,5802.0,6274018.0,128577.0,128577.0,14000526.0,,,,,
2021,Middle East and North Africa,Syrian Arab Red Crescent,Syrian Arab Republic,SYR,,21324367.0,8969512933.3883,,560.0,72.063,22.3,,56.124,,0.0,0.0,30.0,109.0,,6366.0,5287.0,,,11653.0,,,,,5831.0,,,,,,,,,,,,,,,,,,,,,,,,,,,,,4545.0,,,,4429226.0,241441.0,241441.0,14600000.0,,,,,
2022,Middle East and North Africa,Syrian Arab Red Crescent,Syrian Arab Republic,SYR,,22125249.0,,,,,,,56.769,,0.0,0.0,7.0,109.0,,,,,,10172.0,,,,,6163.0,,,,,,,,,,,,,,,,,,,,,,,,,,,,,2521.0,,,,1661133.0,253700.0,253700.0,17700000.0,,,,,
2023,Middle East and North Africa,Syrian Arab Red Crescent,Syrian Arab Republic,SYR,,,,,,,,,,,0.0,1.0,7.0,109.0,14.0,5313.0,4475.0,,,9788.0,3217.0,2710.0,,,5927.0,53116574.0,782622283253.0,44058076.0,649153905317.0,,,,,,,,,,,,,,,,,,,,,,,,,3645.0,,,,4932396.0,273832.0,273832.0,18769877.0,,,,,
2024,Middle East and North Africa,Syrian Arab Red Crescent,Syrian Arab Republic,SYR,,,,,,,,,,,0.0,1.0,7.0,109.0,14.0,,,,,14098.0,,,,,5902.0,75118671.0,1076973275010.0,63892715.0,916027209893.0,,,,,,,10580243.0,151688508270.0,,,990010.0,14193738646.0,,,1735468.0,24881329079.0,28138705.0,403423453649.0,23820247.0,341509898306.0,9424835.0,135123467001.0,429162.0,6152880059.0,4208.0,,,,3889203.0,379374.0,379374.0,19738208.0,,,,,
2012,Africa,Baphalali Eswatini Red Cross Society,"Eswatini, the Kingdom of",SWZ,DSZ001,1111444.0,4886551483.9337,,4190.0,49.835,70.4,,22.849,599.0,,,,130.0,,60.0,609.0,,,669.0,29.0,44.0,,,73.0,1816212.0,16584010.0,1701486.0,15536443.0,,,,,,,,,,,,,,,,,1096509.0,10012332.0,,,,,,,,,,,2513.0,,,,,,,,
2013,Africa,Baphalali Eswatini Red Cross Society,"Eswatini, the Kingdom of",SWZ,DSZ001,1118319.0,4597552981.5674,,4290.0,51.486,67.9,,22.999,512.0,,,,157.0,,10580.0,7052.0,,,17632.0,21.0,33.0,,,54.0,859285.0,10126760.0,1286119.0,15157042.0,,,,,,,,,,,,,,,,,0.0,,,,,,,,,,,,,,,,,,,,
2014,Africa,Baphalali Eswatini Red Cross Society,"Eswatini, the Kingdom of",SWZ,DSZ001,1125865.0,4422986271.7477,,4020.0,53.05,67.9,,23.149,426.0,,,,173.0,,1910.0,2865.0,,,4775.0,21.0,33.0,,,54.0,515127.0,6051922.0,595623.0,6997622.0,,,,,,,,,,,,,,,,,0.0,,,,,,,,,,,,6108.0,,,,,,,,
2015,Africa,Baphalali Eswatini Red Cross Society,"Eswatini, the Kingdom of",SWZ,DSZ001,1133936.0,4063245671.2929,,3700.0,55.019,64.4,,23.3,338.0,,,,183.0,,1050.0,3150.0,,,4200.0,23.0,30.0,,,53.0,663868.0,10254961.0,569995.0,8804891.0,,,,,,,,,,,,,,,,,0.0,,,,,,,,,,,,5972.0,,,,,,,,
2016,Africa,Baphalali Eswatini Red Cross Society,"Eswatini, the Kingdom of",SWZ,,1142524.0,3816019193.1656,58.9,3370.0,56.659,61.8,,23.459,275.0,,,,157.0,,1030.0,4150.0,,,5180.0,20.0,26.0,,,46.0,3647595.0,48801172.0,3514121.0,47015429.0,0.0,0.0,3636.0,48650.0,0.0,0.0,2948890.0,39453204.0,0.0,0.0,0.0,0.0,0.0,0.0,0.0,0.0,80169.0,1072581.0,36055.0,482383.0,25232.0,337585.0,0.0,0.0,905.0,220.0,,685.0,110052.0,482.0,482.0,0.0,,,,,
2017,Africa,Baphalali Eswatini Red Cross Society,"Eswatini, the Kingdom of",SWZ,,1151390.0,4402969225.9217,,3310.0,57.895,63.2,,23.625,237.0,1.0,1.0,14.0,154.0,,1925.0,3310.0,,0.0,5235.0,24.0,31.0,,0.0,55.0,877646.0,11106208.0,907779.0,11487532.0,0.0,0.0,5238.0,66290.0,0.0,0.0,0.0,0.0,0.0,0.0,0.0,0.0,0.0,0.0,0.0,0.0,47011.0,594897.0,6126.0,77519.0,18510.0,234237.0,186863.0,2364668.0,1032.0,465.0,0.0,567.0,73683.0,927.0,927.0,193310.0,,,,,
2018,Africa,Baphalali Eswatini Red Cross Society,"Eswatini, the Kingdom of",SWZ,,1160428.0,4666598024.1841,,3550.0,59.411,59.6,,23.799,218.0,1.0,1.0,14.0,159.0,,1925.0,3310.0,,,5235.0,25.0,28.0,,,53.0,819501.0,11994342.0,583277.0,8536928.0,410.0,6000.0,11460.0,167730.0,,,41076.0,601190.0,,,,,,,,,,,47095.0,689282.0,16709.0,244550.0,28600.0,418596.0,1054.0,293.0,308.0,453.0,35881.0,923.0,923.0,206400.0,,,,,
2019,Africa,Baphalali Eswatini Red Cross Society,"Eswatini, the Kingdom of",SWZ,,1169613.0,4466214591.1485,,3620.0,60.549,56.9,,23.981,228.0,,,,,,,,,,,,,,,,,,,,,,,,,,,,,,,,,,,,,,,,,,,,,,,,,,,,,,,,
2020,Africa,Baphalali Eswatini Red Cross Society,"Eswatini, the Kingdom of",SWZ,,1180655.0,3982236692.5524,,3350.0,59.692,56.2,89.28,24.171,240.0,0.0,0.0,14.0,107.0,,0.0,0.0,,0.0,0.0,29.0,35.0,,,64.0,,,,,,,,,,,,,,,,,,,,,,,,,,,,,665.0,233.0,,432.0,2480.0,1621.0,1621.0,35814.0,,,,,
2021,Africa,Baphalali Eswatini Red Cross Society,"Eswatini, the Kingdom of",SWZ,,1192271.0,4850842571.5915,,3740.0,57.066,52.6,,24.369,,1.0,1.0,14.0,111.0,,530.0,609.0,,,1139.0,25.0,36.0,,,61.0,,,,,,,,,,,,,,,,,,,,,,,,,,,,,813.0,286.0,,527.0,11398.0,1621.0,1621.0,19368.0,,,,,
2022,Africa,Baphalali Eswatini Red Cross Society,"Eswatini, the Kingdom of",SWZ,,1201670.0,4790922065.6101,,3750.0,,,,24.576,,1.0,1.0,14.0,111.0,,1880.0,2820.0,,,4700.0,25.0,39.0,,,64.0,872521.0,14086774.0,677819.0,10943324.0,743.0,12000.0,2787.0,45000.0,,,30970.0,500000.0,,,,,,,,,170757.0,2756860.0,30018.0,484638.0,,,,,806.0,303.0,,503.0,5552.0,647.0,647.0,15810.0,,,,,
2023,Africa,Baphalali Eswatini Red Cross Society,"Eswatini, the Kingdom of",SWZ,,,,,,,,,,,1.0,1.0,14.0,135.0,5.0,2031.0,2969.0,,,5000.0,33.0,41.0,,,74.0,3215399.0,67343843.0,2937300.0,61519286.0,573.0,12000.0,23645.0,495227.0,0.0,0.0,0.0,0.0,141814.0,2970178.0,,,,,,,,,691997.0,14493301.0,0.0,0.0,,,873.0,523.0,,350.0,6172.0,467.0,467.0,15810.0,,,,,
2024,Africa,Baphalali Eswatini Red Cross Society,"Eswatini, the Kingdom of",SWZ,,,,,,,,,,,1.0,1.0,13.0,122.0,5.0,2031.0,2969.0,,,5000.0,33.0,41.0,,,74.0,,,,,,,,,,,,,,,,,,,,,,,,,,,,,1048.0,624.0,,424.0,550.0,294.0,294.0,13842.0,,,,,
2011,Africa,Red Cross of Chad,Chad,TCD,DTD001,12317730.0,12172308851.0395,,890.0,50.009,144.5,,22.054,1284.0,,,,22.0,,,,,,1500.0,,,,,60.0,8760.0,4594357.0,8531.0,4474360.0,,,,,,,,,,,,,,,,,0.0,,,,,,,,,,,,,,,,,,,,
2012,Africa,Red Cross of Chad,Chad,TCD,DTD001,12754906.0,12367362757.1342,,960.0,50.54,140.6,,22.142,1237.0,,,,23.0,,,,,,3657.0,,,,,78.0,2301449.0,1250000000.0,2286719.0,1242000000.0,,,,,,,,,,,,,,,,,0.0,0.0,,,,,,,,,,,,,,,,,,,
2013,Africa,Red Cross of Chad,Chad,TCD,DTD001,13216766.0,12953534866.4286,,970.0,50.781,136.9,,22.248,1217.0,,,,23.0,,,,,,700.0,,,,,90.0,3550625.0,1900000000.0,3457188.0,1850000000.0,,,,,,,,,,,,,,,,,0.0,,,,,,,,,,,,,,,,,,,,
2014,Africa,Red Cross of Chad,Chad,TCD,DTD001,13697126.0,13940767218.5849,,970.0,51.202,133.3,,22.372,1142.0,,,,89.0,,,,,,2000.0,,,,,26.0,2458901.0,1340035000.0,2849783.0,1553055000.0,,,,,,,,,,,,,,,,,0.0,,,,,,,,,,,,,,,,,,,,
2015,Africa,Red Cross of Chad,Chad,TCD,DTD001,14140274.0,10950392256.9543,,880.0,51.589,129.5,26.0,22.515,1125.0,,,,100.0,,,,,,25000.0,,,,,130.0,1652648.0,998275188.0,1651991.0,997878546.0,,,,,,,,,,,,,,,,,0.0,,,,,,,,,,,,,,,,,,,,
2016,Africa,Red Cross of Chad,Chad,TCD,,14592585.0,10097778098.1707,,730.0,52.083,125.8,22.31,22.677,1145.0,,,,100.0,,,,,,65000.0,,,,,38.0,4978316.0,3050439000.0,4978316.0,3050439000.0,,,,,,,2427500.0,1487439000.0,,,42432.0,26000000.0,75888.0,46500000.0,26928.0,16500000.0,2283168.0,1399000000.0,0.0,0.0,122400.0,75000000.0,,,3000.0,,,,30000.0,12300.0,12300.0,,,,,,
2017,Africa,Red Cross of Chad,Chad,TCD,,15085884.0,10000394381.0177,,640.0,52.308,121.9,,22.858,1095.0,1.0,1.0,11.0,100.0,,,,,,65000.0,,,,,250.0,2381658.0,1335758666.0,2379875.0,1334758666.0,0.0,0.0,0.0,0.0,19198.0,10767441.0,1274196.0,714636119.0,0.0,0.0,417222.0,234000000.0,36890.0,20689850.0,74939.0,42030000.0,60513.0,33938706.0,361086.0,202515850.0,137613.0,77180700.0,0.0,0.0,40000.0,,,,30000.0,0.0,0.0,42719.0,,,,,
2018,Africa,Red Cross of Chad,Chad,TCD,,15604210.0,11239167898.3395,42.3,670.0,52.825,118.0,,23.059,1076.0,1.0,1.0,11.0,383.0,,475.0,230.0,,,705.0,75.0,25.0,,,100.0,2723096.0,1585038690.0,,,2062.0,1200000.0,,,,,1271321.0,740000600.0,,,47552.0,27678900.0,29996.0,17460000.0,33405.0,19444000.0,791395.0,460649124.0,277109.0,161297518.0,270429.0,157409148.0,,,50000.0,3489.0,39994.0,6517.0,32198.0,32198.0,32198.0,15878.0,,,,,
2019,Africa,Red Cross of Chad,Chad,TCD,,16126866.0,11314951091.7283,,690.0,53.259,114.3,,23.279,1047.0,,,,,,,,,,,,,,,,,,,,,,,,,,,,,,,,,,,,,,,,,,,,,,,,,,,,,,,,
2020,Africa,Red Cross of Chad,Chad,TCD,,16644701.0,10715396042.3343,,660.0,52.777,110.5,,23.52,1063.0,,,,,,,,,,,,,,,,,,,,,,,,,,,,,,,,,,,,,,,,,,,,,,,,,,,,,,,,
2021,Africa,Red Cross of Chad,Chad,TCD,,17179740.0,11779981332.8631,,660.0,52.525,107.1,,23.781,,0.0,1.0,8.0,23.0,,49277.0,3723.0,,,53000.0,,,,,204.0,2702995.0,1650180014.0,2702995.0,1650180014.0,819.0,500000.0,,,,,1664405.0,1016120014.0,,,,,18018.0,11000000.0,17297.0,10560000.0,450450.0,275000000.0,363636.0,222000000.0,126422.0,77180700.0,,,2701.0,1323.0,,1378.0,7842.0,30.0,30.0,11000.0,,,,,
2022,Africa,Red Cross of Chad,Chad,TCD,,17723315.0,12704149840.2283,,690.0,,,27.28,24.063,,1.0,1.0,10.0,23.0,,53482.0,4441.0,,,57923.0,,,,,195.0,3312643.0,2105939458.0,3312643.0,2105939458.0,0.0,0.0,0.0,0.0,0.0,0.0,2314968.0,1471689458.0,157.0,100000.0,0.0,0.0,50336.0,32000000.0,33977.0,21600000.0,66066.0,42000000.0,550550.0,350000000.0,296589.0,188550000.0,0.0,0.0,834.0,321.0,,513.0,221586.0,16945.0,16945.0,2214.0,,,,,
2023,Africa,Red Cross of Chad,Chad,TCD,,,,,,,,,,,,,,,,,,,,,,,,,,2851481.0,2016863069.0,2814962.0,1991032453.0,2778.0,1965000.0,,,,,1700977.0,1203107095.0,,,,,,,30748.0,21748500.0,,,691304.0,488961834.0,190632.0,134834750.0,,,,,,,,,,,,,,,
2024,Africa,Red Cross of Chad,Chad,TCD,,,,,,,,,,,,,,,,,,,,,,,,,,,,,,,,,,,,,,,,,,,,,,,,,,,,,,,,,,,,,,,,,,
2010,Africa,Togolese Red Cross,Togo,TGO,DTG001,6571855.0,4746386893.2255,,760.0,57.304,89.1,,37.533,530.0,,,,,,,,,,59187.0,,,,,,0.0,,0.0,,,,,,,,,,,,,,,,,,0.0,,,,,,,,,,,,,,,,,,,,
2012,Africa,Togolese Red Cross,Togo,TGO,DTG001,6926635.0,5413541649.149,,810.0,58.073,83.7,,38.546,511.0,,,,267.0,,31689.0,21126.0,,,52815.0,96.0,17.0,,,113.0,1767084.0,959772211.0,1750507.0,950768599.0,,,,,,,,,,,,,,,,,0.0,0.0,,,,,,,,,,,256.0,,,,,,,,
2013,Africa,Togolese Red Cross,Togo,TGO,DTG001,7106229.0,6021729629.8245,,850.0,58.684,81.1,,39.061,493.0,,,,267.0,,7302.0,56702.0,,,64004.0,84.0,21.0,,,105.0,227836.0,121918844.0,229892.0,123019181.0,,,,,,,,,,,,,,,,,42100.0,22528444.0,,,,,,,,,,,127464.0,,,,,,,,
2014,Africa,Togolese Red Cross,Togo,TGO,DTG001,7288383.0,6393314707.8546,,870.0,58.853,78.5,,39.579,491.0,,,,238.0,,21413.0,38368.0,,,59781.0,77.0,32.0,,,109.0,1890835.0,1030499487.0,3423981.0,1866059614.0,,,,,,,,,,,,,,,,,1869915.0,1019098427.0,,,,,,,,,,,,,,,,,,,
2015,Africa,Togolese Red Cross,Togo,TGO,DTG001,7473229.0,5755457836.0187,,860.0,59.396,75.9,63.75,40.1,441.0,,,,249.0,,23697.0,35545.0,,,59242.0,,,,,109.0,2683861.0,1621140539.0,2229036.0,1346411256.0,,,,,,,,,,,,,,,,,2425333.0,1464980922.0,,,,,,,,,,,,,,,,,,,
2016,Africa,Togolese Red Cross,Togo,TGO,,7661354.0,6071167584.1951,,820.0,59.55,73.5,,40.628,439.0,,,,249.0,,7485.0,58389.0,,,65874.0,,,,,117.0,2028562.0,1242991452.0,1955411.0,1198168368.0,0.0,0.0,0.0,0.0,0.0,0.0,85723.0,52526227.0,0.0,0.0,137083.0,83996878.0,25994.0,15927490.0,7571.0,4639000.0,1352497.0,828735625.0,185187.0,113472699.0,44271.0,27127043.0,0.0,0.0,1217.0,,,,1747726.0,106443.0,107799.0,113640.0,,,,,
2017,Africa,Togolese Red Cross,Togo,TGO,,7852795.0,6387424239.8801,,790.0,60.154,71.2,,41.162,425.0,1.0,1.0,10.0,249.0,,7485.0,58389.0,,,65874.0,100.0,19.0,,0.0,119.0,,,,,,,,,,,,,,,,,,,,,,,,,,,,,1361.0,,,,32446.0,111015.0,114910.0,202085.0,,,,,
2018,Africa,Togolese Red Cross,Togo,TGO,,8046679.0,7029215766.4637,45.5,850.0,60.244,68.8,,41.702,435.0,1.0,1.0,10.0,311.0,,14361.0,57445.0,,,71806.0,97.0,19.0,,,116.0,1728116.0,1005888040.0,1538886.0,895742748.0,,,,,,,34360.0,20000000.0,,,16020.0,9324585.0,,,,,1147621.0,667998071.0,,,51548.0,30004420.0,341128.0,198560964.0,701.0,149.0,,552.0,,111015.0,114910.0,52123.0,,,,,
2019,Africa,Togolese Red Cross,Togo,TGO,,8243094.0,6992654019.2888,,880.0,60.901,66.6,66.54,42.248,418.0,,,8.0,311.0,,9482.0,19616.0,,,29098.0,95.0,23.0,,,118.0,3399616.0,2045497207.0,3264853.0,1964412371.0,0.0,0.0,0.0,0.0,0.0,0.0,1277386.0,768583589.0,0.0,0.0,12512.0,7528400.0,62735.0,37746960.0,0.0,0.0,1846619.0,1111082458.0,0.0,0.0,67404.0,40555800.0,0.0,0.0,2629.0,917.0,,1712.0,5893.0,3404.0,3404.0,385974.0,,,,,
2020,Africa,Togolese Red Cross,Togo,TGO,,8442580.0,7486031561.8689,,890.0,61.035,64.6,,42.8,399.0,,,8.0,311.0,,9482.0,19616.0,,,29098.0,90.0,21.0,,,111.0,3330290.0,2025723928.0,2309510.0,1404811515.0,,,,,3365.0,2047000.0,1121479.0,682164552.0,,,26549.0,16148954.0,,,,,1736879.0,1056495622.0,191502.0,116485700.0,50562.0,30755700.0,,,2629.0,917.0,,1712.0,24164.0,19429.0,19429.0,185389.0,,,,,
2021,Africa,Togolese Red Cross,Togo,TGO,,8644829.0,8443112143.2384,,950.0,61.619,62.6,,43.358,,1.0,1.0,8.0,311.0,,6487.0,13531.0,,,20018.0,90.0,21.0,,,111.0,2283946.0,1394350428.0,2283946.0,1394350428.0,,,,,,,1445743.0,882627240.0,,,,,,,,,624542.0,381282988.0,,,82621.0,50440200.0,,,1102.0,332.0,,770.0,45245.0,54438.0,1008439.0,764212.0,,,,,
2022,Africa,Togolese Red Cross,Togo,TGO,,8848699.0,8341225241.4569,,1010.0,,,,43.921,,1.0,1.0,8.0,240.0,,958.0,17208.0,,24742.0,42908.0,71.0,21.0,,,92.0,3172854.0,2017071543.0,2308897.0,1467830556.0,,,,,,,1440547.0,915795855.0,,,,,,,,,893959.0,568314488.0,406552.0,258456660.0,93196.0,59247300.0,,,1172.0,520.0,,652.0,744619.0,11029.0,23434.0,143785.0,,,,,
2023,Africa,Togolese Red Cross,Togo,TGO,,,,,,,,,,,0.0,1.0,8.0,311.0,311.0,4958.0,17278.0,,24701.0,46937.0,71.0,21.0,,,92.0,3060596.0,2158389012.0,3135350.0,2211106988.0,,,1475.0,1040000.0,,,1563553.0,1102646414.0,,,,,,,40384.0,28479636.0,815124.0,574840452.0,552992.0,389980229.0,86955.0,61322281.0,,,500.0,,,,122714.0,122714.0,122714.0,108465.0,,,,,
2024,Africa,Togolese Red Cross,Togo,TGO,,,,,,,,,,,0.0,1.0,8.0,311.0,311.0,4958.0,17278.0,,24701.0,46937.0,103.0,17.0,,,120.0,3824736.0,2666281611.0,3779730.0,2634907554.0,,,,,47037.0,32790395.0,1366150.0,952363669.0,,,11344.0,7908228.0,44949.0,31334300.0,10709.0,7465700.0,1483042.0,1033851377.0,490761.0,342116904.0,227295.0,158451038.0,,,2431.0,400.0,,2031.0,99404.0,225475.0,1275475.0,534224.0,,,,,
2011,Asia Pacific,Thai Red Cross Society,Thailand,THA,DTH001,68712846.0,370818739623.622,13.2,4860.0,76.421,13.0,,44.698,34.0,,,,,,,,,,,,,,,,433257596.0,14547706919.0,330028946.0,11081546908.0,,,,,,,,,,,,,,,,,0.0,,,,,,,,,,,,,,,,,,,,
2012,Asia Pacific,Thai Red Cross Society,Thailand,THA,DTH001,69157023.0,397558325278.579,12.6,5420.0,76.772,12.4,,45.445,32.0,,,,341.0,,,,,,37000.0,,,,,7639.0,583472488.0,19373037291.0,365258527.0,12127679035.0,,,,,,,,,,,,,,,,,0.0,,,,,,,,,,,,,,,,,,,,
2013,Asia Pacific,Thai Red Cross Society,Thailand,THA,DTH001,69578602.0,420333654592.547,10.9,5610.0,77.083,11.8,93.7,46.193,31.0,,,,360.0,,,,,,90595.0,,,,,8047.0,536588921.0,19707569803.0,357510387.0,13130462861.0,,,,,,,,,,,,,,,,,0.0,,,,,,,,,,,,,,,,,,,,
2014,Asia Pacific,Thai Red Cross Society,Thailand,THA,DTH001,69960943.0,407339040197.651,10.5,5640.0,77.415,11.3,,46.943,31.0,,,,360.0,,,,,,62959.0,2336.0,7556.0,,,9892.0,621042405.0,20686798276.0,462818107.0,15416378567.0,,,,,,,,,,,,,,,,,0.0,,,,,,,,,,,,,,,,,,,,
2015,Asia Pacific,Thai Red Cross Society,Thailand,THA,DTH001,70294397.0,401296238228.084,7.2,5580.0,77.717,10.8,92.87,47.694,30.0,,,,360.0,,,,,,65541.0,2402.0,7833.0,,,10235.0,588600631.0,21439601440.0,473186133.0,17235662968.0,,,,,,,,,,,,,,,,,0.0,,,,,,,,,,,,,,,,,,,,
2016,Asia Pacific,Thai Red Cross Society,Thailand,THA,,70607037.0,413366349747.508,8.6,5570.0,78.049,10.3,,48.448,29.0,,,,341.0,,,,,,36328.0,2464.0,8032.0,,,10496.0,765008156.0,27200290000.0,556988625.0,19804040000.0,141158250.0,5018960000.0,65781844.0,2338910000.0,,,,,,,,,384634969.0,13675910000.0,,,,,,,,,37665844.0,1339230000.0,10529.0,,,,648109.0,82000.0,82000.0,2530.0,,,,,
2017,Asia Pacific,Thai Red Cross Society,Thailand,THA,,70898202.0,456356813536.764,7.9,5820.0,78.394,9.9,,49.2,29.0,1.0,1.0,51.0,343.0,,,,,,40240.0,2516.0,8207.0,,,10723.0,807118741.0,27678020000.0,634359646.0,21753700000.0,102180144.0,3504000000.0,55668349.0,1909000000.0,,,,,,,,,409682889.0,14049000000.0,,,,,,,,,35722225.0,1225000000.0,71735.0,,,,594787.0,99138.0,99138.0,97183.0,,,,,
2018,Asia Pacific,Thai Red Cross Society,Thailand,THA,,71127802.0,506754208404.485,9.9,6450.0,78.662,9.4,93.77,49.949,29.0,1.0,1.0,52.0,341.0,,,,,,42500.0,2536.0,8360.0,,,10896.0,891080513.0,29430938120.0,716476484.0,23664051387.0,82196055.0,2714801822.0,62608918.0,2067870598.0,,,,,,,,,486153091.0,16056844844.0,,,,,,,,,25395154.0,838760588.0,25717.0,,,,261552.0,76447.0,76447.0,5240.0,,,,,
2019,Asia Pacific,Thai Red Cross Society,Thailand,THA,,71307763.0,543976691793.886,6.2,7080.0,78.975,9.0,,50.692,29.0,,,52.0,341.0,,,,,26086.0,26086.0,,,,11184.0,11184.0,1052171057.0,32342648989.0,842831283.0,25907761059.0,93654556.0,2878844105.0,,,,,,,,,,,545851683.0,16778915623.0,70701455.0,2173289530.0,,,,,,,16912226.0,519864320.0,20848.0,0.0,20848.0,0.0,600504.0,72982.0,72982.0,7500.0,,,,,
2020,Asia Pacific,Thai Red Cross Society,Thailand,THA,,71475664.0,500457264955.763,6.8,6920.0,79.274,8.6,,51.43,29.0,,,54.0,341.0,,,,,19280.0,19280.0,2454.0,8695.0,,,11149.0,953632670.0,32537195748.0,782112377.0,26685058420.0,116573135.0,3977383568.0,58832654.0,2007323819.0,,,,,,,,,483140702.0,16484380299.0,,,,,,,,,15109394.0,515520610.0,47849.0,,47849.0,,5702974.0,9709.0,9709.0,27000.0,,,,,
2021,Asia Pacific,Thai Red Cross Society,Thailand,THA,,71601103.0,505568063988.806,6.3,7090.0,78.715,8.3,94.1,52.163,,0.0,1.0,71.0,392.0,,,,,,51208.0,2433.0,8819.0,,,11252.0,864824653.0,31427598391.0,716889365.0,26051652209.0,71068766.0,2582628306.0,63777991.0,2317682630.0,,,,,,,,,447597363.0,16265621151.0,,,,,,,,,18984257.0,689885039.0,49770.0,,,,628829.0,6752.0,6752.0,52305.0,,,,,
2022,Asia Pacific,Thai Red Cross Society,Thailand,THA,,71697030.0,495423343049.622,,7230.0,,,,52.889,,0.0,0.0,71.0,392.0,,,,,,63526.0,2499.0,9015.0,,,11514.0,755313443.0,29128941109.0,719437998.0,27745391366.0,70317341.0,2711814146.0,30811368.0,1188251762.0,,,,,,,,,425430819.0,16406896218.0,,,,,,,,,11350488.0,437735750.0,31747.0,,,,580876.0,10021.0,10021.0,25300.0,,,,,
2023,Asia Pacific,Thai Red Cross Society,Thailand,THA,,,,,,,,,,,0.0,1.0,76.0,392.0,76.0,,,,,64000.0,3541.0,8106.0,0.0,,11647.0,818228754.0,32674257410.0,719312781.0,28724254482.0,46166806.0,1843575041.0,37979267.0,1516622735.0,,,,,,,,,225187204.0,8992380953.0,257120109.0,10267554855.0,,,551412.0,22019479.0,,,10175370.0,406332177.0,22196.0,,,,666730.0,15379.0,15379.0,29318.0,,,,,
2024,Asia Pacific,Thai Red Cross Society,Thailand,THA,,,,,,,,,,,,,,,,,,,,,,,,,,,,,,,,,,,,,,,,,,,,,,,,,,,,,,,,,,,,,,,,,,
2011,Europe and Central Asia,Red Crescent Society of Tajikistan,Tajikistan,TJK,DTJ001,7784819.0,6522755783.4397,,1010.0,68.148,41.6,,26.521,29.0,,,,69.0,,,,,,720.0,,,,,235.0,762192.0,808000.0,735780.0,780000.0,,,,,,,,,,,,,,,,,0.0,,,,,,,,,,,,,,,,,,,,
2012,Europe and Central Asia,Red Crescent Society of Tajikistan,Tajikistan,TJK,DTJ001,7956382.0,7633036366.0886,,1140.0,68.484,40.4,,26.545,27.0,,,,69.0,,4732.0,2028.0,,,6760.0,151.0,47.0,,,198.0,1900147.0,9908319.0,1840982.0,9599801.0,,,,,,,,,,,,,,,,,1739983.0,9073139.0,,,,,,,,,,,17004.0,,,,,,,,
2013,Europe and Central Asia,Red Crescent Society of Tajikistan,Tajikistan,TJK,DTJ001,8136610.0,8448410727.2135,34.3,1310.0,68.885,39.4,,26.589,24.0,,,,69.0,,,,,,7070.0,,,,,198.0,1208953.0,6467897.0,1206673.0,6455701.0,,,,,,,,,,,,,,,,,0.0,,,,,,,,,,,,,,,,,,,,
2014,Europe and Central Asia,Red Crescent Society of Tajikistan,Tajikistan,TJK,DTJ001,8326348.0,9112606074.4556,32.0,1340.0,69.069,38.4,,26.655,22.0,,,,69.0,,,,,,4080.0,,,,,198.0,1018122.0,5442157.0,997966.0,5334419.0,,,,,,,,,,,,,,,,,0.0,,,,,,,,,,,,,,,,,,,,
2015,Europe and Central Asia,Red Crescent Society of Tajikistan,Tajikistan,TJK,DTJ001,8524063.0,8271431932.3921,31.3,1250.0,69.306,37.4,,26.742,20.0,,,,69.0,,,,,,8700.0,,,,,150.0,1371204.0,9659011.0,1236140.0,8707591.0,,,,,,,,,,,,,,,,,0.0,,,,,,,,,,,,,,,,,,,,
2016,Europe and Central Asia,Red Crescent Society of Tajikistan,Tajikistan,TJK,,8725318.0,6992416096.8902,30.3,1110.0,69.549,36.5,,26.851,20.0,,,,69.0,,4844.0,4430.0,,,9274.0,45.0,21.0,,,66.0,1083064.0,8319296.0,1017647.0,7816806.0,130966.0,1005987.0,,,,,,,,,,,,,19540.0,150094.0,319044.0,2450656.0,167962.0,1290158.0,200119.0,1537164.0,245433.0,1885237.0,47000.0,24000.0,,23000.0,49061.0,47891.0,47891.0,10300.0,,,,,
2017,Europe and Central Asia,Red Crescent Society of Tajikistan,Tajikistan,TJK,,8925525.0,7536403146.6544,29.5,1020.0,69.905,35.5,,26.982,18.0,0.0,0.0,,69.0,,4844.0,4430.0,,0.0,9274.0,84.0,65.0,,0.0,149.0,1794487.0,16115299.0,1499386.0,13465157.0,94567.0,849251.0,,,466218.0,4186847.0,,,,,,,,,67339.0,604731.0,813593.0,7306432.0,157657.0,1415833.0,162230.0,1456894.0,32884.0,295311.0,1600.0,850.0,0.0,750.0,49061.0,47891.0,47891.0,8822.0,,,,,
2018,Europe and Central Asia,Red Crescent Society of Tajikistan,Tajikistan,TJK,,9128132.0,7765000282.2657,27.4,1020.0,70.353,34.5,,27.134,17.0,1.0,1.0,21.0,69.0,,5618.0,7043.0,,,12661.0,116.0,82.0,,,198.0,1583123.0,15075211.0,1502333.0,14305888.0,99256.0,945157.0,,,347658.0,3310551.0,19783.0,188378.0,,,,,,,66649.0,634661.0,433062.0,4123807.0,122905.0,1170361.0,146154.0,1391745.0,347658.0,3310551.0,71557.0,37807.0,,33750.0,2000.0,60943.0,60943.0,9821.0,,,,,
2019,Europe and Central Asia,Red Crescent Society of Tajikistan,Tajikistan,TJK,,9337003.0,8300813889.608,26.3,1070.0,70.867,33.5,,27.309,16.0,,,,,,,,,,,,,,,,,,,,,,,,,,,,,,,,,,,,,,,,,,,,,,,,,,,,,,,,
2020,Europe and Central Asia,Red Crescent Society of Tajikistan,Tajikistan,TJK,,9543207.0,8133963813.0703,,1050.0,67.994,32.5,,27.506,17.0,,,21.0,69.0,,5618.0,4658.0,,,10276.0,116.0,84.0,,,200.0,2391781.0,26684154.0,2210140.0,24657658.0,78637.0,877322.0,,,461048.0,5143734.0,153947.0,1717521.0,,,25615.0,285771.0,,,8312.0,92729.0,575854.0,6424578.0,747599.0,8340666.0,150550.0,1679631.0,52087.0,581119.0,61.0,20.0,,41.0,2850.0,62058.0,62058.0,1300.0,,,,,
2021,Europe and Central Asia,Red Crescent Society of Tajikistan,Tajikistan,TJK,,9750064.0,8937805347.1396,23.2,1160.0,71.594,31.4,,27.726,,1.0,1.0,21.0,69.0,,5217.0,6311.0,,,11528.0,104.0,51.0,,,155.0,3527724.0,43611377.0,3053213.0,37745241.0,7977.0,98617.0,,,240699.0,2975639.0,102434.0,1266335.0,,,78958.0,976110.0,9381.0,115971.0,5304.0,65572.0,1318285.0,16297256.0,1294712.0,16005839.0,159633.0,1973463.0,134838.0,1666932.0,1219.0,676.0,,543.0,1710.0,79275.0,79275.0,26500.0,,,,,
2022,Europe and Central Asia,Red Crescent Society of Tajikistan,Tajikistan,TJK,,9952787.0,10492123387.7931,22.5,1210.0,,,,27.968,,1.0,1.0,21.0,69.0,,5687.0,6313.0,,,12000.0,102.0,49.0,,,151.0,3566876.0,43260555.0,2988854.0,36250061.0,58244.0,706402.0,,,542216.0,6576223.0,214828.0,2605522.0,,,85899.0,1041815.0,,,7354.0,89191.0,598561.0,7259596.0,1010612.0,12257128.0,253250.0,3071525.0,795912.0,9653153.0,354.0,204.0,,150.0,2070.0,96075.0,96075.0,2454.0,,,,,
2023,Europe and Central Asia,Red Crescent Society of Tajikistan,Tajikistan,TJK,,,,,,,,,,,1.0,1.0,21.0,69.0,4.0,,,,,10388.0,110.0,55.0,,,165.0,2688553.0,34650765.0,2415829.0,31135826.0,95340.0,1228761.0,,,234400.0,3021007.0,231600.0,2984927.0,,,134955.0,1739340.0,,,12878.0,165975.0,1005268.0,12956155.0,820327.0,10572584.0,136980.0,1765432.0,16805.0,216584.0,354.0,204.0,,150.0,2070.0,96075.0,96075.0,74242.0,,,,,
2024,Europe and Central Asia,Red Crescent Society of Tajikistan,Tajikistan,TJK,,,,,,,,,,,,,,,,,,,,,,,,,,,,,,,,,,,,,,,,,,,,,,,,,,,,,,,,,,,,,,,,,,
2009,Asia Pacific,Timor-Leste Red Cross Society,Timor-Leste,TLS,DTL001,1074286.0,726881600.0,,2330.0,66.796,64.8,,27.389,242.0,,,,13.0,,,,,,1690.0,,,,,136.0,1110651.0,1074000.0,793357.0,767176.0,,,,,,,,,,,,,,,,,1110651.0,1074000.0,,,,,,,,,,,773.0,,,,,,,,
2010,Asia Pacific,Timor-Leste Red Cross Society,Timor-Leste,TLS,DTL001,1088486.0,881909300.0,,2860.0,65.304,71.4,58.31,27.732,376.0,,,,,,,,,,1690.0,,,,,,1935074.0,2035117.0,1806269.0,1899653.0,,,,,,,,,,,,,,,,,0.0,,,,,,,,,,,,,,,,,,,,
2011,Asia Pacific,Timor-Leste Red Cross Society,Timor-Leste,TLS,DTL001,1112976.0,1042534600.0,,3730.0,65.697,69.2,,28.079,358.0,,,,13.0,,,,,,1015.0,,,,,148.0,1584106.0,1679311.0,1781023.0,1888062.0,,,,,,,,,,,,,,,,,0.0,,,,,,,,,,,,,,,,,,,,
2012,Asia Pacific,Timor-Leste Red Cross Society,Timor-Leste,TLS,DTL001,1137676.0,1160555000.0,,3560.0,66.081,67.2,,28.428,322.0,,,,13.0,,,,,,3085.0,,,,,143.0,1806096.0,1976230.0,1746422.0,1910935.0,,,,,,,,,,,,,,,,,0.0,,,,,,,,,,,,,,,,,,,,
2013,Asia Pacific,Timor-Leste Red Cross Society,Timor-Leste,TLS,DTL001,1161555.0,1395727400.0,,3190.0,66.44,65.3,,28.779,309.0,,,,13.0,,1430.0,1428.0,,,2858.0,103.0,20.0,,,123.0,1945031.0,2180380.0,1748529.0,1960101.0,,,,,,,,,,,,,,,,,0.0,,,,,,,,,,,,,,,,,,,,
2014,Asia Pacific,Timor-Leste Red Cross Society,Timor-Leste,TLS,DTL001,1184830.0,1447535200.0,41.8,2690.0,66.787,63.5,,29.133,283.0,,,,13.0,,,,,,2858.0,,,,,144.0,2830490.0,2866522.0,2763684.0,2798866.0,,,,,,,,,,,,,,,,,0.0,,,,,,,,,,,,,,,,,,,,
2015,Asia Pacific,Timor-Leste Red Cross Society,Timor-Leste,TLS,DTL001,1205813.0,1595205100.0,,2180.0,67.137,61.6,,29.49,285.0,,,,13.0,,,,,,2858.0,,,,,154.0,2241238.0,2265085.0,2242116.0,2265972.0,,,,,,,,,,,,,,,,,0.0,,,,,,,,,,,,,,,,,,,,
2016,Asia Pacific,Timor-Leste Red Cross Society,Timor-Leste,TLS,,1224562.0,1652603700.0,,1740.0,67.446,59.7,,29.85,262.0,,,,13.0,,2125.0,2125.0,,,4250.0,138.0,37.0,,,175.0,2236000.0,2180485.0,2309747.0,2252401.0,,,,,,,,,,,,,78069.0,76131.0,,,1376603.0,1342425.0,495956.0,483642.0,48442.0,47239.0,110798.0,108047.0,2542.0,1205.0,,1337.0,1066.0,3151.0,3151.0,4620.0,,,,,
2017,Asia Pacific,Timor-Leste Red Cross Society,Timor-Leste,TLS,,1243235.0,1598208400.0,,1800.0,67.745,57.7,,30.212,256.0,1.0,1.0,15.0,13.0,,2830.0,1833.0,,0.0,4663.0,169.0,36.0,,,205.0,1885201.0,1930888.0,2683984.0,2749029.0,,,,,,,,,,,1286234.0,1317405.0,126802.0,129875.0,,,,,285864.0,292792.0,73953.0,75745.0,26736.0,27384.0,3419.0,1605.0,,1814.0,28643.0,13754.0,13754.0,16438.0,,,,,
2018,Asia Pacific,Timor-Leste Red Cross Society,Timor-Leste,TLS,,1261845.0,1566157200.0,,1820.0,68.017,55.8,,30.578,249.0,1.0,1.0,13.0,13.0,,2830.0,1833.0,,,4663.0,145.0,38.0,,,183.0,2358023.0,2394832.0,2316242.0,2352398.0,,,,,,,,,,,1470899.0,1493860.0,689682.0,700448.0,,,,,175187.0,177922.0,10831.0,11000.0,,,6551.0,3088.0,,3463.0,7329.0,5434.0,137685.0,26232.0,,,,,
2019,Asia Pacific,Timor-Leste Red Cross Society,Timor-Leste,TLS,,1280438.0,2027034000.0,,2420.0,68.268,53.9,,30.947,224.0,,,,,,,,,,,,,,,,,,,,,,,,,,,,,,,,,,,,,,,,,,,,,,,,,,,,,,,,
2020,Asia Pacific,Timor-Leste Red Cross Society,Timor-Leste,TLS,,1299995.0,2162619200.0,,2560.0,68.475,52.2,69.9,31.32,204.0,,,43.0,13.0,,327.0,403.0,,,730.0,117.0,43.0,,,160.0,1555216.0,1688754.0,1563669.0,1697933.0,5449.0,5917.0,,,,,,,,,24074.0,26141.0,32639.0,35442.0,149757.0,162616.0,501096.0,544123.0,295160.0,320504.0,31777.0,34505.0,,,125.0,39.0,,86.0,145974.0,6348.0,6348.0,140087.0,,,,,
2021,Asia Pacific,Timor-Leste Red Cross Society,Timor-Leste,TLS,,1320942.0,3621958000.0,,2390.0,67.737,50.5,,31.695,,1.0,1.0,15.0,14.0,,645.0,216.0,,,861.0,94.0,44.0,,,138.0,1971180.0,2156291.0,1744143.0,1907933.0,,,,,,,,,,,,,,,,,,,,,,,,,10708.0,4445.0,,6263.0,22131.0,741.0,741.0,7893.0,,,,,
2022,Asia Pacific,Timor-Leste Red Cross Society,Timor-Leste,TLS,,1341296.0,3204753000.0,,1980.0,,,,32.074,,1.0,1.0,17.0,14.0,,330.0,462.0,,,792.0,93.0,41.0,,,134.0,1800839.0,1952919.0,1719475.0,1864683.0,6570.0,7125.0,0.0,0.0,0.0,0.0,0.0,0.0,0.0,0.0,26116.0,28322.0,,,213771.0,231824.0,669415.0,725947.0,595321.0,645595.0,26449.0,28683.0,,,436.0,208.0,,228.0,7261.0,4479.0,4479.0,20855.0,,,,,
2023,Asia Pacific,Timor-Leste Red Cross Society,Timor-Leste,TLS,,,,,,,,,,,0.0,1.0,19.0,14.0,13.0,301.0,430.0,,,731.0,93.0,44.0,,,137.0,1725330.0,2051617.0,1673644.0,1990157.0,0.0,0.0,0.0,0.0,0.0,0.0,120213.0,142947.0,0.0,0.0,213903.0,254356.0,0.0,0.0,0.0,0.0,329658.0,392001.0,537645.0,639322.0,51071.0,60729.0,0.0,0.0,865.0,332.0,,533.0,3710.0,1729.0,1729.0,5022.0,,,,,
2024,Asia Pacific,Timor-Leste Red Cross Society,Timor-Leste,TLS,,,,,,,,,,,,,,,,,,,,,,,,,,,,,,,,,,,,,,,,,,,,,,,,,,,,,,,,,,,,,,,,,,
2010,Europe and Central Asia,Red Crescent Society of Turkmenistan,Turkmenistan,TKM,DTM001,5267970.0,22583157894.7368,,3930.0,68.293,43.2,,48.491,9.0,,,,54.0,,,,,,505.0,,,,,160.0,3366600.0,3366600.0,3322000.0,3322000.0,,,,,,,,,,,,,,,,,1786400.0,1786400.0,,,,,,,,,,,206.0,,,,,,,,
2011,Europe and Central Asia,Red Crescent Society of Turkmenistan,Turkmenistan,TKM,DTM001,5360811.0,29233333333.3333,,4560.0,68.567,42.6,,48.825,8.0,,,,57.0,,,,,,4826.0,,,,,190.0,1681570.0,1681570.0,1662370.0,1662370.0,,,,,,,,,,,,,,,,,0.0,,,,,,,,,,,,,,,,,,,,
2012,Europe and Central Asia,Red Crescent Society of Turkmenistan,Turkmenistan,TKM,DTM001,5458682.0,35164210526.3158,,5370.0,68.722,42.2,,49.175,7.0,,,,58.0,,,,,,3103.0,,,,,187.0,1418438.0,4423400.0,1166554.0,3637900.0,,,,,,,,,,,,,,,,,0.0,,,,,,,,,,,,,,,,,,,,
2013,Europe and Central Asia,Red Crescent Society of Turkmenistan,Turkmenistan,TKM,DTM001,5560095.0,39197543859.6491,,6280.0,68.74,42.1,,49.541,7.0,,,,56.0,,,,,,3429.0,,,,,181.0,2256651.0,2256651.0,2195305.0,2195305.0,,,,,,,,,,,,,,,,,0.0,,,,,,,,,,,,,,,,,,,,
2014,Europe and Central Asia,Red Crescent Society of Turkmenistan,Turkmenistan,TKM,DTM001,5663152.0,43524210526.3158,,6950.0,68.614,42.2,,49.921,6.0,,,,58.0,,,,,,3565.0,,,,,194.0,2684033.0,7746872.0,1885746.0,5442791.0,,,,,,,,,,,,,,,,,0.0,,,,,,,,,,,,,,,,,,,,
2015,Europe and Central Asia,Red Crescent Society of Turkmenistan,Turkmenistan,TKM,DTM001,5766431.0,35799714285.7143,,6790.0,68.782,42.4,,50.317,6.0,,,,58.0,,,,,,4097.0,,,,,170.0,2275639.0,2275639.0,1890433.0,1890433.0,,,,,,,,,,,,,,,,,0.0,,,,,,,,,,,,,,,,,,,,
2016,Europe and Central Asia,Red Crescent Society of Turkmenistan,Turkmenistan,TKM,,5868561.0,36169428571.4286,,6590.0,68.777,42.8,,50.728,6.0,,,,58.0,,831.0,822.0,,,1653.0,78.0,73.0,,,151.0,2020234.0,6895255.0,1459621.0,4981828.0,1157178.0,3949561.0,16381.0,55910.0,0.0,0.0,292789.0,999318.0,0.0,0.0,0.0,0.0,46518.0,158772.0,0.0,0.0,0.0,0.0,59811.0,204140.0,27800.0,94884.0,352361.0,1202641.0,10559.0,5733.0,,4826.0,102.0,10470.0,12991.0,0.0,,,,,
2017,Europe and Central Asia,Red Crescent Society of Turkmenistan,Turkmenistan,TKM,,5968383.0,37926285714.2857,,6160.0,68.916,43.2,,51.153,5.0,1.0,1.0,21.0,51.0,,465.0,535.0,,0.0,1000.0,89.0,67.0,,0.0,156.0,3475639.0,12131037.0,1514676.0,5286678.0,1134699.0,3960443.0,1349867.0,4711446.0,0.0,0.0,243063.0,848363.0,0.0,0.0,41083.0,143393.0,71258.0,248711.0,0.0,0.0,9968.0,34790.0,75655.0,264058.0,28606.0,99845.0,521423.0,1819926.0,2291.0,599.0,0.0,1692.0,188.0,27294.0,27294.0,0.0,,,,,
2018,Europe and Central Asia,Red Crescent Society of Turkmenistan,Turkmenistan,TKM,,6065066.0,40765428571.4286,,6500.0,68.796,43.2,,51.593,5.0,1.0,1.0,21.0,51.0,,418.0,556.0,,,974.0,71.0,79.0,,,150.0,3301752.0,12002662.0,1837119.0,6678370.0,1125994.0,4093257.0,740095.0,2690423.0,0.0,0.0,270550.0,983516.0,0.0,0.0,40883.0,148619.0,0.0,0.0,67980.0,247122.0,14403.0,52360.0,0.0,0.0,24843.0,90310.0,941935.0,3424159.0,2177.0,354.0,,1823.0,271.0,13438.0,13438.0,0.0,,,,,
2019,Europe and Central Asia,Red Crescent Society of Turkmenistan,Turkmenistan,TKM,,6158420.0,45232857142.8571,,6970.0,69.002,42.8,,52.048,5.0,,,21.0,51.0,,435.0,583.0,,,1018.0,70.0,64.0,,,134.0,3808382.0,13489354.0,2126435.0,7531869.0,1412622.0,5003532.0,732454.0,2594363.0,,,268506.0,951053.0,,,24533.0,86895.0,,,65229.0,231042.0,,,,,34389.0,121805.0,1270650.0,4500664.0,4567.0,2205.0,,2362.0,179.0,23673.0,23673.0,0.0,,,,,
2020,Europe and Central Asia,Red Crescent Society of Turkmenistan,Turkmenistan,TKM,,6250438.0,45818000000.0,,,68.687,42.2,,52.516,5.0,,,21.0,51.0,,1454.0,1614.0,,2.0,3070.0,74.0,60.0,,,134.0,4084912.0,15328116.0,3204346.0,12023901.0,1275329.0,4785509.0,1007679.0,3781187.0,0.0,0.0,235757.0,884647.0,0.0,0.0,40227.0,150946.0,0.0,0.0,52205.0,195893.0,26272.0,98584.0,248649.0,933023.0,34165.0,128198.0,1164630.0,4370127.0,1713.0,875.0,,838.0,273.0,17399.0,17399.0,0.0,,,,,
2021,Europe and Central Asia,Red Crescent Society of Turkmenistan,Turkmenistan,TKM,,6341855.0,50007428571.4286,,,69.264,41.4,,52.998,,1.0,1.0,21.0,51.0,,2371.0,2634.0,,,5005.0,76.0,64.0,,,140.0,3878595.0,14629583.0,2605031.0,9825858.0,1489575.0,5618494.0,1199479.0,4524289.0,,,316240.0,1192820.0,,,,,,,87178.0,328825.0,26929.0,101573.0,37107.0,139963.0,32741.0,123496.0,689345.0,2600123.0,2703.0,1472.0,,1231.0,45.0,13516.0,18516.0,1271.0,,,,,
2022,Europe and Central Asia,Red Crescent Society of Turkmenistan,Turkmenistan,TKM,,6430770.0,56542857142.8571,,,,,,53.494,,1.0,1.0,21.0,41.0,,1342.0,1844.0,,,3186.0,79.0,86.0,,,165.0,2529525.0,9205839.0,1306553.0,4755011.0,183961.0,669499.0,1609702.0,5858276.0,1394.0,5073.0,396441.0,1442788.0,,,,,,,195136.0,710169.0,23515.0,85580.0,43711.0,159079.0,38244.0,139185.0,37421.0,136190.0,3074.0,1159.0,,1915.0,250.0,21789.0,21789.0,5650.0,,,,,
2023,Europe and Central Asia,Red Crescent Society of Turkmenistan,Turkmenistan,TKM,,,,,,,,,,,1.0,1.0,23.0,39.0,6.0,1839.0,2569.0,,,4408.0,72.0,63.0,,,135.0,2923294.0,11676500.0,2717860.0,10855938.0,258832.0,1033851.0,1412798.0,5643134.0,,,363598.0,1452317.0,,,,,,,566760.0,2263807.0,30581.0,122149.0,120223.0,480205.0,40959.0,163603.0,129543.0,517434.0,1809.0,395.0,,1414.0,162.0,18972.0,59972.0,76792.0,,,,,
2024,Europe and Central Asia,Red Crescent Society of Turkmenistan,Turkmenistan,TKM,,,,,,,,,,,1.0,1.0,23.0,39.0,6.0,,,,,3210.0,65.0,58.0,0.0,,123.0,,,,,,,,,,,,,,,,,,,,,,,,,,,,,,,,,,,,,,,,,
2011,Middle East and North Africa,Tunisian Red Crescent,Tunisia,TUN,DTN001,11032528.0,48123325825.0739,,4010.0,75.46,18.0,79.65,66.938,46.0,,,,254.0,,,,,,5000.0,,,,,8.0,0.0,,0.0,,,,,,,,,,,,,,,,,,0.0,,,,,,,,,,,,,,,,,,,,
2012,Middle East and North Africa,Tunisian Red Crescent,Tunisia,TUN,DTN001,11174383.0,47311401812.6733,,4190.0,75.55,17.7,80.22,67.218,43.0,,,,264.0,,960.0,1040.0,,,2000.0,7.0,3.0,,,10.0,0.0,,0.0,,,,,,,,,,,,,,,,,,0.0,,,,,,,,,,,,,,,,,,,,
2013,Middle East and North Africa,Tunisian Red Crescent,Tunisia,TUN,DTN001,11300284.0,48685446413.953,,4240.0,75.65,17.5,,67.495,42.0,,,,264.0,,1200.0,800.0,,,2000.0,,,,,20.0,0.0,,0.0,,,,,,,,,,,,,,,,,,0.0,,,,,,,,,,,,,,,,,,,,
2014,Middle East and North Africa,Tunisian Red Crescent,Tunisia,TUN,DTN001,11428948.0,50271812920.612,,4250.0,75.65,17.3,79.04,67.772,41.0,,,,264.0,,,,,,10000.0,,,,,20.0,0.0,,0.0,,,,,,,,,,,,,,,,,,0.0,,,,,,,,,,,,,,,,,,,,
2015,Middle East and North Africa,Tunisian Red Crescent,Tunisia,TUN,DTN001,11557779.0,45779494041.9295,15.2,4070.0,75.692,17.2,,68.056,40.0,,,,264.0,,,,,,10000.0,,,,,20.0,0.0,,0.0,,,,,,,,,,,,,,,,,,0.0,,,,,,,,,,,,,,,,,,,,
2016,Middle East and North Africa,Tunisian Red Crescent,Tunisia,TUN,,11685667.0,44360072680.4476,,3870.0,75.786,17.1,,68.346,38.0,,,,9.0,,10100.0,7750.0,,,17850.0,5.0,2.0,,,7.0,,,,,,,,,,,,,,,,,,,,,,,,,,,,,47543.0,24500.0,,23043.0,,,,,,,,,
2017,Middle East and North Africa,Tunisian Red Crescent,Tunisia,TUN,,11811443.0,42163530590.9462,,3650.0,75.845,17.1,,68.642,38.0,1.0,1.0,13.0,9.0,,,,,,17850.0,,,,,7.0,,,,,,,,,,,,,,,,,,,,,,,,,,,,,,,,,,,,,,,,,
2018,Middle East and North Africa,Tunisian Red Crescent,Tunisia,TUN,,11933041.0,42686580020.8322,,3650.0,75.95,17.0,,68.945,39.0,0.0,0.0,17.0,349.0,,,,,,8000.0,,,,,7.0,,,,,,,,,,,,,,,,,,,,,,,,,,,,,7000.0,,,,,,,,,,,,
2019,Middle East and North Africa,Tunisian Red Crescent,Tunisia,TUN,,12049314.0,41905540184.424,,3540.0,75.993,16.9,,69.254,40.0,,,16.0,,,,,,,,,,,,,,,,,,,,,,,,,,,,,,,,,,,,,,,,,,,,,,,,,,,,,
2020,Middle East and North Africa,Tunisian Red Crescent,Tunisia,TUN,,12161723.0,42538289933.2162,,3220.0,75.292,16.6,,69.568,37.0,,,16.0,270.0,,,,,8000.0,8000.0,,,,,,,,,,,,,,,,,,,,,,,,,,,,,,,,,,,,,,,,,10000.0,,,,,
2021,Middle East and North Africa,Tunisian Red Crescent,Tunisia,TUN,,12262946.0,46687293140.3377,16.6,3560.0,73.772,16.3,,69.888,,,,,,,,,,,,,,,,,,,,,,,,,,,,,,,,,,,,,,,,,,,,,,,,,,,,,,,,,
2022,Middle East and North Africa,Tunisian Red Crescent,Tunisia,TUN,,12356117.0,46303552449.3542,,3830.0,,,83.56,70.214,,,,,,,,,,,,,,,,,,,,,,,,,,,,,,,,,,,,,,,,,,,,,,,,,,,,,,,,,
2023,Middle East and North Africa,Tunisian Red Crescent,Tunisia,TUN,,,,,,,,,,,,,,,,,,,,,,,,,,,,,,,,,,,,,,,,,,,,,,,,,,,,,,,,,,,,,,,,,,
2012,Asia Pacific,Tonga Red Cross Society,Tonga,TON,DTO001,107502.0,470705196.4327,,4130.0,70.442,12.8,,23.435,92.0,,,,3.0,,100.0,200.0,,,300.0,6.0,14.0,,,20.0,302985.0,573763.0,362328.0,686140.0,,,,,,,,,,,,,,,,,0.0,,,,,,,,,,,,,,,,,,,,
2013,Asia Pacific,Tonga Red Cross Society,Tonga,TON,DTO001,107089.0,450650633.0414,,4320.0,70.505,12.6,,23.382,93.0,,,,3.0,,600.0,300.0,,,900.0,6.0,11.0,,,17.0,516840.0,1075286.0,439902.0,915217.0,,,,,,,,,,,,,,,,,0.0,,,,,,,,,,,,,,,,,,,,
2014,Asia Pacific,Tonga Red Cross Society,Tonga,TON,DTO001,106626.0,439877614.4192,,4350.0,70.54,12.5,,23.328,94.0,,,,3.0,,,,,,500.0,,,,,20.0,0.0,,0.0,,,,,,,,,,,,,,,,,,0.0,,,,,,,,,,,,,,,,,,,,
2015,Asia Pacific,Tonga Red Cross Society,Tonga,TON,DTO001,106122.0,437003078.5636,,4210.0,70.607,12.4,,23.275,86.0,,,,5.0,,,,,,500.0,,,,,20.0,413616.0,949653.0,426258.0,978679.0,,,,,,,,,,,,,,,,,0.0,,,,,,,,,,,,,,,,,,,,
2016,Asia Pacific,Tonga Red Cross Society,Tonga,TON,,105707.0,420548712.4333,,4220.0,70.661,12.2,,23.222,84.0,,,,6.0,,40.0,50.0,,,90.0,5.0,16.0,,,21.0,,,,,,,,,,,,,,,,,,,,,,,,,,,,,,,,,,,,,,,,,
2017,Asia Pacific,Tonga Red Cross Society,Tonga,TON,,105415.0,460374354.8472,,4440.0,70.713,12.1,,23.169,84.0,1.0,1.0,6.0,6.0,,98.0,103.0,,,201.0,7.0,9.0,,,16.0,,,,,,,,,,,,,,,,,,,,,,,,,,,,,1992.0,881.0,,1111.0,12000.0,37600.0,37600.0,14000.0,,,,,
2018,Asia Pacific,Tonga Red Cross Society,Tonga,TON,,105150.0,488906838.5949,,4710.0,70.779,11.9,,23.131,84.0,1.0,1.0,5.0,4.0,,50.0,66.0,,,116.0,4.0,13.0,,,17.0,,,,,,,,,,,,,,,,,,,,,,,,,,,,,690.0,383.0,,307.0,12000.0,12000.0,12000.0,12000.0,,,,,
2019,Asia Pacific,Tonga Red Cross Society,Tonga,TON,,104951.0,512053692.0787,,5130.0,70.871,11.7,,23.107,125.0,,,4.0,4.0,,85.0,101.0,,,186.0,6.0,10.0,,,16.0,321131.0,731742.0,304725.0,694360.0,,,,,,,,,,,,,,,,,,,,,,,,,301.0,169.0,,132.0,901.0,347.0,347.0,830.0,,,,,
2020,Asia Pacific,Tonga Red Cross Society,Tonga,TON,,105254.0,484796854.9188,,5200.0,70.928,11.4,,23.099,126.0,,,4.0,4.0,,85.0,101.0,,,186.0,5.0,14.0,,,19.0,,1562000.0,,,,3000.0,,,,,,,,,,,,10000.0,,1000.0,,,,54000.0,,48000.0,,116000.0,193.0,116.0,,77.0,892.0,338.0,338.0,767.0,,,,,
2021,Asia Pacific,Tonga Red Cross Society,Tonga,TON,,106017.0,469228219.6658,,4930.0,70.986,11.1,99.4,23.104,,1.0,1.0,6.0,4.0,,56.0,69.0,,,125.0,6.0,13.0,,,19.0,304190.0,733595.0,261525.0,630703.0,,,,,,,,,,,,,30872.0,74452.0,,,,,66953.0,161466.0,21098.0,50880.0,168681.0,406797.0,,,,,,,,,,,,,
2022,Asia Pacific,Tonga Red Cross Society,Tonga,TON,,106858.0,,,,,,,23.125,,1.0,1.0,6.0,4.0,,56.0,69.0,,,125.0,6.0,12.0,,,18.0,,,,,,,,,,,,,,,,,,,,,,,,,,,,,,,,,,,,,,,,,
2023,Asia Pacific,Tonga Red Cross Society,Tonga,TON,,,,,,,,,,,1.0,1.0,6.0,4.0,3.0,6.0,10.0,,,16.0,5.0,12.0,,,17.0,1097933.0,2988061.0,1022696.0,2783300.0,,,,,,,,,,,,,38206.0,103980.0,30822.0,83884.0,81529.0,221885.0,932152.0,2536882.0,11218.0,30531.0,4005.0,10899.0,1349.0,,,,58.0,91.0,91.0,,,,,,
2024,Asia Pacific,Tonga Red Cross Society,Tonga,TON,,,,,,,,,,,,,,,,,,,,,,,,,,,,,,,,,,,,,,,,,,,,,,,,,,,,,,,,,,,,,,,,,,
2010,Europe and Central Asia,Turkish Red Crescent Society,Turkey,TUR,DTR001,73142150.0,776967266305.53,16.1,10380.0,75.069,18.1,92.66,70.825,22.0,,,,857.0,,,,,,8134.0,1986.0,1369.0,,,3355.0,330954977.0,542468302.0,234141099.0,383780675.0,,,,,,,,,,,,,,,,,0.0,,,,,,,,,,,,,,,,,,,,
2011,Europe and Central Asia,Turkish Red Crescent Society,Turkey,TUR,DTR001,74223629.0,838785289694.35,16.3,11190.0,74.941,16.9,94.11,71.402,23.0,,,,881.0,,,,,,10027.0,1760.0,1390.0,,,3150.0,300540166.0,610637509.0,219774528.0,446537886.0,,,,,,,,,,,,,,,,,0.0,,,,,,,,,,,,,,,,,,,,
2012,Europe and Central Asia,Turkish Red Crescent Society,Turkey,TUR,DTR001,75175827.0,880555885492.269,15.0,11880.0,75.678,15.8,94.92,71.974,21.0,,,,846.0,,,,,,11367.0,1957.0,1523.0,,,3480.0,129740949.0,253825192.0,25133698.0,49171567.0,,,,,,,,,,,,,,,,,0.0,,,,,,,,,,,,,,,,,,,,
2013,Europe and Central Asia,Turkish Red Crescent Society,Turkey,TUR,DTR001,76147624.0,957799120008.32,15.0,12570.0,76.297,14.7,95.26,72.531,20.0,,,,750.0,,,,,,10133.0,2267.0,1621.0,,,3888.0,271436209.0,653998401.0,260177632.0,626871987.0,,,,,,,,,,,,,,,,,907807.0,2187271.0,,,,,,,,,,,4440445.0,,,,,,,,
2014,Europe and Central Asia,Turkish Red Crescent Society,Turkey,TUR,DTR001,77181884.0,938934609296.966,14.7,12630.0,76.565,13.8,95.44,73.077,19.0,,,,690.0,,,,,,13032.0,,,,,4146.0,512556795.0,1204262441.0,499511183.0,1173611514.0,,,,,,,,,,,,,,,,,0.0,,,,,,,,,,,,,,,,,,,,
2015,Europe and Central Asia,Turkish Red Crescent Society,Turkey,TUR,DTR001,78218479.0,864313810469.009,14.3,12080.0,76.646,13.0,95.6,73.611,19.0,,,,679.0,,,,,,16674.0,,,,,4160.0,202215166.0,594045470.0,202215166.0,594045470.0,,,,,,,,,,,,,,,,,0.0,,,,,,,,,,,,,,,,,,,,
2016,Europe and Central Asia,Turkish Red Crescent Society,Turkey,TUR,,79277962.0,869682881593.041,13.5,11340.0,76.66,12.2,96.17,74.134,20.0,,,,689.0,,6198.0,5905.0,,,12103.0,2502.0,1852.0,,,4354.0,359822559.0,1238627609.0,351514317.0,1210027908.0,,,,,,,,,,,,,,,,,,,,,,,,,28468.0,,,,10873953.0,125817.0,125817.0,368773.0,,,,,
2017,Europe and Central Asia,Turkish Red Crescent Society,Turkey,TUR,,80312698.0,858988492853.742,13.9,11090.0,77.141,11.4,96.15,74.644,17.0,1.0,1.0,11.0,374.0,,,,,,66007.0,2698.0,2043.0,,0.0,4741.0,868129297.0,3363290950.0,779721462.0,3020782904.0,,,,,,,,,,,,,,,,,,,,,,,,,52007.0,,,,1897365.0,1788.0,1788.0,383909.0,,,,,
2018,Europe and Central Asia,Turkish Red Crescent Society,Turkey,TUR,,81407204.0,778972199727.859,14.4,10650.0,77.563,10.7,,75.143,17.0,1.0,1.0,11.0,552.0,,45167.0,37129.0,,,82296.0,2835.0,2174.0,,,5009.0,911364271.0,4868658961.0,853894488.0,4561645859.0,,,,,,,,,,,,,,,,,,,,,,,,,,,,,,,,3183212.0,,,,,
2019,Europe and Central Asia,Turkish Red Crescent Society,Turkey,TUR,,82579440.0,761005946788.221,15.0,9800.0,77.832,10.1,96.74,75.63,17.0,,,11.0,1007.0,,60129.0,66157.0,,,126286.0,7293.0,3949.0,,,11242.0,950679833.0,5793154545.0,892781979.0,5440342580.0,,,,,,,,,,,,,,,,,,,,,,,,,332721.0,9981.0,,322740.0,570385.0,65082.0,65082.0,307909.0,,,,,
2020,Europe and Central Asia,Turkish Red Crescent Society,Turkey,TUR,,83384680.0,720338498174.744,14.4,9160.0,75.85,9.5,,76.105,17.0,,,11.0,1204.0,,74809.0,74885.0,,,149694.0,7238.0,4205.0,,,11443.0,782992203.0,6586685197.0,794448122.0,6683054654.0,,,,,,,,,,,,,,,,,,,,,,,,,1409061.0,387962.0,,1021099.0,18360385.0,426498.0,426498.0,5555269.0,,,,,
2021,Europe and Central Asia,Turkish Red Crescent Society,Turkey,TUR,,84147318.0,819865253669.661,,10010.0,76.032,9.0,,76.569,,1.0,1.0,16.0,1476.0,570.0,,,,,186070.0,7765.0,4364.0,,,12129.0,879980612.0,8073735118.0,825689326.0,7575617943.0,49810365.0,457005176.0,69981804.0,642076133.0,5562276.0,51033336.0,64344539.0,590354784.0,0.0,0.0,20344757.0,186661134.0,0.0,0.0,0.0,0.0,0.0,0.0,354207754.0,3249821128.0,0.0,0.0,69133440.0,634292480.0,3919187.0,,,,4193095.0,1254751.0,1254751.0,546470.0,,,,,
2022,Europe and Central Asia,Turkish Red Crescent Society,Turkey,TUR,,84979913.0,907118435952.688,,10640.0,,,,77.022,,1.0,1.0,16.0,1687.0,,,,,,242342.0,9698.0,5826.0,,,15524.0,815847715.0,12288343706.0,787094228.0,11855257082.0,,,,,,,,,,,,,,,,,,,,,,,,,4800905.0,,,,4720936.0,195005.0,195005.0,312871.0,,,,,
2023,Europe and Central Asia,Turkish Red Crescent Society,Turkey,TUR,,,,,,,,,,,1.0,1.0,16.0,1806.0,551.0,127313.0,199801.0,,,327114.0,7886.0,4694.0,,,12580.0,890810940.0,31251041580.0,718695059.0,25212947154.0,,,,,,,,,,,,,,,,,,,,,,,,,1557068.0,,,,2766923.0,156972.0,156972.0,1753182.0,,,,,
2024,Europe and Central Asia,Turkish Red Crescent Society,Turkey,TUR,,,,,,,,,,,1.0,1.0,16.0,1779.0,513.0,77766.0,127041.0,,171616.0,376423.0,5275.0,3996.0,,,9271.0,829791126.0,32329057426.0,816317034.0,31804100397.0,,,,,,,,,,,,,,,,,,,,,,,,,501777.0,,,,813169.0,400241.0,400241.0,238656.0,,,,,
2009,Americas,The Trinidad and Tobago Red Cross Society,Trinidad and Tobago,TTO,DTT001,1320921.0,19172165225.5015,,16200.0,71.71,23.6,,54.213,74.0,,,,4.0,,,,,,1291.0,,,,,67.0,0.0,,0.0,,,,,,,,,,,,,,,,,,0.0,,,,,,,,,,,,,,,,,,,,
2012,Americas,The Trinidad and Tobago Red Cross Society,Trinidad and Tobago,TTO,DTT001,1430377.0,27334581560.2837,,16890.0,73.716,21.5,,53.671,41.0,,,,3.0,,,,,,187.0,,,,,24.0,0.0,,0.0,,,,,,,,,,,,,,,,,,0.0,,,,,,,,,,,,,,,,,,,,
2013,Americas,The Trinidad and Tobago Red Cross Society,Trinidad and Tobago,TTO,DTT001,1440729.0,28709988700.2142,,18860.0,73.962,20.8,,53.53,37.0,,,,4.0,,138.0,49.0,,,187.0,7.0,12.0,,,19.0,850479.0,6060000.0,752659.0,5363000.0,,,,,,,,,,,,,,,,,0.0,,,,,,,,,,,,,,,,,,,,
2014,Americas,The Trinidad and Tobago Red Cross Society,Trinidad and Tobago,TTO,DTT001,1450661.0,29699968760.7278,,19290.0,74.215,20.2,,53.413,35.0,,,,25.0,,,,,,129.0,,,,,23.0,821969.0,5207502.0,879053.0,5569152.0,,,,,,,,,,,,,,,,,0.0,,,,,,,,,,,,,,,,,,,,
2015,Americas,The Trinidad and Tobago Red Cross Society,Trinidad and Tobago,TTO,DTT001,1460177.0,27026080986.578,,19170.0,74.503,19.6,,53.319,31.0,,,,4.0,,,,,,8957.0,12.0,26.0,,,38.0,829534.0,5273304.0,897410.0,5704793.0,,,,,,,,,,,,,,,,,0.0,,,,,,,,,,,,1052.0,,,,,,,,
2016,Americas,The Trinidad and Tobago Red Cross Society,Trinidad and Tobago,TTO,,1469330.0,23713671528.1421,,16550.0,74.281,19.0,,53.25,29.0,,,,4.0,,,,,,220.0,,,,,38.0,,,,,,,,,,,,,,,,,,,,,,,,,,,,,,,,,,,,,,,,,
2017,Americas,The Trinidad and Tobago Red Cross Society,Trinidad and Tobago,TTO,,1478607.0,24040299977.8745,,15640.0,74.23,18.5,,53.205,28.0,1.0,1.0,12.0,4.0,,,,,,220.0,,,,,30.0,,,,,,,,,,,,,,,,,,,,,,,,,,,,,,,,,,,,,,,,,
2018,Americas,The Trinidad and Tobago Red Cross Society,Trinidad and Tobago,TTO,,1504709.0,24569079488.3913,,15430.0,73.802,17.9,,53.184,28.0,1.0,1.0,15.0,3.0,,90.0,160.0,,0.0,250.0,8.0,13.0,,0.0,21.0,812712.0,5542153.0,825558.0,5629750.0,,,,,,,,,,,,,,,,,,,,,,,,,2980.0,1393.0,0.0,1587.0,139.0,1000.0,1000.0,0.0,,,,,
2019,Americas,The Trinidad and Tobago Red Cross Society,Trinidad and Tobago,TTO,,1519955.0,23775754304.6652,,15740.0,74.228,17.4,,53.187,26.0,,,32.0,3.0,,0.0,0.0,,0.0,0.0,14.0,23.0,,0.0,37.0,805574.0,5467600.0,893843.0,6066700.0,1261.0,8561.0,16289.0,110555.0,,,,,18622.0,126389.0,,,,,506884.0,3440327.0,,,118501.0,804290.0,,,,,348.0,196.0,0.0,152.0,4000.0,4000.0,4000.0,0.0,,,,,
2020,Americas,The Trinidad and Tobago Red Cross Society,Trinidad and Tobago,TTO,,1518147.0,20807571314.3043,,13670.0,74.406,16.8,,53.214,27.0,,,28.0,3.0,,,,,,,14.0,23.0,,,37.0,1219343.0,8819651.0,1270190.0,9187433.0,8720.0,63076.0,119601.0,865089.0,0.0,0.0,143899.0,1040837.0,0.0,0.0,0.0,0.0,129980.0,940163.0,47653.0,344677.0,0.0,0.0,175180.0,1267100.0,10681.0,77259.0,33572.0,242833.0,471.0,255.0,,216.0,47334.0,3390.0,3390.0,47334.0,,,,,
2021,Americas,The Trinidad and Tobago Red Cross Society,Trinidad and Tobago,TTO,,1525663.0,24496505940.6673,,14850.0,72.971,16.3,,53.265,,0.0,0.0,,3.0,,,,,,,,,,,,443780.0,3235161.0,944324.0,6884131.0,,,,,,,,,,,,,,,,,,,,,,,,,,,,,,14454.0,14454.0,32731.0,,,,,
2022,Americas,The Trinidad and Tobago Red Cross Society,Trinidad and Tobago,TTO,,1531044.0,30053575132.142,,16190.0,,,,53.34,,0.0,0.0,,3.0,,,,,,,,,,,,,,,,,,,,,,,,,,,,,,,,,,,,,,,,,,,,,927.0,927.0,3119.0,,,,,
2023,Americas,The Trinidad and Tobago Red Cross Society,Trinidad and Tobago,TTO,,,,,,,,,,,0.0,1.0,22.0,3.0,3.0,164.0,603.0,,65.0,832.0,13.0,21.0,,,34.0,807897.0,6405120.0,899106.0,7128240.0,3121.0,24746.0,13726.0,108818.0,45086.0,357450.0,211266.0,1674949.0,,,18920.0,150000.0,250951.0,1989576.0,19433.0,154068.0,,,75384.0,597652.0,,,90861.0,720361.0,2252.0,1464.0,,788.0,4510.0,3528.0,3528.0,1569.0,,,,,
2024,Americas,The Trinidad and Tobago Red Cross Society,Trinidad and Tobago,TTO,,,,,,,,,,,,,,,,,,,,,,,,,,686947.0,5058577.0,859081.0,6326143.0,,,,,,,,,,,,,,,,,,,,,,,,,,,,,,,,,,,,,
2015,Asia Pacific,Tuvalu Red Cross Society,Tuvalu,TUV,DTV001,10877.0,36811936.0825,,5690.0,64.06,26.1,,59.73,,,,,8.0,,,,,,,,,,,,0.0,,0.0,,,,,,,,,,,,,,,,,,0.0,,,,,,,,,,,,,,,,,,,,
2016,Asia Pacific,Tuvalu Red Cross Society,Tuvalu,TUV,,10852.0,41629064.2232,,5490.0,64.108,25.3,,60.645,,,,,9.0,,,,,,,2.0,2.0,,,4.0,,,,,,,,,,,,,,,,,,,,,,,,,,,,,,,,,,,,,,,,,
2017,Asia Pacific,Tuvalu Red Cross Society,Tuvalu,TUV,,10828.0,45276595.3533,,5350.0,64.148,24.3,,61.53,,1.0,1.0,10.0,8.0,,120.0,80.0,,,200.0,3.0,4.0,,,7.0,,,,,,,,,,,,,,,,,,,,,,,,,,,,,159.0,,,,,,,,,,,,
2018,Asia Pacific,Tuvalu Red Cross Society,Tuvalu,TUV,,10865.0,48015259.8751,,6160.0,64.212,23.6,,62.387,,0.0,1.0,10.0,8.0,,,,,,,,,,,,,,,,,,,,,,,,,,,,,,,,,,,,,,,,,,,,,900.0,900.0,,,,,,
2019,Asia Pacific,Tuvalu Red Cross Society,Tuvalu,TUV,,10956.0,54123198.5663,,6650.0,64.278,22.7,,63.215,,,,10.0,8.0,,,,,478.0,478.0,2.0,3.0,,,5.0,115520.0,115520.0,113411.0,113411.0,2413.0,2413.0,,,10016.0,10016.0,,,,,,,,,2538.0,2538.0,46273.0,46273.0,15575.0,15575.0,21729.0,21729.0,,,54.0,,54.0,,925.0,187.0,187.0,,,,,,
2020,Asia Pacific,Tuvalu Red Cross Society,Tuvalu,TUV,,11069.0,51746594.3149,,6470.0,64.382,21.9,,64.014,,,,10.0,8.0,,229.0,249.0,,,478.0,,6.0,,,6.0,130493.0,130493.0,120514.0,120514.0,12094.0,12094.0,,,,,,,,,,,,,1633.0,1633.0,53889.0,53889.0,20287.0,20287.0,20908.0,20908.0,4772.0,4772.0,44.0,18.0,,26.0,2342.0,1124.0,1124.0,1200.0,,,,,
2021,Asia Pacific,Tuvalu Red Cross Society,Tuvalu,TUV,,11204.0,60196405.7138,,6830.0,64.547,21.3,,64.785,,1.0,1.0,9.0,8.0,,112.0,140.0,,,252.0,1.0,8.0,,,9.0,196369.0,196369.0,232434.0,232434.0,,,,,,,,,,,,,,,,,106887.0,106887.0,10933.0,10933.0,51988.0,51988.0,9961.0,9961.0,,,,,88.0,98.0,98.0,2584.0,,,,,
2022,Asia Pacific,Tuvalu Red Cross Society,Tuvalu,TUV,,11312.0,59065979.0228,,7160.0,,,,65.527,,1.0,1.0,8.0,8.0,,38.0,25.0,,125.0,188.0,1.0,7.0,,,8.0,183504.0,292441.0,177305.0,282562.0,,,10844.0,17281.0,,,58733.0,93600.0,,,,,,,,,,,7545.0,12024.0,40082.0,63877.0,46825.0,74622.0,,,,,,,1000.0,500.0,,,,,
2023,Asia Pacific,Tuvalu Red Cross Society,Tuvalu,TUV,,,,,,,,,,,1.0,1.0,8.0,8.0,8.0,52.0,83.0,,,135.0,,7.0,,,7.0,99980.0,174271.0,117830.0,205385.0,1538.0,2681.0,1355.0,2362.0,,,,,3314.0,5777.0,,,,,3119.0,5436.0,63747.0,111116.0,,,12584.0,21935.0,,,30.0,10.0,,20.0,11000.0,1000.0,1000.0,1927.0,,,,,
2024,Asia Pacific,Tuvalu Red Cross Society,Tuvalu,TUV,,,,,,,,,,,,,,,,,,,,,,,,,,,,,,,,,,,,,,,,,,,,,,,,,,,,,,,,,,,,,,,,,,
2012,Africa,Tanzania Red Cross National Society,"Tanzania, United Republic of",TZA,DTZ001,47786137.0,39650394362.9287,,800.0,62.03,65.2,78.1,29.493,394.0,,,,300.0,,,,,,30000.0,120.0,180.0,,,300.0,4701848.0,8000000000.0,4695971.0,7990000000.0,,,,,,,,,,,,,,,,,1528101.0,2600000000.0,,,,,,,,,,,130000.0,,,,,,,,
2013,Africa,Tanzania Red Cross National Society,"Tanzania, United Republic of",TZA,DTZ001,49253643.0,45648857242.315,,880.0,62.96,62.5,,30.196,380.0,,,,293.0,,,,,,12000.0,,,,,350.0,1662214.0,2911200000.0,1662214.0,2911200000.0,,,,,,,,,,,,,,,,,0.0,,,,,,,,,,,,,,,,,,,,
2014,Africa,Tanzania Red Cross National Society,"Tanzania, United Republic of",TZA,DTZ001,50814552.0,49986726460.6805,,960.0,63.873,59.8,,30.904,352.0,,,,400.0,,28000.0,12000.0,,,40000.0,161.0,260.0,,,421.0,6044344.0,10342412820.0,5849365.0,10008786600.0,,,,,,,,,,,,,,,,,0.0,,,,,,,,,,,,20000.0,,,,,,,,
2015,Africa,Tanzania Red Cross National Society,"Tanzania, United Republic of",TZA,DTZ001,52542823.0,47413919817.124,,960.0,64.651,58.0,77.89,31.617,330.0,,,,470.0,,22308.0,14873.0,,,37181.0,228.0,340.0,,,568.0,7328100.0,15600000000.0,6482550.0,13800000000.0,,,,,,,,,,,,,,,,,0.0,,,,,,,,,,,,250000.0,,,,,,,,
2016,Africa,Tanzania Red Cross National Society,"Tanzania, United Republic of",TZA,,54401802.0,49774409374.4538,,950.0,65.386,55.8,,32.333,298.0,,,,674.0,,1611.0,2270.0,,,3881.0,286.0,181.0,,,467.0,23694511.0,49260938212.0,23694511.0,49260938212.0,0.0,0.0,0.0,0.0,0.0,0.0,3169494.0,6589385237.0,61183.0,127200000.0,13773759.0,28635674608.0,0.0,0.0,1504489.0,3127836554.0,1240458.0,2578915200.0,2501200.0,5200000000.0,621.0,1290058.0,1443306.0,3000636554.0,1077.0,402.0,,675.0,102868.0,,,,,,,,
2017,Africa,Tanzania Red Cross National Society,"Tanzania, United Republic of",TZA,,56267032.0,53274884532.7886,,950.0,65.999,53.9,,33.053,280.0,1.0,1.0,9.0,300.0,,1610.0,2269.0,,0.0,3879.0,367.0,214.0,,,581.0,10840108.0,24749104931.0,10705128.0,24440931309.0,0.0,0.0,0.0,0.0,0.0,0.0,3240760.0,7398995103.0,204712.0,467378239.0,6340619.0,14476300000.0,0.0,0.0,0.0,0.0,885383.0,2021421332.0,0.0,0.0,168634.0,385010258.0,0.0,0.0,274.0,120.0,0.0,154.0,,4000.0,4000.0,3100.0,,,,,
2018,Africa,Tanzania Red Cross National Society,"Tanzania, United Republic of",TZA,,58090443.0,57003712892.0858,26.4,1000.0,66.535,51.9,,33.776,267.0,1.0,1.0,10.0,278.0,,,,,,28935.0,329.0,343.0,,,672.0,8068588.0,18807897966.0,7863944.0,18330871135.0,,,,,,,2516587.0,5866170321.0,,,2510193.0,5851266535.0,,,270926.0,631530000.0,1119641.0,2609886195.0,1100485.0,2565233618.0,492983.0,1149145208.0,57772.0,134666089.0,768.0,371.0,,397.0,2700.0,0.0,0.0,0.0,,,,,
2019,Africa,Tanzania Red Cross National Society,"Tanzania, United Republic of",TZA,,59872579.0,61026731925.9213,,1040.0,66.989,50.4,,34.5,262.0,,,,,,,,,,,,,,,,,,,,,,,,,,,,,,,,,,,,,,,,,,,,,,,,,,,,,,,,
2020,Africa,Tanzania Red Cross National Society,"Tanzania, United Republic of",TZA,,61704518.0,66068737786.0639,,1050.0,66.408,49.0,,35.227,238.0,,,21.0,1347.0,,33753.0,20987.0,,,54740.0,324.0,211.0,,,535.0,7004967.0,17556309266.0,6825177.0,17105705700.0,,,91369.0,228995420.0,,,2615508.0,6555158455.0,,,,,98060.0,245764882.0,478298.0,1198741206.0,1266957.0,3175331654.0,1448307.0,3629842933.0,285964.0,716702733.0,,,1619.0,741.0,,878.0,10103.0,1275.0,1275.0,236424.0,,,,,
2021,Africa,Tanzania Red Cross National Society,"Tanzania, United Republic of",TZA,,63588334.0,70655628147.8986,,1120.0,66.201,47.1,,35.954,,,,,,,,,,,,,,,,,,,,,,,,,,,,,,,,,,,,,,,,,,,,,,,,,,,,,,,,,
2022,Africa,Tanzania Red Cross National Society,"Tanzania, United Republic of",TZA,,65497748.0,75732311666.039,,1200.0,,,82.02,36.682,,1.0,1.0,21.0,1489.0,,64835.0,70238.0,,,135073.0,,,,,523.0,3061790.0,7673657958.0,2891287.0,7246334473.0,11918.0,29870750.0,68092.0,170657125.0,,,1133220.0,2840150735.0,,,,,43160.0,108169838.0,121203.0,303765961.0,1460526.0,3660466608.0,733.0,1836748.0,82163.0,205921897.0,140775.0,352818296.0,321.0,176.0,,145.0,6000.0,53386.0,53386.0,415555.0,,,,,
2023,Africa,Tanzania Red Cross National Society,"Tanzania, United Republic of",TZA,,,,,,,,,,,1.0,1.0,20.0,1576.0,31.0,71351.0,71913.0,,,143264.0,112.0,70.0,,,182.0,2844048.0,8464428854.0,2463469.0,7331751910.0,,,107691.0,320508772.0,,,721260.0,2146607897.0,,,,,,,314059.0,934699048.0,1168276.0,3477012265.0,376826.0,1121506845.0,155936.0,464094027.0,,,,,,,,,,,,,,,
2024,Africa,Tanzania Red Cross National Society,"Tanzania, United Republic of",TZA,,,,,,,,,,,1.0,1.0,19.0,1489.0,31.0,78417.0,40312.0,,,118729.0,111.0,77.0,,,188.0,2413856.0,6454642000.0,2412728.0,6451625150.0,,,,,,,794691.0,2125000000.0,,,,,,,94022.0,251415000.0,925621.0,2475108000.0,599522.0,1603119000.0,,,,,100.0,37.0,,63.0,51287.0,89759.0,843937.0,5640327.0,,,,,
2010,Europe and Central Asia,Ukrainian Red Cross Society,Ukraine,UKR,DUA001,45870741.0,141209170427.233,,3030.0,70.2654,11.7,,68.596,17.0,,,,666.0,,,,,,7000.0,,,,,4000.0,0.0,,0.0,,,,,,,,,,,,,,,,,,0.0,,,,,,,,,,,,,,,,,,,,
2011,Europe and Central Asia,Ukrainian Red Cross Society,Ukraine,UKR,DUA001,45706086.0,169333835201.554,,3150.0,70.8093,11.2,,68.689,15.0,,,,666.0,,,,,,70000.0,,,,,4000.0,18798864.0,18798864.0,0.0,,,,,,,,,,,,,,,,,,0.0,,,,,,,,,,,,,,,,,,,,
2012,Europe and Central Asia,Ukrainian Red Cross Society,Ukraine,UKR,DUA001,45593342.0,182591753827.949,,3650.0,70.9441,10.6,99.97,68.782,17.0,,,,662.0,,,,,,60000.0,,,,,4000.0,19349246.0,167727000.0,19338309.0,167632200.0,,,,,,,,,,,,,,,,,0.0,,,,,,,,,,,,,,,,,,,,
2013,Europe and Central Asia,Ukrainian Red Cross Society,Ukraine,UKR,DUA001,45489648.0,190498811460.028,,3950.0,71.1595,10.2,,68.875,16.0,,,,662.0,,,,,,60000.0,,,,,4089.0,18147559.0,167727000.0,18137302.0,167632200.0,,,,,,,,,,,,,,,,,0.0,,,,,,,,,,,,,,,,,,,,
2014,Europe and Central Asia,Ukrainian Red Cross Society,Ukraine,UKR,DUA001,45272155.0,133503871861.723,,3560.0,71.1866,9.8,,68.968,12.0,,,,608.0,,,,,,60000.0,,,,,4000.0,16063272.0,252532300.0,16060677.0,252491500.0,,,,,,,,,,,,,,,,,0.0,,,,,,,,,,,,,,,,,,,,
2015,Europe and Central Asia,Ukrainian Red Cross Society,Ukraine,UKR,DUA001,45154036.0,91030967789.0717,,2800.0,71.1895,9.4,,69.061,11.0,,,,608.0,,,,,,62000.0,,,,,4100.0,11518886.0,274307300.0,11393908.0,271331100.0,,,,,,,,,,,,,,,,,0.0,,,,,,,,,,,,,,,,,,,,
2016,Europe and Central Asia,Ukrainian Red Cross Society,Ukraine,UKR,,45004673.0,93355869403.9223,,2360.0,71.4763,9.2,,69.154,10.0,,,,614.0,,,,,,435.0,142.0,3411.0,,,3553.0,22258599.0,582518100.0,24296021.0,635838400.0,3965901.0,103789500.0,,,,,,,,,,,,,93399.0,2444300.0,12361955.0,323518220.0,2042979.0,53465730.0,519393.0,13592750.0,222912.0,5833700.0,8886.0,,,,159840.0,20.0,20.0,72.0,,,,,
2017,Europe and Central Asia,Ukrainian Red Cross Society,Ukraine,UKR,,44831135.0,112090505081.739,,2360.0,71.781,8.9,,69.246,11.0,1.0,1.0,93.0,490.0,,1005.0,1571.0,,,2576.0,,,,,675.0,13148774.0,377047400.0,12521893.0,359071300.0,788499.0,22610600.0,0.0,0.0,0.0,0.0,5590794.0,160318700.0,0.0,0.0,0.0,0.0,4882.0,140000.0,0.0,0.0,0.0,0.0,799115.0,22915000.0,873143.0,25037800.0,4969336.0,142498100.0,17772.0,,,,44164.0,20448.0,20448.0,23176.0,,,,,
2018,Europe and Central Asia,Ukrainian Red Cross Society,Ukraine,UKR,,44622518.0,130891088293.55,,2750.0,71.5827,8.7,,69.352,11.0,1.0,1.0,83.0,352.0,,993.0,1507.0,,0.0,2500.0,95.0,507.0,,0.0,602.0,12118208.0,339331530.0,11660324.0,326509960.0,541678.0,15167960.0,1939975.0,54322770.0,3576994.0,100162230.0,0.0,0.0,0.0,0.0,201647.0,5646464.0,0.0,0.0,63535.0,1779098.0,3656397.0,102385662.0,1274392.0,35685272.0,484231.0,13559337.0,19427.0,544001.0,69156.0,,,,24460.0,15000.0,30000.0,0.0,,,,,
2019,Europe and Central Asia,Ukrainian Red Cross Society,Ukraine,UKR,,44386203.0,153883047509.577,,3310.0,71.8273,8.5,,69.473,9.0,,,,,,,,,,,,,,,,,,,,,,,,,,,,,,,,,,,,,,,,,,,,,,,,,,,,,,,,
2020,Europe and Central Asia,Ukrainian Red Cross Society,Ukraine,UKR,,44132049.0,156617722013.342,1.6,3570.0,71.1851,8.4,,69.608,17.0,,,75.0,224.0,,1013.0,1707.0,,,2720.0,73.0,462.0,,,535.0,10099067.0,10099067.0,10500110.0,10500110.0,1327587.0,1327587.0,470511.0,470511.0,2628391.0,2628391.0,0.0,0.0,0.0,0.0,0.0,0.0,0.0,0.0,63731.0,63731.0,3940913.0,3940913.0,865006.0,865006.0,419977.0,419977.0,350420.0,350420.0,8624.0,5117.0,,3507.0,25643.0,5341.0,5341.0,47227.0,,,,,
2021,Europe and Central Asia,Ukrainian Red Cross Society,Ukraine,UKR,,43822901.0,199765859570.935,,4110.0,69.6478,8.2,100.0,69.757,,,,,,,,,,,,,,,,,,,,,,,,,,,,,,,,,,,,,,,,,,,,,,,,,,,,,,,,,
2022,Europe and Central Asia,Ukrainian Red Cross Society,Ukraine,UKR,,38000000.0,160502737251.047,,4260.0,,,,69.919,,0.0,0.0,75.0,186.0,,,,,,7305.0,,,,,300.0,209681360.0,209681360.0,172256316.0,172256316.0,19176922.0,19176922.0,39509296.0,39509296.0,7983054.0,7983054.0,,,115756.0,115756.0,39913.0,39913.0,,,,,49176121.0,49176121.0,26971503.0,26971503.0,12575700.0,12575700.0,53763445.0,53763445.0,308338.0,,,,11790371.0,,,820340.0,,,,,
2023,Europe and Central Asia,Ukrainian Red Cross Society,Ukraine,UKR,,,,,,,,,,,,,,,,,,,,,,,,,,,,,,,,,,,,,,,,,,,,,,,,,,,,,,,,,,,,,,,,,,
2024,Europe and Central Asia,Ukrainian Red Cross Society,Ukraine,UKR,,,,,,,,,,,,,,,,,,,,,,,,,,,,,,,,,,,,,,,,,,,,,,,,,,,,,,,,,,,,,,,,,,
2009,Africa,Uganda Red Cross Society,Uganda,UGA,DUG001,31411096.0,25019909334.6707,24.5,550.0,56.06,82.1,,18.878,442.0,,,,81.0,,,,,,4746.0,,,,,213.0,9757074.0,17685855162.0,10330867.0,18725922550.0,,,,,,,,,,,,,,,,,6204421.0,11246249000.0,,,,,,,,,,,,,,,,,,,
2012,Africa,Uganda Red Cross Society,Uganda,UGA,DUG001,34273295.0,27305915910.7877,19.7,830.0,58.817,66.7,70.2,20.424,334.0,,,,51.0,,169540.0,176460.0,,,346000.0,127.0,54.0,,,181.0,10475.0,30302961.0,9028.0,26115820.0,,,,,,,,,,,,,,,,,153944.0,445324000.0,,,,,,,,,,,143546.0,,,,,,,,
2013,Africa,Uganda Red Cross Society,Uganda,UGA,DUG001,35273570.0,28915786516.6123,,810.0,59.763,62.5,,20.958,311.0,,,,51.0,,169540.0,176460.0,,,346000.0,,,,,,0.0,,0.0,,,,,,,,,,,,,,,,,,0.0,,,,,,,,,,,,,,,,,,,,
2014,Africa,Uganda Red Cross Society,Uganda,UGA,DUG001,36336539.0,32612397257.4458,,830.0,60.408,59.1,,21.504,332.0,,,,51.0,,357.0,357.0,,,714.0,,,,,120.0,3908835.0,10819526766.0,4915311.0,13605417981.0,,,,,,,,,,,,,,,,,0.0,,,,,,,,,,,,20828.0,,,,,,,,
2015,Africa,Uganda Red Cross Society,Uganda,UGA,DUG001,37477356.0,32387183730.1002,,850.0,61.086,56.0,,22.06,319.0,,,,51.0,,2745.0,2863.0,,,5608.0,91.0,28.0,,,119.0,2978616.0,10065511208.0,2283631.0,7716977440.0,,,,,,,,,,,,,,,,,0.0,,,,,,,,,,,,25487.0,,,,,,,,
2016,Africa,Uganda Red Cross Society,Uganda,UGA,,38748299.0,29203988696.2626,21.4,820.0,61.648,52.7,,22.624,311.0,,,,51.0,,5680.0,1420.0,,,7100.0,82.0,32.0,,,114.0,3934003.0,13659731617.0,,,2169.0,7530000.0,0.0,0.0,20634.0,71647106.0,1792644.0,6224456912.0,104969.0,364475357.0,0.0,0.0,9991.0,34692328.0,96467.0,334953555.0,1084169.0,3764474473.0,650966.0,2260299984.0,113674.0,394701003.0,58320.0,202500899.0,1300.0,780.0,,520.0,45400.0,23100.0,35420.0,332300.0,,,,,
2017,Africa,Uganda Red Cross Society,Uganda,UGA,,40127085.0,30744473841.424,,760.0,62.115,50.2,,23.196,313.0,1.0,1.0,21.0,51.0,,981.0,327.0,,0.0,1308.0,73.0,14.0,,0.0,87.0,7065866.0,26169874663.0,,,1422.0,5267200.0,2616.0,9689998.0,0.0,0.0,1769558.0,6553917879.0,0.0,0.0,0.0,0.0,0.0,0.0,100114.0,370793951.0,3226069.0,11948403625.0,1807570.0,6694702500.0,158517.0,587099520.0,0.0,0.0,1680.0,588.0,,1092.0,1143270.0,85020.0,114770.0,628800.0,,,,,
2018,Africa,Uganda Red Cross Society,Uganda,UGA,,41515395.0,32927025619.6795,,770.0,62.714,47.7,76.53,23.774,283.0,0.0,1.0,15.0,51.0,,1790.0,1575.0,,,3365.0,103.0,32.0,,,135.0,8487996.0,31790246000.0,11038046.0,41340996447.0,,,67681.0,253485489.0,,,543805.0,2036723694.0,,,,,112524.0,421440000.0,161275.0,604026768.0,1631200.0,6109364185.0,1292570.0,4841085859.0,1083640.0,4058575826.0,,,1576.0,552.0,,1024.0,,42961.0,171844.0,1020272.0,,,,,
2019,Africa,Uganda Red Cross Society,Uganda,UGA,,42949080.0,35348155095.4215,20.3,810.0,62.991,45.6,,24.361,292.0,,,,,,,,,,,,,,,,,,,,,,,,,,,,,,,,,,,,,,,,,,,,,,,,,,,,,,,,
2020,Africa,Uganda Red Cross Society,Uganda,UGA,,44404611.0,37605430214.3519,,820.0,62.851,43.7,,24.954,284.0,,,14.0,51.0,,1734.0,1156.0,,,2890.0,145.0,45.0,,,190.0,,,,,,,,,,,,,,,,,,,,,,,,,,,,,295.0,89.0,,206.0,17408.0,295.0,295.0,6641.0,,,,,
2021,Africa,Uganda Red Cross Society,Uganda,UGA,,45853778.0,40510241365.8914,,850.0,62.705,42.1,,25.553,,0.0,1.0,12.0,51.0,,,,,,2980.0,150.0,51.0,0.0,0.0,201.0,,,,,,,,,,,,,,,,,,,,,,,,,,,,,100.0,,,,55661.0,5700.0,5700.0,70000.0,,,,,
2022,Africa,Uganda Red Cross Society,Uganda,UGA,,47249585.0,45567304608.4764,,930.0,,,80.59,26.159,,0.0,1.0,13.0,51.0,,1788.0,1192.0,,,2980.0,189.0,65.0,,,254.0,9983833.0,38252233000.0,,,,,943.0,3614000.0,356478.0,1365816000.0,692564.0,2653502000.0,,,,,43192.0,165486000.0,58418.0,223825000.0,3326315.0,12744500000.0,1219992.0,4674300000.0,431983.0,1655107000.0,200979.0,770036000.0,154.0,65.0,,89.0,21844.0,3023.0,3023.0,59587.0,,,,,
2023,Africa,Uganda Red Cross Society,Uganda,UGA,,,,,,,,,,,0.0,1.0,13.0,51.0,51.0,,,,,6275.0,178.0,66.0,,,244.0,13870647.0,62051371000.0,13199689.0,59049792000.0,,,,,,,,,,,,,,,,,,,,,,,,,10360.0,723.0,9085.0,552.0,461697.0,287934.0,1439668.0,29060.0,,,,,
2024,Africa,Uganda Red Cross Society,Uganda,UGA,,,,,,,,,,,0.0,1.0,14.0,51.0,51.0,8197.0,8490.0,,,16687.0,165.0,62.0,,,227.0,14311677.0,57843118250.0,10387318.0,41982139718.0,7423.0,30000000.0,55924.0,226026190.0,79138.0,319851800.0,1097492.0,4435703077.0,0.0,0.0,0.0,0.0,185772.0,750829100.0,292750.0,1183199994.0,6498001.0,26262795334.0,3089835.0,12488102129.0,599948.0,2424794285.0,0.0,0.0,,,,,,,,,,,,,
2009,Americas,American Red Cross,United States,USA,DUS001,306771529.0,14448933025000.0,,47740.0,78.3902,7.5,,80.606,15.0,,,,1500.0,,,,,,529291.0,,,,,33824.0,3727440536.0,3604435000.0,3485868665.0,3370835000.0,,,,,,,,,,,,,,,,,0.0,0.0,,,,,,,,,,,166292.0,,,,,,,,
2010,Americas,American Red Cross,United States,USA,DUS001,309327143.0,15048964444000.0,,49150.0,78.5415,7.3,,80.772,14.0,,,,,,,,,,529291.0,,,,,33289.0,3427246364.0,3604435000.0,3205129791.0,3370835000.0,,,,,,,,,,,,,,,,,0.0,,,,,,,,,,,,320927.0,,,,,,,,
2011,Americas,American Red Cross,United States,USA,DUS001,311583481.0,15599728123000.0,,50620.0,78.6415,7.2,,80.944,15.0,,,,,,,,,,487003.0,,,,,32087.0,3273780775.0,3470535000.0,3244585416.0,3439585000.0,,,,,,,,,,,,,,,,,0.0,,,,,,,,,,,,405845.0,,,,,,,,
2012,Americas,American Red Cross,United States,USA,DUS001,313877662.0,16253972230000.0,,52790.0,78.7415,7.1,,81.119,16.0,,,,514.0,,,,,,501208.0,,,,,31424.0,2897566259.0,3170517000.0,3057149517.0,3345133000.0,,,,,,,,,,,,,,,,,0.0,,,,,,,,,,,,339219.0,,,,,,,,
2013,Americas,American Red Cross,United States,USA,DUS001,316059947.0,16843190993000.0,,53990.0,78.7415,7.0,,81.299,16.0,,,,508.0,,,,,,392735.0,,,,,27827.0,3065067796.0,3435941000.0,3015685102.0,3380583000.0,,,,,,,,,,,,,,,,,0.0,,,,,,,,,,,,343829.0,,,,,,,,
2014,Americas,American Red Cross,United States,USA,DUS001,318386329.0,17550680174000.0,,55800.0,78.8415,6.9,,81.483,17.0,,,,264.0,,,,,,341417.0,,,,,25590.0,2951565571.0,2989139000.0,3023739793.0,3062232000.0,,,,,,,,,,,,,,,,,0.0,,,,,,,,,,,,309259.0,,,,,,,,
2015,Americas,American Red Cross,United States,USA,DUS001,320738994.0,18206020741000.0,,56620.0,78.6902,6.8,,81.671,17.0,,,,264.0,,,,,,328783.0,,,,,23130.0,2708692512.0,2737513000.0,2866341131.0,2896839000.0,,,,,,,,,,,,,,,,,0.0,,,,,,,,,,,,240490.0,,,,,,,,
2016,Americas,American Red Cross,United States,USA,,323071755.0,18695110842000.0,,57140.0,78.539,6.7,,81.862,18.0,,,,264.0,,,,,,313889.0,,,,,20817.0,2604913535.0,2660138000.0,2665039850.0,2721539000.0,0.0,0.0,370544416.0,378400000.0,0.0,0.0,0.0,0.0,0.0,0.0,0.0,0.0,1839894036.0,1878900000.0,0.0,0.0,0.0,0.0,0.0,0.0,0.0,0.0,394437872.0,402800000.0,2302312.0,,,,296106.0,373693.0,373693.0,0.0,,,,,
2017,Americas,American Red Cross,United States,USA,,325122128.0,19477336549000.0,,59220.0,78.539,6.6,,82.058,19.0,1.0,1.0,15.0,264.0,,,,,,300000.0,,,,,21124.0,2606055710.0,2714189000.0,2733367165.0,2846783000.0,0.0,0.0,405859632.0,422700000.0,0.0,0.0,0.0,0.0,0.0,0.0,0.0,0.0,1771975280.0,1845500000.0,0.0,0.0,0.0,0.0,0.0,0.0,0.0,0.0,428231360.0,446000000.0,2273907.0,,,,,1059900.0,1059900.0,0.0,,,,,
2018,Americas,American Red Cross,United States,USA,,326838199.0,20533057312000.0,,63460.0,78.639,6.5,,82.256,19.0,0.0,1.0,15.0,263.0,,,,,,372000.0,,,,,19649.0,3656907945.0,3665871000.0,3193027912.0,3200854000.0,0.0,0.0,1234137139.0,1237162000.0,0.0,0.0,0.0,0.0,0.0,0.0,0.0,0.0,1844813376.0,1849335000.0,0.0,0.0,0.0,0.0,0.0,0.0,0.0,0.0,577957431.0,579374000.0,2283480.0,,,,0.0,1107604.0,1107604.0,0.0,,,,,
2019,Americas,American Red Cross,United States,USA,,328329953.0,21380976119000.0,,66130.0,78.7878,6.4,,82.459,20.0,,,16.0,263.0,,0.0,0.0,,306303.0,306303.0,0.0,0.0,,19345.0,19345.0,2799526910.0,2868791000.0,2920266645.0,2992518000.0,,,585051044.0,599526000.0,,,,,,,,,1838201406.0,1883681000.0,,,,,,,,,376274460.0,385584000.0,2625573.0,0.0,2625573.0,0.0,,1174225.0,1174225.0,,,,,,
2020,Americas,American Red Cross,United States,USA,,331511512.0,21060473613000.0,,64650.0,76.9805,6.3,,82.664,21.0,,,14.0,235.0,,,,,302047.0,302047.0,,,,18419.0,18419.0,2757196254.0,2907386000.0,2609443622.0,2751585000.0,535707016.0,564888000.0,,,,,,,,,,,1744966350.0,1840018000.0,,,,,,,,,476522888.0,502480000.0,2152352.0,,2152352.0,,,582581.0,582581.0,18863.0,,,,,
2021,Americas,American Red Cross,United States,USA,,332031554.0,23315080560000.0,,70900.0,76.3293,6.2,,82.873,,0.0,1.0,14.0,234.0,,,,,,281003.0,,,,,17495.0,2787293038.0,3090183560.0,2521967296.0,2796025309.0,,,,,,,,,,,,,,,,,,,,,,,,,6190964.0,,,,,281187.0,281187.0,43705.0,,,,,
2022,Americas,American Red Cross,United States,USA,,333287557.0,25439700000000.0,,76770.0,,,,83.084,,0.0,1.0,14.0,234.0,,,,,,275109.0,,,,,17681.0,3078009679.0,3218524000.0,2949814903.0,3084477000.0,,,,,,,,,,,,,,,,,,,,,,,,,3295324.0,,,,,474867.0,474867.0,,,,,,
2023,Americas,American Red Cross,United States,USA,,,,,,,,,,,0.0,1.0,14.0,234.0,234.0,,,,,267210.0,,,,,17425.0,2881951419.0,3217077611.0,2661603713.0,2971106889.0,,,,,,,,,,,,,,,,,,,,,,,,,4522513.0,,,,,548384.0,548384.0,,,,,,
2024,Americas,American Red Cross,United States,USA,,,,,,,,,,,0.0,1.0,14.0,232.0,232.0,,,,,279505.0,,,,,17935.0,3420832313.0,3804377344.0,3174556618.0,3530489124.0,,,,,,,,,,,,,,,,,,,,,,,,,5783690.0,,,,,626886.0,1117948.0,,,,,,
2010,Americas,Uruguayan Red Cross,Uruguay,URY,DUY001,3352651.0,41950361211.9581,,10820.0,76.858,10.8,98.07,94.414,18.0,,,,,,,,,,525.0,,,,,,0.0,,0.0,,,,,,,,,,,,,,,,,,0.0,,,,,,,,,,,,,,,,,,,,
2012,Americas,Uruguayan Red Cross,Uruguay,URY,DUY001,3371133.0,54232266358.7811,,14080.0,77.111,10.0,98.4,94.739,17.0,,,,15.0,,,,,,500.0,,,,,10.0,3893.0,79413.0,1710.0,34875.0,,,,,,,,,,,,,,,,,0.0,,,,,,,,,,,,,,,,,,,,
2013,Americas,Uruguayan Red Cross,Uruguay,URY,DUY001,3381180.0,61337621933.7857,,16310.0,77.24,9.7,98.36,94.843,17.0,,,,15.0,,205.0,615.0,,,820.0,14.0,5.0,,,19.0,4649994.0,5212643.0,4857815.0,5445611.0,,,,,,,,,,,,,,,,,287582.0,322379.0,,,,,,,,,,,350.0,,,,,,,,
2014,Americas,Uruguayan Red Cross,Uruguay,URY,DUY001,3391662.0,61496186973.902,,16960.0,77.366,9.3,98.44,94.945,17.0,,,,,,,,,,,,,,,,206346.0,4950490.0,235238.0,5643644.0,,,,,,,,,,,,,,,,,0.0,,,,,,,,,,,,,,,,,,,,
2015,Americas,Uruguayan Red Cross,Uruguay,URY,DUY001,3402818.0,57680327998.6689,,16900.0,77.483,8.9,98.52,95.045,17.0,,,,16.0,,,,,,,,,,,,0.0,,0.0,,,,,,,,,,,,,,,,,,0.0,,,,,,,,,,,,,,,,,,,,
2016,Americas,Uruguayan Red Cross,Uruguay,URY,,3413766.0,57480788380.312,,16320.0,77.571,8.4,98.56,95.144,17.0,,,,24.0,,,,,,654.0,,,,,7.0,901103.0,25427599.0,1035380.0,29216647.0,,,,,,,,,,,,,,,,,,,,,,,,,,,,,,,,,,,,,
2017,Americas,Uruguayan Red Cross,Uruguay,URY,,3422200.0,65006047680.3225,,16550.0,77.625,7.9,98.62,95.24,16.0,1.0,1.0,7.0,16.0,,,,,,300.0,,,,,30.0,901103.0,25427599.0,965199.0,27236274.0,44973.0,1269061.0,,,,,,,306257.0,8642063.0,209269.0,5905213.0,106568.0,3007174.0,66786.0,1884595.0,28569.0,806170.0,,,16085.0,453878.0,78387.0,2211945.0,500.0,,,,0.0,0.0,0.0,0.0,,,,,
2018,Americas,Uruguayan Red Cross,Uruguay,URY,,3427042.0,65203071817.9812,,17520.0,77.611,7.3,98.7,95.334,18.0,1.0,1.0,7.0,23.0,,140.0,760.0,,0.0,900.0,14.0,50.0,,0.0,64.0,681412.0,20136896.0,882103.0,26067655.0,15257.0,450870.0,0.0,0.0,0.0,0.0,0.0,0.0,0.0,0.0,0.0,0.0,0.0,0.0,15773.0,466114.0,0.0,0.0,27944.0,825779.0,17994.0,531759.0,574159.0,16967374.0,500.0,,,,725.0,0.0,0.0,1475.0,,,,,
2019,Americas,Uruguayan Red Cross,Uruguay,URY,,3428409.0,62048585618.505,,18170.0,77.508,6.8,98.77,95.426,20.0,,,7.0,19.0,,78.0,200.0,,0.0,278.0,6.0,34.0,,0.0,40.0,833992.0,31209931.0,874525.0,32726794.0,80714.0,3020493.0,,,,,,,,,,,,,615515.0,23034007.0,30566.0,1143837.0,35787.0,1339217.0,,,47428.0,1774877.0,1778.0,822.0,0.0,956.0,109.0,148.0,148.0,235.0,,,,,
2020,Americas,Uruguayan Red Cross,Uruguay,URY,,3429086.0,53666908053.7655,,16080.0,78.43,6.3,,95.515,19.0,,,5.0,19.0,,,,,350.0,350.0,17.0,35.0,,,52.0,1000076.0,45816183.0,984034.0,45081291.0,163537.0,7492065.0,0.0,0.0,0.0,0.0,0.0,0.0,0.0,0.0,0.0,0.0,209344.0,9590605.0,8870.0,406338.0,72737.0,3332294.0,125790.0,5762798.0,42827.0,1962037.0,219390.0,10050859.0,1138.0,502.0,,636.0,,,,3684.0,,,,,
2021,Americas,Uruguayan Red Cross,Uruguay,URY,,3426260.0,61412268248.9461,,16180.0,75.436,5.8,,95.603,,0.0,1.0,7.0,14.0,,,,,,292.0,16.0,39.0,0.0,0.0,55.0,2113463.0,93305491.0,1316821.0,58135244.0,408469.0,18033138.0,,,0.0,0.0,0.0,0.0,0.0,0.0,0.0,0.0,295243.0,13034425.0,436777.0,19282922.0,52901.0,2335487.0,659229.0,29103734.0,148351.0,6549434.0,66075.0,2917091.0,857.0,,,,,,,,,,,,
2022,Americas,Uruguayan Red Cross,Uruguay,URY,,3422794.0,71177146197.4951,9.9,18000.0,,,,95.688,,,,,,,,,,,,,,,,,,,,,,,,,,,,,,,,,,,,,,,,,,,,,,,,,,,,,,,,,
2023,Americas,Uruguayan Red Cross,Uruguay,URY,,,,,,,,,,,0.0,0.0,7.0,16.0,14.0,,,,,350.0,,,,,52.0,515000.0,515000.0,437390.0,437390.0,,,,,,,,,,,,,,,,,,,,,,,,,1659.0,,,,,,,5514.0,,,,,
2024,Americas,Uruguayan Red Cross,Uruguay,URY,,,,,,,,,,,,,,,,,,,,,,,,,,,,,,,,,,,,,,,,,,,,,,,,,,,,,,,,,,,,,,,,,,
2010,Europe and Central Asia,Red Crescent Society of Uzbekistan,Uzbekistan,UZB,DUZ001,28562400.0,49765676402.4495,,1410.0,69.235,28.0,,50.956,38.0,,,,,,,,,,29000.0,,,,,,0.0,,0.0,,,,,,,,,,,,,,,,,,0.0,,,,,,,,,,,,,,,,,,,,
2012,Europe and Central Asia,Red Crescent Society of Uzbekistan,Uzbekistan,UZB,DUZ001,29774500.0,67517349212.0609,15.0,2160.0,69.874,23.8,,51.05,36.0,,,,206.0,,18050.0,17875.0,,,35925.0,199.0,417.0,,,616.0,2233580.0,4848966696.0,2175280.0,4722402114.0,,,,,,,,,,,,,,,,,0.0,,,,,,,,,,,,,,,,,,,,
2013,Europe and Central Asia,Red Crescent Society of Uzbekistan,Uzbekistan,UZB,DUZ001,30243200.0,73180037911.4173,14.1,2430.0,69.99,22.1,99.99,50.95,34.0,,,,206.0,,19390.0,18010.0,,,37400.0,210.0,433.0,,,643.0,2689259.0,6623888566.0,2434372.0,5996079718.0,,,,,,,,,,,,,,,,,0.0,,,,,,,,,,,,250.0,,,,,,,,
2014,Europe and Central Asia,Red Crescent Society of Uzbekistan,Uzbekistan,UZB,DUZ001,30757700.0,80845385816.4497,,2600.0,70.234,20.5,99.98,50.85,32.0,,,,188.0,,18065.0,17850.0,,,35915.0,227.0,420.0,,,647.0,1868362.0,4560071494.0,1674097.0,4085933694.0,,,,,,,,,,,,,,,,,0.0,,,,,,,,,,,,80.0,,,,,,,,
2015,Europe and Central Asia,Red Crescent Society of Uzbekistan,Uzbekistan,UZB,DUZ001,31298900.0,86196264741.8842,,2740.0,70.475,19.2,99.98,50.75,31.0,,,,188.0,,17910.0,17100.0,,,35010.0,226.0,414.0,,,640.0,2133395.0,5972399300.0,1808990.0,5064235300.0,,,,,,,,,,,,,,,,,0.0,0.0,,,,,,,,,,,70.0,,,,,,,,
2016,Europe and Central Asia,Red Crescent Society of Uzbekistan,Uzbekistan,UZB,,31847900.0,86138288632.5513,,2790.0,70.755,18.0,99.99,50.65,30.0,,,,204.0,,19200.0,18800.0,,,38000.0,250.0,424.0,,,674.0,2643011.0,8208109200.0,2574463.0,7995227300.0,133898.0,415831800.0,2085061.0,6475343500.0,0.0,0.0,0.0,0.0,0.0,0.0,0.0,0.0,0.0,0.0,0.0,0.0,0.0,0.0,47450.0,147361770.0,56797.0,176386960.0,240272.0,746185170.0,19281.0,,,,205.0,9050.0,9050.0,0.0,,,,,
2017,Europe and Central Asia,Red Crescent Society of Uzbekistan,Uzbekistan,UZB,,32388600.0,62081322740.0162,,2470.0,71.01,17.0,,50.55,30.0,1.0,1.0,25.0,202.0,,13258.0,12329.0,,,25587.0,210.0,367.0,,,577.0,1157963.0,9649688960.0,1065101.0,8875841630.0,0.0,0.0,0.0,0.0,0.0,0.0,0.0,0.0,0.0,0.0,0.0,0.0,25509.0,212578330.0,0.0,0.0,0.0,0.0,11993.0,99944700.0,23752.0,197934000.0,0.0,0.0,22691.0,,,,96.0,0.0,0.0,0.0,,,,,
2018,Europe and Central Asia,Red Crescent Society of Uzbekistan,Uzbekistan,UZB,,32956100.0,52870108217.2949,,2120.0,71.149,16.2,99.99,50.478,31.0,1.0,1.0,26.0,206.0,,19622.0,23034.0,,,42656.0,241.0,457.0,,,698.0,686795.0,5820293000.0,796376.0,6748950000.0,55465.0,470039000.0,,,,,,,,,,,103898.0,880491000.0,,,105907.0,897513000.0,,,32604.0,276302000.0,189266.0,1603948000.0,37997.0,,,,0.0,16337.0,16337.0,0.0,,,,,
2019,Europe and Central Asia,Red Crescent Society of Uzbekistan,Uzbekistan,UZB,,33580350.0,60283503705.3907,,1880.0,71.344,15.4,100.0,50.433,30.0,,,,,,,,,,,,,,,,,,,,,,,,,,,,,,,,,,,,,,,,,,,,,,,,,,,,,,,,
2020,Europe and Central Asia,Red Crescent Society of Uzbekistan,Uzbekistan,UZB,,34232050.0,60224701296.7885,,1770.0,70.331,14.7,,50.416,30.0,,,25.0,210.0,,20405.0,22104.0,,,42509.0,249.0,400.0,,,649.0,1472065.0,16540060000.0,1382117.0,15529400000.0,21271.0,239000000.0,,,,,,,,,,,19758.0,222000000.0,,,152114.0,1709147000.0,498092.0,5596543000.0,29149.0,327520000.0,638739.0,7176840000.0,16193.0,0.0,16193.0,0.0,1552239.0,29700.0,29700.0,138563.0,,,,,
2021,Europe and Central Asia,Red Crescent Society of Uzbekistan,Uzbekistan,UZB,,34915100.0,69600614987.3509,,1980.0,70.862,14.1,100.0,50.427,,0.0,1.0,25.0,210.0,,20380.0,24768.0,,,45148.0,,,,,650.0,1525233.0,17735272000.0,1456396.0,16934835000.0,,,,,,,,,,,,,32012.0,372238000.0,,,199909.0,2324528000.0,352397.0,4097639000.0,34926.0,406115000.0,678046.0,7884254000.0,19443.0,,,,1732400.0,30500.0,30500.0,138600.0,,,,,
2022,Europe and Central Asia,Red Crescent Society of Uzbekistan,Uzbekistan,UZB,,35648100.0,80391853887.4049,,2190.0,,,100.0,50.466,,1.0,1.0,27.0,210.0,,16607.0,28543.0,,,45150.0,199.0,312.0,,,511.0,1004742.0,11820497736.0,689272.0,8109078334.0,431849.0,5080580520.0,,,,,27998.0,329385010.0,,,38250.0,450000000.0,47485.0,558647970.0,,,132638.0,1560441600.0,96296.0,1132888252.0,36222.0,426144014.0,,,21200.0,,,,23000.0,36764.0,36764.0,137900.0,,,,,
2023,Europe and Central Asia,Red Crescent Society of Uzbekistan,Uzbekistan,UZB,,,,,,,,,,,0.0,0.0,26.0,212.0,15.0,,,,,45220.0,,,,,650.0,890536.0,13096111977.0,888501.0,13066190000.0,375930.0,5528375490.0,,,,,4845.0,71248865.0,,,,,56417.0,829668700.0,,,83128.0,1222472013.0,44804.0,658880000.0,34760.0,511170810.0,,,24802.0,9672.0,,15130.0,11691.0,84681.0,84681.0,15069.0,,,,,
2024,Europe and Central Asia,Red Crescent Society of Uzbekistan,Uzbekistan,UZB,,,,,,,,,,,0.0,0.0,27.0,212.0,15.0,,,,,45230.0,,,,,645.0,724808.0,10353647552.0,712513.0,10178020000.0,413141.0,5901587000.0,,,,,,,,,,,,,42793.0,611285240.0,2830.0,40424572.0,80921.0,1155923125.0,34565.0,493752015.0,,,17986.0,,,,25746.0,41675.0,41675.0,21300.0,,,,,
2012,Americas,Saint Vincent and the Grenadines Red Cross,Saint Vincent and the Grenadines,VCT,DVC001,108083.0,730032592.5926,,6760.0,74.146,18.6,,49.754,45.0,,,,22.0,,,,,,343.0,,,,,2.0,30552.0,89868.0,36050.0,106042.0,,,,,,,,,,,,,,,,,0.0,,,,,,,,,,,,,,,,,,,,
2013,Americas,Saint Vincent and the Grenadines Red Cross,Saint Vincent and the Grenadines,VCT,DVC001,107450.0,764781259.2593,,7030.0,73.798,18.0,,50.154,45.0,,,,21.0,,30.0,61.0,,,91.0,0.0,2.0,,,2.0,22319.0,67260.0,26204.0,78967.0,,,,,,,,,,,,,,,,,0.0,0.0,,,,,,,,,,,153.0,,,,,,,,
2014,Americas,Saint Vincent and the Grenadines Red Cross,Saint Vincent and the Grenadines,VCT,DVC001,106912.0,770900000.0,,6910.0,74.473,17.4,,50.558,40.0,,,,21.0,,,,,,150.0,,,,,2.0,0.0,,0.0,,,,,,,,,,,,,,,,,,0.0,,,,,,,,,,,,7000.0,,,,,,,,
2015,Americas,Saint Vincent and the Grenadines Red Cross,Saint Vincent and the Grenadines,VCT,DVC001,106482.0,786555555.5556,,7160.0,74.407,16.8,,50.964,36.0,,,,22.0,,,,,,100.0,,,,,11.0,0.0,,0.0,,,,,,,,,,,,,,,,,,0.0,,,,,,,,,,,,,,,,,,,,
2016,Americas,Saint Vincent and the Grenadines Red Cross,Saint Vincent and the Grenadines,VCT,,105963.0,814303703.7037,,7520.0,74.28,16.2,,51.373,35.0,,,,22.0,,,,,,150.0,,,,,,,,,,,,,,,,,,,,,,,,,,,,,,,,,,,,,,,,,,,,,,
2017,Americas,Saint Vincent and the Grenadines Red Cross,Saint Vincent and the Grenadines,VCT,,105549.0,844037037.037,,7750.0,74.305,15.7,,51.784,35.0,1.0,1.0,8.0,23.0,,,,,,200.0,,,,,2.0,,,,,,,,,,,,,,,,,,,,,,,,,,,,,,,,,,,,,,,,,
2018,Americas,Saint Vincent and the Grenadines Red Cross,Saint Vincent and the Grenadines,VCT,,105281.0,884329629.6296,,8350.0,74.128,15.2,,52.198,60.0,0.0,0.0,,23.0,,,,,,,,,,,,,,,,,,,,,,,,,,,,,,,,,,,,,,,,,,,,,,,,,,,,
2019,Americas,Saint Vincent and the Grenadines Red Cross,Saint Vincent and the Grenadines,VCT,,104924.0,910766666.6667,,8640.0,72.835,14.6,,52.614,65.0,,,,,,,,,430.0,430.0,,,,2.0,2.0,,,,,,,,,,,,,,,,,,,,,,,,,,,,,,,,,,,,,,,,,
2020,Americas,Saint Vincent and the Grenadines Red Cross,Saint Vincent and the Grenadines,VCT,,104632.0,869111111.1111,,8330.0,72.126,14.2,,53.032,62.0,0.0,0.0,7.0,1.0,,,,,,150.0,,,,,2.0,,,,,,,,,,,,,,,,,,,,,,,,,,,,,,,,,,15635.0,15635.0,6557.0,,,,,
2021,Americas,Saint Vincent and the Grenadines Red Cross,Saint Vincent and the Grenadines,VCT,,104332.0,872222222.2222,,8490.0,69.629,13.7,,53.452,,,,,,,,,,,,,,,,,38267.0,113024.0,44961.0,132796.0,,,,,,,,,,,,,,,,,,,,,,,,,,,,,,,,,,,,,
2022,Americas,Saint Vincent and the Grenadines Red Cross,Saint Vincent and the Grenadines,VCT,,103948.0,948559259.2593,,9110.0,,,,53.875,,0.0,1.0,7.0,1.0,,94.0,,,,94.0,11.0,2.0,,,13.0,29611.0,86700.0,30703.0,89900.0,,,,,,,,,,,,,,,,,,,,,,,,,,,,,1089.0,,,20.0,,,,,
2023,Americas,Saint Vincent and the Grenadines Red Cross,Saint Vincent and the Grenadines,VCT,,,,,,,,,,,0.0,1.0,10.0,32.0,1.0,,,,,200.0,1.0,6.0,,,7.0,69790.0,224069.0,73373.0,235571.0,,,,,,,,,,,,,3021.0,9700.0,35351.0,113497.0,,,,,,,28927.0,92872.0,621.0,330.0,,291.0,74.0,,,22.0,,,,,
2024,Americas,Saint Vincent and the Grenadines Red Cross,Saint Vincent and the Grenadines,VCT,,,,,,,,,,,,,,,,,,,,,,,,,,,,,,,,,,,,,,,,,,,,,,,,,,,,,,,,,,,,,,,,,,
2012,Americas,Venezuelan Red Cross,"Venezuela, Bolivarian Republic of",VEN,DVE001,29470426.0,381286237847.667,27.2,12660.0,73.036,17.3,,88.123,119.0,,,,24.0,,848.0,1421.0,,,2269.0,,,,,1300.0,21997.0,103201069.0,20134.0,94460843.0,,,,,,,,,,,,,,,,,0.0,,,,,,,,,,,,3000.0,,,,,,,,
2013,Americas,Venezuelan Red Cross,"Venezuela, Bolivarian Republic of",VEN,DVE001,29838021.0,371005379786.566,29.4,11950.0,73.196,17.6,,88.133,124.0,,,,35.0,,848.0,1421.0,,,2269.0,,,,,1300.0,14642.0,103201068.0,13402.0,94460843.0,,,,,,,,,,,,,,,,,0.0,,,,,,,,,,,,,,,,,,,,
2014,Americas,Venezuelan Red Cross,"Venezuela, Bolivarian Republic of",VEN,DVE001,30193258.0,482359318767.703,29.5,13010.0,72.853,18.0,,88.144,119.0,,,,35.0,,927.0,1282.0,,,2209.0,924.0,376.0,,,1300.0,4098.0,26106827.0,5138.0,32732058.0,,,,,,,,,,,,,,,,,0.0,,,,,,,,,,,,2350.0,,,,,,,,
2015,Americas,Venezuelan Red Cross,"Venezuela, Bolivarian Republic of",VEN,DVE001,30529716.0,,33.1,,73.006,19.1,96.61,88.154,126.0,,,,35.0,,789.0,1090.0,,,1879.0,924.0,376.0,,,1300.0,7486.0,47552765.0,8789.0,55826351.0,,,,,,,,,,,,,,,,,0.0,,,,,,,,,,,,176440.0,,,,,,,,
2016,Americas,Venezuelan Red Cross,"Venezuela, Bolivarian Republic of",VEN,,30741464.0,,,,72.058,24.2,97.13,88.165,150.0,,,,36.0,,898.0,1382.0,,,2280.0,424.0,876.0,,,1300.0,20706.0,201033430.0,26213.0,254496903.0,,,,,,,,,,,,,,,,,,,,,,,,,4889.0,,,,557883.0,38660.0,38660.0,0.0,,,,,
2017,Americas,Venezuelan Red Cross,"Venezuela, Bolivarian Republic of",VEN,,30563433.0,,,,71.943,24.2,,88.183,175.0,0.0,0.0,,37.0,,429.0,607.0,,0.0,1036.0,75.0,217.0,,0.0,292.0,,,,,,,,,,,,,,,,,,,,,,,,,,,,,7279.0,4068.0,0.0,3211.0,3680.0,3852.0,3852.0,236.0,,,,,
2018,Americas,Venezuelan Red Cross,"Venezuela, Bolivarian Republic of",VEN,,29825653.0,,,,71.979,24.2,,88.208,179.0,0.0,0.0,,39.0,,,,,,3183.0,,,,,331.0,0.0,16065527.0,0.0,11140021.0,,,,,,,,,,,,,,,,,,,,,,,,,4054.0,,,,4589.0,12538.0,12538.0,7784.0,,,,,
2019,Americas,Venezuelan Red Cross,"Venezuela, Bolivarian Republic of",VEN,,28971683.0,,,,72.161,24.2,,88.24,177.0,,,39.0,39.0,,1979.0,2497.0,,,4476.0,,,,728.0,728.0,0.0,3832656750.0,0.0,2775492015.0,,,,,,,,,,,,,,,,,,,,,,,,,12561.0,6424.0,,6137.0,262624.0,8842.0,8842.0,68985.0,,,,,
2020,Americas,Venezuelan Red Cross,"Venezuela, Bolivarian Republic of",VEN,,28490453.0,,,,71.095,24.2,,88.279,259.0,,,11.0,42.0,,1622.0,2345.0,,,3967.0,,,,742.0,742.0,0.0,66358113085.0,0.0,52752252855.0,,,,,,,,,,,,,,,,,,,,,,,,,2984.0,1741.0,1.0,1242.0,7515.0,6716.0,6716.0,302188.0,,,,,
2021,Americas,Venezuelan Red Cross,"Venezuela, Bolivarian Republic of",VEN,,28199867.0,,,,70.554,24.2,,88.325,,1.0,1.0,104.0,41.0,,187.0,491.0,,,678.0,149.0,355.0,,,504.0,0.0,4075465.0,0.0,2498220.0,,,,,,,0.0,164746.0,,,,,0.0,2629453.0,,,0.0,10301.0,0.0,42492.0,0.0,54628.0,,,,,,,1934.0,2718.0,2718.0,54606.0,,,,,
2022,Americas,Venezuelan Red Cross,"Venezuela, Bolivarian Republic of",VEN,,28301696.0,,,,,,97.6,88.378,,,,,,,,,,,,,,,,,,,,,,,,,,,,,,,,,,,,,,,,,,,,,,,,,,,,,,,,,
2023,Americas,Venezuelan Red Cross,"Venezuela, Bolivarian Republic of",VEN,,,,,,,,,,,0.0,0.0,,43.0,43.0,1538.0,2622.0,,,4160.0,193.0,490.0,,,683.0,0.0,131128147.0,0.0,120166239.0,0.0,15624.0,0.0,95644.0,0.0,55521.0,0.0,934502.0,0.0,0.0,0.0,0.0,0.0,0.0,0.0,0.0,0.0,992032.0,0.0,3993387.0,0.0,3349918.0,0.0,4475615.0,5832.0,3202.0,,2328.0,11497.0,7861.0,7861.0,49777.0,,,,,
2024,Americas,Venezuelan Red Cross,"Venezuela, Bolivarian Republic of",VEN,,,,,,,,,,,,,,,,,,,,,,,,,,,,,,,,,,,,,,,,,,,,,,,,,,,,,,,,,,,,,,,,,,
2010,Asia Pacific,Vietnam Red Cross Society,Viet Nam,VNM,DVN001,87411012.0,147201173196.979,,1370.0,73.513,23.0,,30.417,88.0,,,,,,,,,,,,,,,,,,0.0,,,,,,,,,,,,,,,,,,0.0,,,,,,,,,,,,,,,,,,,,
2011,Asia Pacific,Vietnam Red Cross Society,Viet Nam,VNM,DVN001,88349117.0,172595049183.925,,1630.0,73.692,22.8,,31.08,90.0,,,,16810.0,,,,,,239974.0,,,,,21159.0,,,,,,,,,,,,,,,,,,,,,0.0,,,,,,,,,,,,,,,,,,,,
2012,Asia Pacific,Vietnam Red Cross Society,Viet Nam,VNM,DVN001,89301326.0,195590661129.249,,1980.0,73.704,22.6,,31.752,94.0,,,,16268.0,,,,,,301226.0,,,,,17705.0,,,,,,,,,,,,,,,,,,,,,0.0,,,,,,,,,,,,,,,,,,,,
2013,Asia Pacific,Vietnam Red Cross Society,Viet Nam,VNM,DVN001,90267739.0,213708811665.34,,2200.0,73.775,22.3,,32.429,98.0,,,,16945.0,,,,,,376820.0,,,,,17775.0,,,,,,,,,,,,,,,,,,,,,3701379.0,87078984030.0,,,,,,,,,,,,,,,,,,,
2014,Asia Pacific,Vietnam Red Cross Society,Viet Nam,VNM,DVN001,91235504.0,233451469642.519,,2400.0,73.855,22.1,,33.115,103.0,,,,16655.0,,,,,,361266.0,,,,,15244.0,,,,,,,,,,,,,,,,,,,,,0.0,,,,,,,,,,,,,,,,,,,,
2015,Asia Pacific,Vietnam Red Cross Society,Viet Nam,VNM,DVN001,92191398.0,239258328381.741,,2480.0,73.876,21.9,,33.809,109.0,,,,16893.0,,,,,,426776.0,,,,,15291.0,,,,,,,,,,,,,,,,,,,,,3807065.0,85000000000.0,,,,,,,,,,,,,,,,,,,
2016,Asia Pacific,Vietnam Red Cross Society,Viet Nam,VNM,,93126529.0,257096001177.982,9.2,2580.0,73.938,21.7,,34.51,116.0,,,,17127.0,,,,,,358959.0,,,,,14532.0,8063294.0,175289000000.0,8334865.0,181192711248.0,209720.0,4559135991.0,1017059.0,22109984963.0,,,1524584.0,33143123257.0,,,715.0,15537973.0,,,,,3381013.0,73500274284.0,593398.0,12899947101.0,98232.0,2135478528.0,,,6718.0,,,,101767.0,296172.0,296172.0,36320.0,,,,,
2017,Asia Pacific,Vietnam Red Cross Society,Viet Nam,VNM,,94033048.0,281353605986.903,7.9,2720.0,73.963,21.5,,35.213,124.0,1.0,1.0,3.0,16006.0,,,,,,419884.0,,,,,14389.0,7696841.0,178996300765.0,6793864.0,157996832893.0,1882711.0,43783984629.0,282270.0,6564408082.0,,,529296.0,12309212368.0,,,,,,,,,2050535.0,47686861722.0,1354657.0,31503644522.0,124886.0,2904334570.0,240205.0,5586162863.0,24569.0,,,,578435.0,,,,,,,,
2018,Asia Pacific,Vietnam Red Cross Society,Viet Nam,VNM,,94914330.0,310106478394.659,6.8,3060.0,73.976,21.3,,35.919,130.0,1.0,1.0,3.0,17127.0,,,,,,360224.0,,,,,13887.0,5939218.0,141409942706.0,7353181.0,175075744630.0,2216707.0,52778748771.0,,,,,1171964.0,27903909744.0,,,,,,,,,521.0,12403569.0,3589.0,85457084.0,19.0,443622.0,489523.0,11655313796.0,175000.0,,,,960621.0,960621.0,960621.0,68000.0,,,,,
2019,Asia Pacific,Vietnam Red Cross Society,Viet Nam,VNM,,95776716.0,334365270496.667,5.7,3340.0,74.093,21.1,95.75,36.628,134.0,,,5.0,17127.0,,,,,360224.0,360224.0,,,,13887.0,13887.0,4811218.0,114552812347.0,2566003.0,61095319893.0,,,2107490.0,50178326037.0,,,,,,,,,,,,,795608.0,18943048208.0,288621.0,6871922996.0,132844.0,3162951924.0,425760.0,10137153011.0,152352.0,,152352.0,,82357.0,82357.0,82357.0,296633.0,,,,,
2020,Asia Pacific,Vietnam Red Cross Society,Viet Nam,VNM,,96648685.0,346615738537.796,4.8,3450.0,75.378,20.9,,37.34,124.0,,,5.0,17127.0,,,,,384940.0,384940.0,,,,16806.0,16806.0,5918624.0,147965596317.0,2976457.0,74411416496.0,,,324674.0,8116862000.0,304191.0,7604774250.0,604181.0,15104531951.0,,,273904.0,6847611299.0,,,,,602210.0,15055249801.0,1253202.0,31330051798.0,179310.0,4482738536.0,1762620.0,44065501682.0,62961.0,,62961.0,,27363.0,8978.0,8978.0,127406.0,,,,,
2021,Asia Pacific,Vietnam Red Cross Society,Viet Nam,VNM,,97468029.0,366137569122.215,,3590.0,73.618,20.6,,38.052,,0.0,1.0,5.0,15843.0,,,,,,421220.0,,,,,16008.0,6091687.0,152292164733.0,5980000.0,149500000000.0,117890.0,2947242794.0,1057293.0,26432313664.0,449650.0,11241255120.0,4435.0,110863659.0,0.0,0.0,23474.0,586850000.0,0.0,0.0,0.0,0.0,763090.0,19077247315.0,1583531.0,39588282026.0,89296.0,2232390875.0,249040.0,6225991599.0,26811.0,,,,110000.0,8298.0,8298.0,256570.0,,,,,
2022,Asia Pacific,Vietnam Red Cross Society,Viet Nam,VNM,,98186856.0,408802378904.838,,4010.0,,,,38.766,,,,,,,,,,,,,,,,,,,,,,,,,,,,,,,,,,,,,,,,,,,,,59466.0,,,,613831.0,10852.0,10852.0,17417.0,,,,,
2023,Asia Pacific,Vietnam Red Cross Society,Viet Nam,VNM,,,,,,,,,,,0.0,1.0,4.0,14191.0,63.0,,,,,308712.0,,,,,17024.0,4498493.0,128528357816.0,,,44885.0,1282428954.0,101610.0,2903142231.0,,,,,,,368590.0,10531151845.0,,,,,,,350496.0,10014185418.0,453700.0,12962859478.0,,,135680.0,,,,394505.0,8880.0,8880.0,16201.0,,,,,
2024,Asia Pacific,Vietnam Red Cross Society,Viet Nam,VNM,,,,,,,,,,,,,,,,,,,,,,,,,,,,,,,,,,,,,,,,,,,,,,,,,,,,,,,,,,,,,,,,,,
2010,Asia Pacific,Vanuatu Red Cross Society,Vanuatu,VUT,DVU001,245453.0,670712979.682,,2510.0,69.617,28.6,,24.462,93.0,,,,,,,,,,60.0,,,,,,0.0,,0.0,,,,,,,,,,,,,,,,,,0.0,,,,,,,,,,,,,,,,,,,,
2012,Asia Pacific,Vanuatu Red Cross Society,Vanuatu,VUT,DVU001,257313.0,747839697.7466,,2750.0,69.497,28.6,,24.661,87.0,,,,32.0,,,,,,600.0,,,,,46.0,1060353.0,104655783.0,157425.0,15537722.0,,,,,,,,,,,,,,,,,0.0,,,,,,,,,,,,20584.0,,,,,,,,
2013,Asia Pacific,Vanuatu Red Cross Society,Vanuatu,VUT,DVU001,263534.0,758304466.2453,,2930.0,69.534,28.3,,24.761,87.0,,,,10.0,,414.0,206.0,,,620.0,30.0,11.0,,,41.0,100002.0,10689276.0,103402.0,11052695.0,,,,,,,,,,,,,,,,,0.0,,,,,,,,,,,,30000.0,,,,,,,,
2014,Asia Pacific,Vanuatu Red Cross Society,Vanuatu,VUT,DVU001,269927.0,772315983.8184,,2930.0,69.465,27.8,84.7,24.861,92.0,,,,30.0,,,,,,568.0,31.0,17.0,,,48.0,901740.0,91275911.0,1026749.0,103929632.0,,,,,,,,,,,,,,,,,577342.0,58439731.0,,,,,,,,,,,,,,,,,,,
2015,Asia Pacific,Vanuatu Red Cross Society,Vanuatu,VUT,DVU001,276438.0,730870802.9671,,2770.0,69.513,27.3,,24.961,92.0,,,,30.0,,,,,,991.0,21.0,18.0,,,39.0,1051716.0,115378505.0,998480.0,109538269.0,,,,,,,,,,,,,,,,,0.0,,,,,,,,,,,,,,,,,,,,
2016,Asia Pacific,Vanuatu Red Cross Society,Vanuatu,VUT,,283218.0,780889605.9,,2780.0,69.65,26.7,,25.062,94.0,,,,30.0,,800.0,729.0,,,1529.0,31.0,20.0,,,51.0,1340542.0,137238097.0,1178253.0,120623796.0,32753.0,3353070.0,9768.0,1000000.0,,,109.0,11188.0,,,,,,,110089.0,11270330.0,761098.0,77917474.0,375143.0,38405321.0,28027.0,2869259.0,15217.0,1557814.0,375.0,213.0,,162.0,23105.0,4918.0,4918.0,28568.0,,,,,
2017,Asia Pacific,Vanuatu Red Cross Society,Vanuatu,VUT,,290239.0,880061833.6903,,2860.0,69.71,26.0,,25.163,94.0,1.0,1.0,8.0,7.0,,190.0,172.0,,,362.0,56.0,32.0,,,88.0,,,,,,,,,,,,,,,,,,,,,,,,,,,,,821.0,406.0,,415.0,19814.0,9040.0,9040.0,43471.0,,,,,
2018,Asia Pacific,Vanuatu Red Cross Society,Vanuatu,VUT,,297298.0,914736985.4309,,3120.0,69.795,25.3,,25.274,97.0,1.0,1.0,10.0,7.0,,204.0,191.0,,,395.0,27.0,22.0,,,49.0,1471017.0,166990208.0,1219349.0,138420775.0,,,,,,,197591.0,22430569.0,,,,,,,,,471062.0,53475110.0,330042.0,37466496.0,,,300831.0,34150456.0,1473.0,676.0,,797.0,8922.0,392.0,129468.0,1058.0,,,,,
2019,Asia Pacific,Vanuatu Red Cross Society,Vanuatu,VUT,,304404.0,936526267.6225,15.9,3590.0,69.877,24.7,,25.394,93.0,,,9.0,9.0,,120.0,124.0,,66.0,310.0,20.0,21.0,,,41.0,789512.0,90769415.0,945905.0,108749761.0,,,,,,,,,,,,,,,,,,,,,,,,,0.0,0.0,0.0,0.0,569.0,4840.0,4840.0,1116.0,,,,,
2020,Asia Pacific,Vanuatu Red Cross Society,Vanuatu,VUT,,311685.0,909421043.5084,,3250.0,70.299,24.0,,25.525,94.0,,,10.0,7.0,,661.0,488.0,,,1149.0,13.0,24.0,,,37.0,,,,,,,,,,,,,,,,,,,,,,,,,,,,,335.0,150.0,1.0,184.0,78731.0,1068.0,1068.0,4821.0,,,,,
2021,Asia Pacific,Vanuatu Red Cross Society,Vanuatu,VUT,,319137.0,971636097.8507,,3420.0,70.449,23.2,89.1,25.665,,0.0,1.0,10.0,6.0,,313.0,302.0,,,615.0,,,,,35.0,1106735.0,135762448.0,1055493.0,129476615.0,,,,,0.0,,,,,,,,,,,,,,,,,,,,75.0,24.0,31.0,20.0,565.0,765.0,765.0,491.0,,,,,
2022,Asia Pacific,Vanuatu Red Cross Society,Vanuatu,VUT,,326740.0,1055811723.7475,,3650.0,,,,25.816,,1.0,1.0,9.0,9.0,,192.0,211.0,0.0,0.0,403.0,11.0,19.0,,,30.0,1207596.0,146855863.0,1217354.0,148042511.0,,,,,,,,,,,,,,,,,,,,,,,,,80.0,45.0,,35.0,697.0,364.0,1519.0,1842.0,,,,,
2023,Asia Pacific,Vanuatu Red Cross Society,Vanuatu,VUT,,,,,,,,,,,1.0,1.0,11.0,9.0,6.0,224.0,193.0,,5.0,422.0,22.0,20.0,,,42.0,,,,,,,,,,,,,,,,,,,,,,,,,,,,,195.0,89.0,13.0,93.0,15890.0,287.0,1722.0,13722.0,,,,,
2024,Asia Pacific,Vanuatu Red Cross Society,Vanuatu,VUT,,,,,,,,,,,,,,,,,,,,,,,,,,,,,,,,,,,,,,,,,,,,,,,,,,,,,,,,,,,,,,,,,,
2012,Asia Pacific,Samoa Red Cross Society,Samoa,WSM,DWS001,198124.0,773141661.1655,,3560.0,72.167,19.1,,19.624,63.0,,,,1.0,,,,,,385.0,,,,,30.0,1033164.0,2565244.0,890272.0,2210456.0,,,,,,,,,,,,,,,,,0.0,,,,,,,,,,,,16088.0,,,,,,,,
2013,Asia Pacific,Samoa Red Cross Society,Samoa,WSM,DWS001,199939.0,797736334.2813,18.8,3720.0,72.391,19.0,,19.385,58.0,,,,1.0,,1200.0,800.0,,,2000.0,,,,,15.0,0.0,,225551.0,573733.0,,,,,,,,,,,,,,,,,0.0,,,,,,,,,,,,,,,,,,,,
2014,Asia Pacific,Samoa Red Cross Society,Samoa,WSM,DWS001,201757.0,796683519.5938,,3790.0,72.463,18.8,,19.149,60.0,,,,5.0,,,,,,800.0,,,,,33.0,101989.0,234369.0,82595.0,189803.0,,,,,,,,,,,,,,,,,0.0,,,,,,,,,,,,,,,,,,,,
2015,Asia Pacific,Samoa Red Cross Society,Samoa,WSM,DWS001,203571.0,824150498.6535,,3930.0,72.515,18.6,,18.914,58.0,,,,5.0,,,,,,950.0,,,,,28.0,0.0,,0.0,,,,,,,,,,,,,,,,,,0.0,,,,,,,,,,,,,,,,,,,,
2016,Asia Pacific,Samoa Red Cross Society,Samoa,WSM,,205544.0,843924796.6974,,4080.0,72.54,18.4,,18.681,57.0,,,,5.0,,2405.0,1157.0,,,3562.0,,,,,0.0,13077.0,33265.0,72527.0,184489.0,,,,,,,,,,,,,,,,,,,,,,,,,,,,,0.0,,,,,,,,
2017,Asia Pacific,Samoa Red Cross Society,Samoa,WSM,,207630.0,884844384.4632,,4050.0,72.59,18.2,,18.452,59.0,1.0,1.0,8.0,1.0,,2504.0,1057.0,,0.0,3561.0,2.0,1.0,,0.0,3.0,84631.0,220634.0,85626.0,223228.0,,,,,,,,,,,,,,,,,,,,,,,,,16550.0,4138.0,0.0,12412.0,0.0,34481.0,34481.0,46625.0,,,,,
2018,Asia Pacific,Samoa Red Cross Society,Samoa,WSM,,209701.0,878448433.4043,21.9,4060.0,72.636,17.9,,18.243,58.0,1.0,1.0,8.0,2.0,,3201.0,832.0,,,4033.0,10.0,2.0,,,12.0,308605.0,308605.0,287610.0,287610.0,,,,,,,63447.0,63447.0,,,,,3400.0,3400.0,68495.0,68495.0,94118.0,94118.0,15777.0,15777.0,7795.0,7795.0,,,3899.0,1909.0,,1990.0,6980.0,20976.0,20976.0,14905.0,,,,,
2019,Asia Pacific,Samoa Red Cross Society,Samoa,WSM,,211905.0,912950466.0649,,4230.0,72.157,17.5,,18.056,66.0,,,7.0,2.0,,3183.0,1451.0,,27.0,4661.0,2.0,3.0,,,5.0,357944.0,986514.0,251352.0,692740.0,305.0,840.0,,,,,86836.0,239324.0,,,,,31105.0,85728.0,25220.0,69507.0,58512.0,161263.0,17419.0,48008.0,15337.0,42271.0,57105.0,157385.0,5270.0,2618.0,,2652.0,19265.0,157066.0,157066.0,157066.0,,,,,
2020,Asia Pacific,Samoa Red Cross Society,Samoa,WSM,,214929.0,868898358.2664,,4020.0,72.768,17.1,,17.889,59.0,,,8.0,2.0,,3330.0,1976.0,,26.0,5332.0,6.0,5.0,,,11.0,375103.0,1033807.0,411312.0,1133599.0,,,,,,,,,,,,,,,,,,,,,,,,,6502.0,3058.0,26.0,3418.0,72606.0,131398.0,131398.0,131398.0,,,,,
2021,Asia Pacific,Samoa Red Cross Society,Samoa,WSM,,218764.0,843923638.733,,3820.0,72.767,16.7,99.1,17.742,,1.0,1.0,8.0,6.0,,842.0,666.0,,,1508.0,4.0,4.0,,,8.0,315071.0,861530.0,303877.0,830922.0,,,,,,,,,,,6583.0,18000.0,8622.0,23575.0,52612.0,143862.0,60955.0,166675.0,118796.0,324836.0,8099.0,22147.0,,,3004.0,1220.0,,1784.0,17200.0,99164.0,99164.0,19513.0,,,,,
2022,Asia Pacific,Samoa Red Cross Society,Samoa,WSM,,222382.0,832945205.6372,,3660.0,,,,17.616,,1.0,1.0,9.0,7.0,,3639.0,2039.0,,20.0,5698.0,4.0,4.0,,,8.0,394745.0,1105129.0,404111.0,1131348.0,,,,,,,107620.0,301294.0,,,,,98987.0,277124.0,2143.0,6000.0,,,116897.0,327265.0,11439.0,32024.0,,,18672.0,8868.0,284.0,9520.0,131811.0,165870.0,165870.0,61015.0,,,,,
2023,Asia Pacific,Samoa Red Cross Society,Samoa,WSM,,,,,,,,,,,1.0,1.0,8.0,7.0,1.0,2513.0,2667.0,,,5180.0,7.0,8.0,,,15.0,201309.0,631775.0,254679.0,799270.0,,,,,,,41793.0,131159.0,,,,,96528.0,302939.0,,,,,18208.0,57142.0,,,11068.0,34735.0,3830.0,1777.0,,2053.0,5884.0,26700.0,160200.0,108512.0,,,,,
2024,Asia Pacific,Samoa Red Cross Society,Samoa,WSM,,,,,,,,,,,,,,,,,,,,,,,,,,,,,,,,,,,,,,,,,,,,,,,,,,,,,,,,,,,,,,,,,,
2011,Middle East and North Africa,Yemen Red Crescent Society,Yemen,YEM,DYE001,25475610.0,32726417878.2943,,1130.0,67.419,58.7,,32.364,155.0,,,,18.0,,,,,,470.0,,,,,240.0,707480.0,750000.0,636732.0,675000.0,,,,,,,,,,,,,,,,,0.0,,,,,,,,,,,,,,,,,,,,
2012,Middle East and North Africa,Yemen Red Crescent Society,Yemen,YEM,DYE001,26223391.0,35401331609.4492,,1330.0,67.343,58.9,,32.958,158.0,,,,37.0,,,,,,12000.0,,,,,280.0,992692.0,232503453.0,992692.0,232503453.0,,,,,,,,,,,,,,,,,0.0,,,,,,,,,,,,135000.0,,,,,,,,
2013,Middle East and North Africa,Yemen Red Crescent Society,Yemen,YEM,DYE001,26984002.0,40415233436.0816,,1510.0,67.545,58.5,,33.559,151.0,,,,36.0,,,,,,1500.0,,,,,220.0,955376.0,230000000.0,955376.0,230000000.0,,,,,,,,,,,,,,,,,0.0,,,,,,,,,,,,,,,,,,,,
2014,Middle East and North Africa,Yemen Red Crescent Society,Yemen,YEM,DYE001,27753304.0,43228585321.3875,48.6,1520.0,67.384,58.8,,34.165,156.0,,,,37.0,,,,,,5000.0,,,,,350.0,444344.0,450000.0,444344.0,450000.0,,,,,,,,,,,,,,,,,0.0,,,,,,,,,,,,,,,,,,,,
2015,Middle East and North Africa,Yemen Red Crescent Society,Yemen,YEM,DYE001,28516545.0,42444489460.8016,,1190.0,65.873,60.8,,34.777,164.0,,,,39.0,,5200.0,2600.0,,,7800.0,215.0,100.0,,,315.0,600872.0,130426570.0,514641.0,111709020.0,,,,,,,,,,,,,,,,,0.0,,,,,,,,,,,,15000.0,,,,,,,,
2016,Middle East and North Africa,Yemen Red Crescent Society,Yemen,YEM,,29274002.0,31317824906.4394,,1140.0,66.064,60.5,,35.394,172.0,,,,37.0,,,,,,15000.0,,,,,650.0,1436050.0,350000000.0,1436050.0,350000000.0,,,,,,,,,,,,,,,,,,,,,,,,,,,,,,120000.0,120000.0,,,,,,
2017,Middle East and North Africa,Yemen Red Crescent Society,Yemen,YEM,,30034389.0,26842228804.5628,,1130.0,65.957,60.3,,36.016,179.0,1.0,1.0,7.0,38.0,,5203.0,2956.0,,0.0,8159.0,127.0,65.0,,0.0,192.0,2675834.0,684706819.0,3946075.0,1009742881.0,0.0,0.0,0.0,0.0,0.0,0.0,137845.0,35272500.0,0.0,0.0,591854.0,151446680.0,0.0,0.0,21927.0,5610900.0,,,1807043.0,462395939.0,110900.0,28377668.0,6265.0,1603131.0,6563.0,3211.0,0.0,3352.0,5361.0,53863.0,53863.0,1375476.0,,,,,
2018,Middle East and North Africa,Yemen Red Crescent Society,Yemen,YEM,,30790513.0,21606160777.1719,,1000.0,64.575,61.7,,36.642,176.0,1.0,1.0,4.0,31.0,,,,,,3162.0,,,,,429.0,1758694.0,901894521.0,1078777.0,553218759.0,,,,,,,237644.0,121868550.0,,,318522.0,163344668.0,,,25629.0,13143227.0,,,1149032.0,589247055.0,86165.0,44187270.0,,,5723.0,,,,591746.0,205501.0,205501.0,395432.0,,,,,
2019,Middle East and North Africa,Yemen Red Crescent Society,Yemen,YEM,,31546691.0,,,,65.092,61.6,,37.273,181.0,,,6.0,31.0,,,,,3604.0,3604.0,,,,463.0,463.0,1622992.0,931148602.0,1496938.0,858828406.0,,,,,,,,,224371.0,128727000.0,,,,,,,624211.0,358124415.0,692375.0,397231562.0,81849.0,46958566.0,187.0,107059.0,6419.0,,6419.0,,682243.0,70412.0,70412.0,433658.0,,,,,
2020,Middle East and North Africa,Yemen Red Crescent Society,Yemen,YEM,,32284046.0,,,,64.65,59.7,,37.908,183.0,,,6.0,31.0,,3096.0,1418.0,,,4514.0,,,,476.0,476.0,4452352.0,2823304806.0,3709803.0,2352443459.0,,,,,,,,,565276.0,358450281.0,,,,,25931.0,16443000.0,1403539.0,890006024.0,1921482.0,1218441383.0,536123.0,339964118.0,,,2495.0,958.0,,1537.0,3680876.0,695503.0,695503.0,415482.0,,,,,
2021,Middle East and North Africa,Yemen Red Crescent Society,Yemen,YEM,,32981641.0,,,,63.753,61.9,,38.546,,1.0,1.0,6.0,32.0,,3622.0,1733.0,,,5355.0,,,,,454.0,6513051.0,4130026276.0,5273168.0,3343796894.0,,,,,,,180405.0,114397560.0,,,,,1159.0,734800.0,,,2636784.0,1672025281.0,2662917.0,1688596668.0,928386.0,588703673.0,35312.0,22392000.0,3404.0,,,,2438371.0,897252.0,897252.0,419470.0,,,,,
2022,Middle East and North Africa,Yemen Red Crescent Society,Yemen,YEM,,33696614.0,,,,,,,39.188,,1.0,1.0,6.0,32.0,,3430.0,1972.0,,,5402.0,,,,,450.0,3827509.0,4150740.0,3758236.0,4075617.0,,,,,,,,,,,,,,,,,1889740.0,2049327.0,752923.0,816507.0,976406.0,1058863.0,208440.0,226043.0,597.0,,,,1812309.0,226189.0,226189.0,1202413.0,,,,,
2023,Middle East and North Africa,Yemen Red Crescent Society,Yemen,YEM,,,,,,,,,,,1.0,1.0,6.0,32.0,22.0,4310.0,2424.0,,,6734.0,,,,,744.0,3569510.0,3569510.0,3333259.0,3333259.0,,,,,,,,,,,,,,,,,1379727.0,1379727.0,730879.0,730879.0,1315036.0,1315036.0,143868.0,143868.0,1208.0,,,,1023511.0,96205.0,96205.0,377530.0,,,,,
2024,Middle East and North Africa,Yemen Red Crescent Society,Yemen,YEM,,,,,,,,,,,1.0,0.0,6.0,32.0,22.0,4325.0,2429.0,,,6754.0,433.0,285.0,,,718.0,4568027.0,5386196.0,3108400.0,3665138.0,,,,,,,,,,,,,,,,,2599155.0,3064683.0,735705.0,867475.0,1233168.0,1454038.0,,,3954.0,,,,3732457.0,716950.0,716950.0,442850.0,,,,,
2010,Africa,The South African Red Cross Society,South Africa,ZAF,DZA001,51784921.0,417363822801.713,53.2,6810.0,58.899,51.6,92.88,62.218,219.0,,,,,,,,,,21000.0,,,,,,0.0,,0.0,,,,,,,,,,,,,,,,,,0.0,,,,,,,,,,,,,,,,,,,,
2012,Africa,The South African Red Cross Society,South Africa,ZAF,DZA001,53145033.0,434400545085.811,,8320.0,61.846,41.5,93.73,63.272,164.0,,,,34.0,,,,,,,,,,,,0.0,,0.0,,,,,,,,,,,,,,,,,,0.0,,,,,,,,,,,,,,,,,,,,
2013,Africa,The South African Red Cross Society,South Africa,ZAF,DZA001,53873616.0,400886013595.573,,8050.0,62.533,39.6,,63.793,151.0,,,,35.0,,,,,,2179.0,,,,,800.0,7586771.0,89410859.0,7454171.0,87848152.0,,,,,,,,,,,,,,,,,0.0,,,,,,,,,,,,744.0,,,,,,,,
2014,Africa,The South African Red Cross Society,South Africa,ZAF,DZA001,54729551.0,381198869776.106,55.5,7340.0,63.38,38.3,94.14,64.312,141.0,,,,32.0,,,,,,1994.0,,,,,445.0,9235336.0,108500425.0,8022499.0,94251525.0,,,,,,,,,,,,,,,,,0.0,,,,,,,,,,,,744.0,,,,,,,,
2015,Africa,The South African Red Cross Society,South Africa,ZAF,DZA001,55876504.0,346709790458.563,,6550.0,63.95,37.3,94.37,64.828,141.0,,,,32.0,,320.0,1380.0,,,1700.0,230.0,754.0,,,984.0,6949303.0,107347962.0,6589585.0,101791290.0,,,,,,,,,,,,,,,,,0.0,,,,,,,,,,,,4000.0,,,,,,,,
2016,Africa,The South African Red Cross Society,South Africa,ZAF,,56422274.0,323585509674.481,,5960.0,64.747,36.6,,65.341,127.0,,,,40.0,,326.0,1077.0,,,1403.0,,,,,400.0,,,,,,,,,,,,,,,,,,,,,,,,,,,,,2473.0,,,,51539.0,501900.0,701900.0,1021102.0,,,,,
2017,Africa,The South African Red Cross Society,South Africa,ZAF,,56641209.0,381448814654.62,,5950.0,65.402,35.8,87.05,65.85,133.0,1.0,1.0,7.0,35.0,,,,,,3500.0,,,,,400.0,,,,,,,,,,,,,,,,,,,,,,,,,,,,,2000.0,,,,,,,,,,,,
2018,Africa,The South African Red Cross Society,South Africa,ZAF,,57339635.0,405260723892.868,,6390.0,65.674,35.1,,66.355,125.0,1.0,1.0,7.0,34.0,,381.0,5728.0,,,6109.0,88.0,362.0,,,450.0,285514.0,3525000.0,259190.0,3200000.0,810.0,10000.0,8100.0,100000.0,0.0,0.0,0.0,0.0,0.0,0.0,405.0,5000.0,810.0,10000.0,8100.0,100000.0,80997.0,1000000.0,8100.0,100000.0,16199.0,200000.0,,,17050.0,2700.0,,14350.0,25674.0,3268.0,3268.0,55.0,,,,,
2019,Africa,The South African Red Cross Society,South Africa,ZAF,,58087055.0,389330032221.07,,6740.0,66.175,34.3,95.02,66.856,118.0,,,9.0,37.0,,825.0,2259.0,,0.0,3084.0,30.0,150.0,,0.0,180.0,,,,,,,,,,,,,,,,,,,,,,,,,,,,,2302.0,1558.0,0.0,744.0,7272.0,4046.0,4046.0,18920.0,,,,,
2020,Africa,The South African Red Cross Society,South Africa,ZAF,,58801927.0,338291396025.956,,6110.0,65.252,33.7,,67.354,127.0,,,5.0,37.0,,1173.0,3540.0,,,4713.0,54.0,214.0,,,268.0,,,,,,,,,,,,,,,,,,,,,,,,,,,,,2660.0,1682.0,6.0,972.0,51542.0,63548.0,63548.0,140776.0,,,,,
2021,Africa,The South African Red Cross Society,South Africa,ZAF,,59392255.0,420117812463.841,,6540.0,62.341,32.8,90.0,67.847,,1.0,1.0,5.0,42.0,,1263.0,3835.0,,,5098.0,71.0,200.0,,,271.0,215600.0,3525000.0,195722.0,3200000.0,,,,,,,,,,,,,,,,,,,,,,,,,4309.0,2752.0,,1557.0,39027.0,66814.0,66814.0,114271.0,,,,,
2022,Africa,The South African Red Cross Society,South Africa,ZAF,,59893885.0,405270850099.387,,6780.0,,,,68.335,,1.0,1.0,5.0,43.0,,1062.0,3158.0,,,4220.0,56.0,212.0,,,268.0,3581041.0,70567943.0,3542307.0,69804654.0,106374.0,2096208.0,248206.0,4891152.0,0.0,0.0,165004.0,3251573.0,0.0,0.0,1032989.0,20356071.0,0.0,0.0,621213.0,12241620.0,158583.0,3125029.0,382478.0,7537112.0,93883.0,1850062.0,175086.0,3450251.0,13130.0,10975.0,,2155.0,100652.0,123029.0,255044.0,390719.0,,,,,
2023,Africa,The South African Red Cross Society,South Africa,ZAF,,,,,,,,,,,,,,,,,,,,,,,,,,,,,,,,,,,,,,,,,,,,,,,,,,,,,,,,,,,,,,,,,,
2024,Africa,The South African Red Cross Society,South Africa,ZAF,,,,,,,,,,,,,,,,,,,,,,,,,,,,,,,,,,,,,,,,,,,,,,,,,,,,,,,,,,,,,,,,,,
2010,Africa,Zambia Red Cross Society,Zambia,ZMB,DZM001,13792086.0,20265559483.8548,54.7,1330.0,56.799,78.7,83.01,39.355,268.0,,,,,,,,,,19000.0,,,,,,0.0,,0.0,,,,,,,,,,,,,,,,,,0.0,,,,,,,,,,,,,,,,,,,,
2012,Africa,Zambia Red Cross Society,Zambia,ZMB,DZM001,14744658.0,25503060420.026,,1660.0,58.867,74.5,,40.354,221.0,,,,72.0,,1500.0,2000.0,,,3500.0,17.0,6.0,,,23.0,1087000.0,1087000.0,1100000.0,1100000.0,,,,,,,,,,,,,,,,,17000.0,17000.0,,,,,,,,,,,1800.0,,,,,,,,
2013,Africa,Zambia Red Cross Society,Zambia,ZMB,DZM001,15234976.0,28037239462.7142,,1720.0,59.878,72.0,,40.865,191.0,,,,72.0,,20.0,40.0,,,60.0,12.0,9.0,,,21.0,641788.0,3975938.0,637826.0,3951396.0,,,,,,,,,,,,,,,,,13207.0,81818.0,,,,,,,,,,,1800.0,,,,,,,,
2014,Africa,Zambia Red Cross Society,Zambia,ZMB,DZM001,15737793.0,27141023558.0829,,1760.0,60.699,69.5,,41.382,169.0,,,,67.0,,8580.0,5720.0,,,14300.0,26.0,14.0,,,40.0,1038832.0,6642850.0,1026752.0,6565609.0,,,,,,,,,,,,,,,,,793887.0,5076542.0,,,,,,,,,,,1300.0,,,,,,,,
2015,Africa,Zambia Red Cross Society,Zambia,ZMB,DZM001,16248230.0,21251216798.7762,54.4,1540.0,61.208,68.2,,41.907,166.0,,,,67.0,,3284.0,4238.0,,,7522.0,26.0,14.0,,,40.0,599776.0,6619007.0,700524.0,7730838.0,,,,,,,,,,,,,,,,,0.0,,,,,,,,,,,,450.0,,,,,,,,
2016,Africa,Zambia Red Cross Society,Zambia,ZMB,,16767761.0,20958412538.3093,,1340.0,61.794,65.3,,42.438,155.0,,,,52.0,,4090.0,6100.0,,,10190.0,26.0,13.0,,,39.0,1061940.0,1061940.0,1099640.0,1099640.0,0.0,0.0,0.0,0.0,0.0,0.0,26752.0,26752.0,0.0,0.0,0.0,0.0,0.0,0.0,228348.0,228348.0,626648.0,626648.0,67394.0,67394.0,112136.0,112136.0,665.0,665.0,3885.0,1550.0,,2335.0,882.0,323.0,323.0,20233.0,,,,,
2017,Africa,Zambia Red Cross Society,Zambia,ZMB,,17298054.0,25873601260.8353,,1270.0,62.12,64.2,,42.976,156.0,1.0,1.0,6.0,50.0,,3065.0,3095.0,,0.0,6160.0,23.0,17.0,,0.0,40.0,2071107.0,21109405.0,2060028.0,20996485.0,0.0,0.0,0.0,0.0,0.0,0.0,478137.0,4873329.0,0.0,0.0,0.0,0.0,0.0,0.0,237730.0,2423026.0,810347.0,8259326.0,334761.0,3411995.0,75572.0,770252.0,134560.0,1371477.0,2757.0,1072.0,0.0,1685.0,123685.0,10962.0,10962.0,315257.0,,,,,
2018,Africa,Zambia Red Cross Society,Zambia,ZMB,,17835893.0,26311507273.6735,,1400.0,62.342,64.2,,43.521,145.0,1.0,1.0,7.0,45.0,,3254.0,3254.0,,,6508.0,24.0,20.0,,,44.0,,18954220.0,,19366879.0,,154.0,,,,,,1679414.0,,,,332027.0,,,,3886807.0,,7745710.0,,4389755.0,,553686.0,,,3213.0,1374.0,,1839.0,0.0,14073.0,14073.0,162816.0,,,,,
2019,Africa,Zambia Red Cross Society,Zambia,ZMB,,18380477.0,23308667781.2258,,1390.0,62.793,62.6,,44.072,129.0,,,10.0,45.0,,,,,5000.0,5000.0,36.0,25.0,,,61.0,789681.0,809570.0,1171450.0,1200954.0,102.0,105.0,179.0,184.0,,,6968.0,7143.0,20239.0,20749.0,3312.0,3395.0,,,79474.0,81476.0,540331.0,553940.0,31147.0,31931.0,44826.0,45955.0,48761.0,49989.0,2258.0,976.0,,1282.0,,,,97999.0,,,,,
2020,Africa,Zambia Red Cross Society,Zambia,ZMB,,18927715.0,18110638269.2238,,1130.0,62.38,59.7,87.5,44.629,135.0,,,,,,,,,,,,,,,,,,,,,,,,,,,,,,,,,,,,,,,,,,,,,,,,,,,,,,,,
2021,Africa,Zambia Red Cross Society,Zambia,ZMB,,19473125.0,22096416933.7902,,1140.0,61.223,57.7,,45.192,,1.0,1.0,10.0,59.0,,2606.0,2556.0,,,5162.0,36.0,30.0,,,66.0,2930602.0,53132960.0,2896418.0,52513206.0,,,9928.0,180000.0,,,85407.0,1548455.0,,,,,,,28120.0,509822.0,1633380.0,29613814.0,1087774.0,19721766.0,63931.0,1159103.0,,,1720.0,314.0,,1406.0,1293.0,279.0,279.0,238278.0,,,,,
2022,Africa,Zambia Red Cross Society,Zambia,ZMB,,20017675.0,29163782138.3415,,1240.0,,,,45.761,,1.0,1.0,10.0,2.0,,3345.0,3611.0,,,6956.0,51.0,37.0,,,88.0,,,,,,,,,,,,,,,,,,,,,,,,,,,,,2352.0,434.0,,1918.0,2000.0,1044.0,1044.0,179700.0,,,,,
2023,Africa,Zambia Red Cross Society,Zambia,ZMB,,,,,,,,,,,1.0,1.0,10.0,61.0,60.0,3271.0,4079.0,,,7350.0,53.0,39.0,0.0,,92.0,3107334.0,95124405.0,2757021.0,84400320.0,819.0,25083.0,0.0,0.0,0.0,0.0,26861.0,822285.0,245031.0,7501110.0,0.0,0.0,145214.0,4445426.0,194272.0,5947232.0,220306.0,6744211.0,1416138.0,43352039.0,50923.0,1558897.0,807769.0,24728122.0,3786.0,,,,59727.0,59727.0,59727.0,670826.0,,,,,
2024,Africa,Zambia Red Cross Society,Zambia,ZMB,,,,,,,,,,,1.0,1.0,9.0,61.0,60.0,4410.0,3671.0,0.0,0.0,8081.0,69.0,45.0,,,114.0,5457915.0,167092205.0,5442469.0,166619318.0,0.0,0.0,0.0,0.0,0.0,0.0,300009.0,9184684.0,0.0,0.0,0.0,0.0,0.0,0.0,155695.0,4766563.0,2452376.0,75078636.0,2310809.0,70744640.0,36948.0,1131147.0,0.0,0.0,2211.0,,,,14395.0,385396.0,385396.0,4938714.0,,,,,
2009,Africa,Zimbabwe Red Cross Society,Zimbabwe,ZWE,DZW001,12526964.0,9665793300.0,,420.0,48.449,92.1,,33.378,632.0,,,,563.0,,,,,,7219.0,,,,,148.0,8217073.0,7945910.0,7443416.0,7197783.0,,,,,,,,,,,,,,,,,7697374.0,7443361.0,,,,,,,,,,,102106.0,,,,,,,,
2011,Africa,Zimbabwe Red Cross Society,Zimbabwe,ZWE,DZW001,13025785.0,14101920300.0,22.5,950.0,53.347,80.6,83.58,33.015,562.0,,,,228.0,,,,,,1477.0,,,,,104.0,4417315.0,4682796.0,3662188.0,3882285.0,,,,,,,,,,,,,,,,,0.0,,,,,,,,,,,,,,,,,,,,
2012,Africa,Zimbabwe Red Cross Society,Zimbabwe,ZWE,DZW001,13265331.0,17114849900.0,,1120.0,55.626,72.1,,32.834,528.0,,,,231.0,,866.0,1298.0,,,2164.0,62.0,42.0,,,104.0,2753078.0,3012418.0,2723679.0,2980250.0,,,,,,,,,,,,,,,,,1601554.0,1752420.0,,,,,,,,,,,29089.0,,,,,,,,
2013,Africa,Zimbabwe Red Cross Society,Zimbabwe,ZWE,DZW001,13555422.0,19091020000.0,,1200.0,57.458,66.2,,32.654,495.0,,,,61.0,,3832.0,7081.0,,,10913.0,85.0,43.0,,,128.0,2476589.0,2776256.0,2412045.0,2703903.0,,,,,,,,,,,,,,,,,0.0,,,,,,,,,,,,15900.0,,,,,,,,
2014,Africa,Zimbabwe Red Cross Society,Zimbabwe,ZWE,DZW001,13855753.0,19495519600.0,,1210.0,58.846,62.6,88.69,32.504,441.0,,,,236.0,,436.0,534.0,,,970.0,83.0,21.0,,,104.0,4319521.0,4374509.0,4049490.0,4101040.0,,,,,,,,,,,,,,,,,0.0,,,,,,,,,,,,25500.0,,,,,,,,
2015,Africa,Zimbabwe Red Cross Society,Zimbabwe,ZWE,DZW001,14154937.0,19963120600.0,,1220.0,59.591,60.5,,32.385,408.0,,,,236.0,,10676.0,12259.0,,,22935.0,45.0,27.0,,,72.0,4947017.0,4999653.0,4848194.0,4899779.0,,,,,,,,,,,,,,,,,0.0,,,,,,,,,,,,36330.0,,,,,,,,
2016,Africa,Zimbabwe Red Cross Society,Zimbabwe,ZWE,,14452704.0,20548678100.0,,1200.0,60.306,57.9,,32.296,400.0,,,,150.0,,8253.0,8967.0,,,17220.0,69.0,38.0,,,107.0,5684545.0,5543410.0,5631600.0,5491779.0,0.0,0.0,0.0,0.0,0.0,0.0,0.0,0.0,0.0,0.0,0.0,0.0,0.0,0.0,1956689.0,1908109.0,2877983.0,2806529.0,729009.0,710909.0,80397.0,78401.0,40466.0,39461.0,9324.0,6060.0,,3264.0,30380.0,81283.0,81283.0,69745.0,,,,,
2017,Africa,Zimbabwe Red Cross Society,Zimbabwe,ZWE,,14751101.0,17584890936.6523,30.4,1170.0,60.709,56.2,,32.237,366.0,1.0,1.0,5.0,150.0,,1361.0,1763.0,,0.0,3124.0,87.0,58.0,,0.0,145.0,5887596.0,6030278.0,5830184.0,5971475.0,0.0,0.0,0.0,0.0,34172.0,35000.0,14059.0,14400.0,0.0,0.0,0.0,0.0,1311664.0,1343451.0,1397941.0,1431819.0,1719830.0,1761509.0,797069.0,816386.0,112280.0,115001.0,500581.0,512712.0,12295.0,6415.0,0.0,5880.0,18376.0,67624.0,67624.0,58881.0,,,,,
2018,Africa,Zimbabwe Red Cross Society,Zimbabwe,ZWE,,15052184.0,34156069918.0609,,1550.0,61.414,53.7,,32.209,359.0,1.0,1.0,5.0,150.0,,827.0,1398.0,,0.0,2225.0,87.0,60.0,,0.0,147.0,6690012.0,6794443.0,6026200.0,6120269.0,0.0,0.0,0.0,0.0,7265.0,7378.0,27386.0,27813.0,0.0,0.0,0.0,0.0,480312.0,487810.0,4114614.0,4178843.0,1843324.0,1872098.0,166156.0,168750.0,44787.0,45486.0,6169.0,6265.0,17578.0,8715.0,0.0,8863.0,33032.0,40872.0,40872.0,35883.0,,,,,
2019,Africa,Zimbabwe Red Cross Society,Zimbabwe,ZWE,,15354608.0,21832234921.1762,38.3,1450.0,61.292,52.7,,32.21,393.0,,,5.0,150.0,,409.0,646.0,,,1055.0,116.0,58.0,,,174.0,,,,,,,,,,,,,,,,,,,,,,,,,,,,,6767.0,4108.0,,2659.0,65491.0,35314.0,35314.0,39668.0,,,,,
2020,Africa,Zimbabwe Red Cross Society,Zimbabwe,ZWE,,15669666.0,21509698406.6618,,1460.0,61.124,51.8,,32.242,357.0,,,16.0,157.0,,3000.0,3048.0,,,6048.0,92.0,58.0,,,150.0,3674074.0,3989548.0,3380148.0,3670384.0,737.0,800.0,116343.0,126333.0,22307.0,24222.0,172207.0,186993.0,,,10517.0,11420.0,,,2050920.0,2227022.0,1245541.0,1352489.0,,,44452.0,48269.0,,,7823.0,4656.0,,3167.0,67786.0,41925.0,41925.0,787165.0,,,,,
2021,Africa,Zimbabwe Red Cross Society,Zimbabwe,ZWE,,15993524.0,28371238665.8646,,1530.0,59.253,49.5,,32.303,,1.0,1.0,17.0,132.0,,381.0,559.0,,,940.0,78.0,69.0,,,147.0,3981677.0,4355592.0,3736596.0,4087495.0,,,,,,,334175.0,365557.0,,,,,,,2470881.0,2702918.0,1062238.0,1161992.0,19379.0,21199.0,95004.0,103926.0,,,27376.0,,,,66302.0,66302.0,66302.0,77623.0,,,,,
2022,Africa,Zimbabwe Red Cross Society,Zimbabwe,ZWE,,16320537.0,27366627153.0852,,1710.0,,,89.85,32.395,,1.0,1.0,17.0,132.0,,693.0,827.0,,,1520.0,78.0,69.0,,,147.0,10733644.0,11640093.0,9951470.0,10791865.0,,,,,,,,,,,,,,,10733644.0,11640093.0,,,,,,,,,37613.0,,,,68018.0,82647.0,82647.0,65041.0,,,,,
2023,Africa,Zimbabwe Red Cross Society,Zimbabwe,ZWE,,,,,,,,,,,0.0,1.0,10.0,243.0,8.0,,,,,1440.0,92.0,58.0,,,150.0,8612824.0,10241645.0,6528422.0,7763050.0,,,,,,,,,,,,,,,6180179.0,7348948.0,814562.0,968608.0,1446078.0,1719554.0,172006.0,204535.0,,,22156.0,,,,191000.0,44283.0,44283.0,173500.0,,,,,
2024,Africa,Zimbabwe Red Cross Society,Zimbabwe,ZWE,,,,,,,,,,,0.0,1.0,10.0,245.0,8.0,,,,,2625.0,89.0,79.0,,,168.0,7693411.0,9071360.0,7496749.0,8839474.0,0.0,0.0,0.0,0.0,0.0,0.0,0.0,0.0,0.0,0.0,0.0,0.0,0.0,0.0,4793005.0,5651469.0,1031187.0,1215880.0,1711804.0,2018401.0,118197.0,139367.0,39219.0,46244.0,18069.0,,,,1157116.0,4407.0,4407.0,1217116.0,,,,,
